ocid,tender_id,vendor_id,bid_value,submitted_at,status,disqualification_reason,is_winner
ocds-pgraph-T-0001,T-0001,V-0046,28170331.14,2024-07-21T09:56:00,valid,,1
ocds-pgraph-T-0001,T-0001,V-0217,29850514.98,2024-07-21T15:23:00,valid,,0
ocds-pgraph-T-0001,T-0001,V-0173,34593475.46,2024-07-21T10:14:00,valid,,0
ocds-pgraph-T-0001,T-0001,V-0168,34460582.6,2024-07-21T16:07:00,valid,,0
ocds-pgraph-T-0002,T-0002,V-0048,8369416.87,2023-11-16T14:42:00,valid,,1
ocds-pgraph-T-0003,T-0003,V-0046,8159243.96,2023-12-15T09:32:00,valid,,1
ocds-pgraph-T-0003,T-0003,V-0168,8367704.27,2023-12-15T18:46:00,valid,,0
ocds-pgraph-T-0003,T-0003,V-0173,8651665.16,2023-12-15T14:51:00,valid,,0
ocds-pgraph-T-0003,T-0003,V-0186,10491010.57,2023-12-15T18:17:00,valid,,0
ocds-pgraph-T-0004,T-0004,V-0048,10317577.4,2025-11-24T14:17:00,valid,,1
ocds-pgraph-T-0004,T-0004,V-0240,10943623.22,2025-11-24T10:53:00,valid,,0
ocds-pgraph-T-0004,T-0004,V-0163,11815381.06,2025-11-24T12:00:00,valid,,0
ocds-pgraph-T-0005,T-0005,V-0163,11869142.45,2024-02-17T15:21:00,valid,,0
ocds-pgraph-T-0005,T-0005,V-0168,11447023.37,2024-02-17T16:33:00,valid,,0
ocds-pgraph-T-0005,T-0005,V-0157,10243737.66,2024-02-17T12:10:00,valid,,1
ocds-pgraph-T-0005,T-0005,V-0240,11497973.44,2024-02-17T09:05:00,valid,,0
ocds-pgraph-T-0005,T-0005,V-0086,11123374.03,2024-02-17T16:29:00,valid,,0
ocds-pgraph-T-0006,T-0006,V-0046,10866656.65,2024-09-19T09:08:00,valid,,1
ocds-pgraph-T-0006,T-0006,V-0173,10978303.01,2024-09-19T17:34:00,valid,,0
ocds-pgraph-T-0006,T-0006,V-0217,12429300.87,2024-09-19T15:38:00,valid,,0
ocds-pgraph-T-0006,T-0006,V-0159,12287575.02,2024-09-19T13:52:00,valid,,0
ocds-pgraph-T-0007,T-0007,V-0046,22098604.21,2026-05-04T17:18:00,valid,,1
ocds-pgraph-T-0007,T-0007,V-0217,29003086.85,2026-05-04T10:29:00,valid,,0
ocds-pgraph-T-0007,T-0007,V-0168,29224821.1,2026-05-04T09:03:00,valid,,0
ocds-pgraph-T-0007,T-0007,V-0173,22610019.32,2026-05-04T10:32:00,valid,,0
ocds-pgraph-T-0007,T-0007,V-0064,26593583.7,2026-05-04T08:27:00,valid,,0
ocds-pgraph-T-0008,T-0008,V-0046,24123098.12,2023-01-12T17:18:00,valid,,1
ocds-pgraph-T-0008,T-0008,V-0168,25608885.65,2023-01-12T14:16:00,valid,,0
ocds-pgraph-T-0008,T-0008,V-0217,25873024.95,2023-01-12T19:00:00,valid,,0
ocds-pgraph-T-0009,T-0009,V-0046,23992240.06,2022-11-05T13:05:00,valid,,1
ocds-pgraph-T-0009,T-0009,V-0186,31231769.98,2022-11-05T09:19:00,valid,,0
ocds-pgraph-T-0009,T-0009,V-0064,25269162.32,2022-11-05T10:35:00,valid,,0
ocds-pgraph-T-0009,T-0009,V-0159,24762750.8,2022-11-05T12:11:00,valid,,0
ocds-pgraph-T-0009,T-0009,V-0173,24564926.91,2022-11-05T16:43:00,valid,,0
ocds-pgraph-T-0010,T-0010,V-0086,1334070.82,2025-12-14T12:35:00,valid,,0
ocds-pgraph-T-0010,T-0010,V-0157,1172471.51,2025-12-14T15:16:00,valid,,1
ocds-pgraph-T-0010,T-0010,V-0048,1206353.15,2025-12-14T15:32:00,valid,,0
ocds-pgraph-T-0010,T-0010,V-0163,1209679.9,2025-12-14T12:49:00,valid,,0
ocds-pgraph-T-0010,T-0010,V-0240,1293812.09,2025-12-14T12:01:00,valid,,0
ocds-pgraph-T-0010,T-0010,V-0168,1252989.25,2025-12-14T13:52:00,valid,,0
ocds-pgraph-T-0010,T-0010,V-0126,1506119.94,2025-12-14T12:03:00,valid,,0
ocds-pgraph-T-0011,T-0011,V-0048,7336232.15,2023-11-23T12:30:00,valid,,1
ocds-pgraph-T-0012,T-0012,V-0163,11144594.39,2024-04-25T14:48:00,valid,,0
ocds-pgraph-T-0012,T-0012,V-0168,12004196.18,2024-04-25T18:32:00,valid,,0
ocds-pgraph-T-0012,T-0012,V-0086,10889534.57,2024-04-25T13:53:00,valid,,1
ocds-pgraph-T-0013,T-0013,V-0048,9479500.14,2024-04-08T09:32:00,valid,,0
ocds-pgraph-T-0013,T-0013,V-0086,9005501.15,2024-04-08T15:50:00,valid,,1
ocds-pgraph-T-0013,T-0013,V-0240,9691622.76,2024-04-08T10:45:00,valid,,0
ocds-pgraph-T-0013,T-0013,V-0168,9353221.59,2024-04-08T17:44:00,valid,,0
ocds-pgraph-T-0013,T-0013,V-0163,10353909.88,2024-04-08T18:37:00,valid,,0
ocds-pgraph-T-0014,T-0014,V-0046,28616927.97,2023-03-19T10:14:00,valid,,1
ocds-pgraph-T-0014,T-0014,V-0217,31495064.34,2023-03-19T09:58:00,valid,,0
ocds-pgraph-T-0014,T-0014,V-0064,30281238.44,2023-03-19T17:35:00,valid,,0
ocds-pgraph-T-0015,T-0015,V-0046,20196170.61,2022-11-07T13:57:00,valid,,1
ocds-pgraph-T-0015,T-0015,V-0186,25648518.53,2022-11-07T12:40:00,valid,,0
ocds-pgraph-T-0015,T-0015,V-0173,22128115.27,2022-11-07T08:26:00,valid,,0
ocds-pgraph-T-0016,T-0016,V-0105,3666534.71,2024-11-26T08:30:00,valid,,0
ocds-pgraph-T-0016,T-0016,V-S006,3701951.39,2024-11-26T18:15:00,valid,,0
ocds-pgraph-T-0016,T-0016,V-0026,3358137.06,2024-11-26T13:52:00,valid,,1
ocds-pgraph-T-0017,T-0017,V-S010,7101310.12,2025-01-03T12:47:00,valid,,0
ocds-pgraph-T-0017,T-0017,V-0237,6698664.15,2025-01-03T16:44:00,valid,,0
ocds-pgraph-T-0017,T-0017,V-0206,5955362.88,2025-01-03T09:10:00,valid,,1
ocds-pgraph-T-0018,T-0018,V-S010,8769365.9,2024-11-21T15:11:00,valid,,0
ocds-pgraph-T-0018,T-0018,V-0237,8268308.06,2024-11-21T17:30:00,valid,,1
ocds-pgraph-T-0018,T-0018,V-0206,9490191.4,2024-11-21T14:48:00,valid,,0
ocds-pgraph-T-0018,T-0018,V-0057,9768040.8,2024-11-21T18:19:00,valid,,0
ocds-pgraph-T-0018,T-0018,V-0190,9353236.51,2024-11-21T10:01:00,valid,,0
ocds-pgraph-T-0018,T-0018,V-0155,8777733.86,2024-11-21T09:02:00,valid,,0
ocds-pgraph-T-0019,T-0019,V-0206,6698718.37,2026-03-27T11:34:00,valid,,0
ocds-pgraph-T-0019,T-0019,V-0237,6673714.87,2026-03-27T08:49:00,valid,,0
ocds-pgraph-T-0019,T-0019,V-S010,5150804.12,2026-03-27T11:49:00,valid,,1
ocds-pgraph-T-0020,T-0020,V-0206,1774618.17,2022-10-29T09:52:00,valid,,1
ocds-pgraph-T-0020,T-0020,V-0237,2267701.14,2022-10-29T15:19:00,valid,,0
ocds-pgraph-T-0020,T-0020,V-S010,1960537.69,2022-10-29T10:10:00,valid,,0
ocds-pgraph-T-0021,T-0021,V-0026,7203402.55,2023-11-30T14:47:00,valid,,0
ocds-pgraph-T-0021,T-0021,V-0223,6498408.31,2023-11-30T18:01:00,valid,,1
ocds-pgraph-T-0022,T-0022,V-0206,5438026.71,2026-06-22T16:32:00,valid,,1
ocds-pgraph-T-0023,T-0023,V-0014,9579125.19,2024-11-27T13:12:00,valid,,0
ocds-pgraph-T-0023,T-0023,V-0077,10442333.53,2024-11-27T08:55:00,valid,,0
ocds-pgraph-T-0023,T-0023,V-0223,9120197.79,2024-11-27T09:20:00,valid,,1
ocds-pgraph-T-0023,T-0023,V-0172,9941415.34,2024-11-27T08:33:00,valid,,0
ocds-pgraph-T-0023,T-0023,V-0029,10004892.42,2024-11-27T15:31:00,valid,,0
ocds-pgraph-T-0024,T-0024,V-0237,3914249.22,2025-05-23T16:57:00,valid,,0
ocds-pgraph-T-0024,T-0024,V-S010,3498899.82,2025-05-23T12:50:00,valid,,1
ocds-pgraph-T-0024,T-0024,V-0206,4378260.46,2025-05-23T18:59:00,valid,,0
ocds-pgraph-T-0025,T-0025,V-0237,13767685.42,2024-01-09T14:49:00,valid,,0
ocds-pgraph-T-0025,T-0025,V-0206,11823932.33,2024-01-09T10:58:00,valid,,1
ocds-pgraph-T-0025,T-0025,V-S010,12361209.18,2024-01-09T08:47:00,valid,,0
ocds-pgraph-T-0025,T-0025,V-0182,14071399.04,2024-01-09T18:58:00,valid,,0
ocds-pgraph-T-0025,T-0025,V-Y006,12152542.02,2024-01-09T09:18:00,valid,,0
ocds-pgraph-T-0025,T-0025,V-0132,12885772.25,2024-01-09T08:55:00,valid,,0
ocds-pgraph-T-0026,T-0026,V-0026,12866145.92,2025-11-17T17:55:00,valid,,1
ocds-pgraph-T-0026,T-0026,V-0172,14516750.12,2025-11-17T10:15:00,valid,,0
ocds-pgraph-T-0026,T-0026,V-0014,13620489.34,2025-11-17T11:13:00,valid,,0
ocds-pgraph-T-0026,T-0026,V-Y007,14832174.46,2025-11-17T09:32:00,valid,,0
ocds-pgraph-T-0026,T-0026,V-0077,13562354.06,2025-11-17T13:37:00,valid,,0
ocds-pgraph-T-0027,T-0027,V-0206,3939673.51,2025-04-15T12:45:00,valid,,1
ocds-pgraph-T-0027,T-0027,V-S010,3960465.24,2025-04-15T10:38:00,valid,,0
ocds-pgraph-T-0027,T-0027,V-0237,4293948.94,2025-04-15T14:38:00,valid,,0
ocds-pgraph-T-0027,T-0027,V-0048,4399291.93,2025-04-15T09:57:00,valid,,0
ocds-pgraph-T-0027,T-0027,V-0140,4281306.91,2025-04-15T13:57:00,valid,,0
ocds-pgraph-T-0027,T-0027,V-0176,4411345.87,2025-04-15T11:39:00,valid,,0
ocds-pgraph-T-0028,T-0028,V-0172,6926451.15,2025-03-29T09:41:00,valid,,1
ocds-pgraph-T-0029,T-0029,V-0029,6377082.4,2026-07-29T15:52:00,valid,,0
ocds-pgraph-T-0029,T-0029,V-0172,5914137.79,2026-07-29T18:16:00,valid,,0
ocds-pgraph-T-0029,T-0029,V-0014,5749390.94,2026-07-29T14:37:00,valid,,0
ocds-pgraph-T-0029,T-0029,V-0026,6090649.16,2026-07-29T08:50:00,valid,,0
ocds-pgraph-T-0029,T-0029,V-0223,5358296.53,2026-07-29T09:25:00,valid,,1
ocds-pgraph-T-0029,T-0029,V-0077,6115065.64,2026-07-29T18:01:00,valid,,0
ocds-pgraph-T-0030,T-0030,V-S010,10847484.95,2026-03-05T12:55:00,valid,,1
ocds-pgraph-T-0030,T-0030,V-0206,12424971.91,2026-03-05T10:40:00,valid,,0
ocds-pgraph-T-0030,T-0030,V-0237,12459648.32,2026-03-05T12:03:00,valid,,0
ocds-pgraph-T-0031,T-0031,V-0237,12537879.37,2024-12-25T10:49:00,valid,,1
ocds-pgraph-T-0032,T-0032,V-0056,2445466.94,2022-11-08T15:16:00,valid,,1
ocds-pgraph-T-0032,T-0032,V-0231,2541899.53,2022-11-08T09:02:00,valid,,0
ocds-pgraph-T-0032,T-0032,V-0069,2879955.3,2022-11-08T13:41:00,valid,,0
ocds-pgraph-T-0033,T-0033,V-0056,1694551.5,2025-10-02T16:17:00,valid,,1
ocds-pgraph-T-0033,T-0033,V-0231,1969877.92,2025-10-02T11:07:00,valid,,0
ocds-pgraph-T-0033,T-0033,V-0181,1857289.28,2025-10-02T12:49:00,valid,,0
ocds-pgraph-T-0035,T-0035,V-0032,6671664.62,2023-10-01T11:58:00,valid,,1
ocds-pgraph-T-0035,T-0035,V-0187,7690711.93,2023-10-01T18:30:00,valid,,0
ocds-pgraph-T-0035,T-0035,V-0081,8207579.12,2023-10-01T15:37:00,valid,,0
ocds-pgraph-T-0035,T-0035,V-0033,7057157.04,2023-10-01T15:52:00,valid,,0
ocds-pgraph-T-0035,T-0035,V-0071,6952200.18,2023-10-01T18:37:00,valid,,0
ocds-pgraph-T-0035,T-0035,V-0053,7252914.51,2023-10-01T17:45:00,valid,,0
ocds-pgraph-T-0036,T-0036,V-0056,2618990.42,2024-07-07T18:20:00,valid,,1
ocds-pgraph-T-0036,T-0036,V-0231,3301591.61,2024-07-07T18:24:00,valid,,0
ocds-pgraph-T-0036,T-0036,V-0152,3033515.51,2024-07-07T14:02:00,valid,,0
ocds-pgraph-T-0036,T-0036,V-0026,3443845.89,2024-07-07T17:44:00,valid,,0
ocds-pgraph-T-0036,T-0036,V-0161,2721025.88,2024-07-07T10:27:00,valid,,0
ocds-pgraph-T-0037,T-0037,V-0033,1943461.36,2023-12-11T16:39:00,valid,,0
ocds-pgraph-T-0037,T-0037,V-0187,1817978.85,2023-12-11T17:12:00,valid,,0
ocds-pgraph-T-0037,T-0037,V-0071,1523581.31,2023-12-11T11:44:00,valid,,1
ocds-pgraph-T-0037,T-0037,V-0032,1831606.86,2023-12-11T14:11:00,valid,,0
ocds-pgraph-T-0038,T-0038,V-0231,3317521.48,2023-11-28T17:29:00,valid,,1
ocds-pgraph-T-0038,T-0038,V-0056,3357767.26,2023-11-28T18:17:00,valid,,0
ocds-pgraph-T-0038,T-0038,V-S005,3590845.46,2023-11-28T15:47:00,valid,,0
ocds-pgraph-T-0038,T-0038,V-0069,3702445.36,2023-11-28T15:23:00,valid,,0
ocds-pgraph-T-0038,T-0038,V-0184,3320597.47,2023-11-28T16:48:00,valid,,0
ocds-pgraph-T-0039,T-0039,V-0081,9726142.36,2024-11-08T18:24:00,valid,,0
ocds-pgraph-T-0039,T-0039,V-0053,9881416.69,2024-11-08T17:13:00,valid,,0
ocds-pgraph-T-0039,T-0039,V-0033,9532777.22,2024-11-08T08:13:00,valid,,1
ocds-pgraph-T-0040,T-0040,V-0056,3142461.65,2024-07-12T08:39:00,valid,,1
ocds-pgraph-T-0040,T-0040,V-0231,3252694.76,2024-07-12T09:43:00,valid,,0
ocds-pgraph-T-0040,T-0040,V-0006,3219001.17,2024-07-12T15:24:00,valid,,0
ocds-pgraph-T-0040,T-0040,V-S005,3605631.72,2024-07-12T10:32:00,valid,,0
ocds-pgraph-T-0040,T-0040,V-0098,3780021.24,2024-07-12T16:22:00,valid,,0
ocds-pgraph-T-0041,T-0041,V-0071,6802392.73,2023-03-31T08:20:00,valid,,0
ocds-pgraph-T-0041,T-0041,V-0081,6594692.85,2023-03-31T12:01:00,valid,,1
ocds-pgraph-T-0042,T-0042,V-0056,2707176.87,2023-03-19T18:29:00,valid,,1
ocds-pgraph-T-0042,T-0042,V-0231,3065332.34,2023-03-19T16:26:00,valid,,0
ocds-pgraph-T-0042,T-0042,V-0098,2808998.21,2023-03-19T17:48:00,valid,,0
ocds-pgraph-T-0042,T-0042,V-Y003,2782017.73,2023-03-19T10:58:00,valid,,0
ocds-pgraph-T-0042,T-0042,V-0069,3316296.66,2023-03-19T08:15:00,valid,,0
ocds-pgraph-T-0043,T-0043,V-0056,3244252.23,2023-03-14T18:54:00,valid,,1
ocds-pgraph-T-0043,T-0043,V-0231,3563903.09,2023-03-14T13:00:00,valid,,0
ocds-pgraph-T-0043,T-0043,V-0161,3330694.59,2023-03-14T09:14:00,valid,,0
ocds-pgraph-T-0043,T-0043,V-S005,3407962.94,2023-03-14T13:46:00,valid,,0
ocds-pgraph-T-0043,T-0043,V-0006,4088771.85,2023-03-14T10:50:00,valid,,0
ocds-pgraph-T-0044,T-0044,V-0033,8138456.92,2026-04-27T10:13:00,valid,,1
ocds-pgraph-T-0044,T-0044,V-0187,8925513.35,2026-04-27T16:55:00,valid,,0
ocds-pgraph-T-0044,T-0044,V-0081,10039755.36,2026-04-27T14:05:00,valid,,0
ocds-pgraph-T-0044,T-0044,V-0071,10306137.38,2026-04-27T14:41:00,valid,,0
ocds-pgraph-T-0045,T-0045,V-0056,3054984.82,2024-09-09T11:04:00,valid,,1
ocds-pgraph-T-0045,T-0045,V-0231,3718101.04,2024-09-09T09:53:00,valid,,0
ocds-pgraph-T-0045,T-0045,V-0003,3514785.59,2024-09-09T15:05:00,valid,,0
ocds-pgraph-T-0046,T-0046,V-0056,2815534.03,2025-09-09T12:58:00,valid,,1
ocds-pgraph-T-0046,T-0046,V-0231,3160946.62,2025-09-09T12:00:00,valid,,0
ocds-pgraph-T-0046,T-0046,V-0180,2900772.91,2025-09-09T09:41:00,valid,,0
ocds-pgraph-T-0046,T-0046,V-0110,3247008.25,2025-09-09T12:40:00,valid,,0
ocds-pgraph-T-0047,T-0047,V-0056,1431123.44,2025-07-06T08:23:00,valid,,1
ocds-pgraph-T-0047,T-0047,V-0231,1520538.01,2025-07-06T15:15:00,valid,,0
ocds-pgraph-T-0047,T-0047,V-0119,1599416.04,2025-07-06T08:50:00,valid,,0
ocds-pgraph-T-0048,T-0048,V-0056,2082499.85,2023-03-02T12:09:00,valid,,1
ocds-pgraph-T-0048,T-0048,V-0231,2795760.94,2023-03-02T14:12:00,valid,,0
ocds-pgraph-T-0048,T-0048,V-S006,2375978.13,2023-03-02T08:11:00,valid,,0
ocds-pgraph-T-0048,T-0048,V-0026,2173242.51,2023-03-02T16:46:00,valid,,0
ocds-pgraph-T-0049,T-0049,V-0053,14104364.21,2025-10-12T08:10:00,valid,,0
ocds-pgraph-T-0049,T-0049,V-0081,14882997.07,2025-10-12T17:59:00,valid,,0
ocds-pgraph-T-0049,T-0049,V-0071,13150462.19,2025-10-12T18:00:00,valid,,1
ocds-pgraph-T-0049,T-0049,V-0032,15605158.94,2025-10-12T12:37:00,valid,,0
ocds-pgraph-T-0050,T-0050,V-0056,3270838.54,2023-03-15T15:26:00,valid,,1
ocds-pgraph-T-0050,T-0050,V-0231,3651552.93,2023-03-15T08:01:00,valid,,0
ocds-pgraph-T-0050,T-0050,V-0098,3793134.28,2023-03-15T18:34:00,valid,,0
ocds-pgraph-T-0050,T-0050,V-0069,4006027.77,2023-03-15T13:14:00,valid,,0
ocds-pgraph-T-0051,T-0051,V-0056,2976568.57,2025-05-28T08:46:00,valid,,1
ocds-pgraph-T-0051,T-0051,V-0231,3647929.26,2025-05-28T08:22:00,valid,,0
ocds-pgraph-T-0051,T-0051,V-0005,3297937.94,2025-05-28T18:10:00,valid,,0
ocds-pgraph-T-0052,T-0052,V-0033,16083640.81,2025-08-06T16:58:00,valid,,0
ocds-pgraph-T-0052,T-0052,V-0187,16629476.18,2025-08-06T17:11:00,valid,,0
ocds-pgraph-T-0052,T-0052,V-0081,14735127.3,2025-08-06T10:35:00,valid,,0
ocds-pgraph-T-0052,T-0052,V-0032,14252826.98,2025-08-06T08:30:00,valid,,1
ocds-pgraph-T-0053,T-0053,V-0032,10286341.92,2023-11-09T16:41:00,valid,,0
ocds-pgraph-T-0053,T-0053,V-0053,10324542.53,2023-11-09T12:22:00,valid,,0
ocds-pgraph-T-0053,T-0053,V-0033,7898651.81,2023-11-09T12:29:00,valid,,1
ocds-pgraph-T-0053,T-0053,V-0071,8177897.59,2023-11-09T08:39:00,valid,,0
ocds-pgraph-T-0054,T-0054,V-0056,1844397.46,2026-08-01T17:54:00,valid,,1
ocds-pgraph-T-0054,T-0054,V-0231,1952134.56,2026-08-01T12:09:00,valid,,0
ocds-pgraph-T-0054,T-0054,V-0120,2107730.06,2026-08-01T12:23:00,valid,,0
ocds-pgraph-T-0055,T-0055,V-0081,3920997.6,2023-05-17T11:34:00,valid,,0
ocds-pgraph-T-0055,T-0055,V-0053,4269546.87,2023-05-17T17:45:00,valid,,0
ocds-pgraph-T-0055,T-0055,V-0187,4282112.29,2023-05-17T13:47:00,valid,,0
ocds-pgraph-T-0055,T-0055,V-0033,4194902.22,2023-05-17T16:02:00,valid,,0
ocds-pgraph-T-0055,T-0055,V-0032,3681693.4,2023-05-17T16:34:00,valid,,0
ocds-pgraph-T-0055,T-0055,V-0071,3657171.48,2023-05-17T16:14:00,valid,,1
ocds-pgraph-T-0055,T-0055,V-0111,3846426.49,2023-05-17T18:07:00,valid,,0
ocds-pgraph-T-0056,T-0056,V-0056,1659927.9,2024-05-07T11:54:00,valid,,1
ocds-pgraph-T-0056,T-0056,V-0231,1891590.11,2024-05-07T17:38:00,valid,,0
ocds-pgraph-T-0056,T-0056,V-0227,2035697.15,2024-05-07T18:28:00,valid,,0
ocds-pgraph-T-0056,T-0056,V-0105,2069591.91,2024-05-07T17:46:00,valid,,0
ocds-pgraph-T-0056,T-0056,V-S006,1709585.07,2024-05-07T15:38:00,valid,,0
ocds-pgraph-T-0057,T-0057,V-0056,2955739.26,2024-09-12T12:35:00,valid,,1
ocds-pgraph-T-0057,T-0057,V-0231,3827381.47,2024-09-12T10:56:00,valid,,0
ocds-pgraph-T-0057,T-0057,V-Y003,3918149.93,2024-09-12T18:54:00,valid,,0
ocds-pgraph-T-0057,T-0057,V-0238,3794152.99,2024-09-12T12:54:00,valid,,0
ocds-pgraph-T-0057,T-0057,V-0181,3930110.88,2024-09-12T16:31:00,valid,,0
ocds-pgraph-T-0058,T-0058,V-0157,36479312.51,2026-07-08T18:08:00,valid,,1
ocds-pgraph-T-0058,T-0058,V-0180,45689883.11,2026-07-08T18:51:00,valid,,0
ocds-pgraph-T-0058,T-0058,V-0190,45278852.11,2026-07-08T18:01:00,valid,,0
ocds-pgraph-T-0058,T-0058,V-0094,38346167.2,2026-07-08T09:32:00,valid,,0
ocds-pgraph-T-0059,T-0059,V-SPV01,5951978.64,2025-05-10T09:07:00,valid,,0
ocds-pgraph-T-0059,T-0059,V-0072,6861781.82,2025-05-10T12:51:00,valid,,0
ocds-pgraph-T-0059,T-0059,V-0109,5828978.68,2025-05-10T10:45:00,valid,,0
ocds-pgraph-T-0059,T-0059,V-0146,5731249.11,2025-05-10T11:34:00,valid,,1
ocds-pgraph-T-0059,T-0059,V-0009,6456304.17,2025-05-10T16:11:00,valid,,0
ocds-pgraph-T-0059,T-0059,V-0085,6298971.69,2025-05-10T09:21:00,valid,,0
ocds-pgraph-T-0059,T-0059,V-0217,7113099.82,2025-05-10T11:26:00,valid,,0
ocds-pgraph-T-0061,T-0061,V-0205,26568346.17,2022-11-08T18:55:00,valid,,0
ocds-pgraph-T-0061,T-0061,V-0037,29697493.59,2022-11-08T15:10:00,valid,,0
ocds-pgraph-T-0061,T-0061,V-0190,26042349.54,2022-11-08T14:28:00,valid,,1
ocds-pgraph-T-0062,T-0062,V-0085,5363004.83,2026-06-26T09:44:00,valid,,0
ocds-pgraph-T-0062,T-0062,V-0086,6196364.18,2026-06-26T08:54:00,valid,,0
ocds-pgraph-T-0062,T-0062,V-SPV01,6036814.7,2026-06-26T13:12:00,valid,,0
ocds-pgraph-T-0062,T-0062,V-0146,5350522.6,2026-06-26T15:57:00,valid,,0
ocds-pgraph-T-0062,T-0062,V-0109,5143070.4,2026-06-26T13:22:00,valid,,0
ocds-pgraph-T-0062,T-0062,V-0240,6532689.62,2026-06-26T08:34:00,valid,,0
ocds-pgraph-T-0062,T-0062,V-0117,5113973.56,2026-06-26T14:11:00,valid,,1
ocds-pgraph-T-0063,T-0063,V-S005,11850644.24,2026-04-26T12:52:00,valid,,1
ocds-pgraph-T-0063,T-0063,V-0163,12493548.44,2026-04-26T12:56:00,valid,,0
ocds-pgraph-T-0063,T-0063,V-0240,15180404.12,2026-04-26T16:50:00,valid,,0
ocds-pgraph-T-0063,T-0063,V-0157,15183210.51,2026-04-26T09:31:00,valid,,0
ocds-pgraph-T-0063,T-0063,V-0168,15587350.19,2026-04-26T08:23:00,valid,,0
ocds-pgraph-T-0064,T-0064,V-0157,35150805.07,2025-11-05T08:05:00,valid,,0
ocds-pgraph-T-0064,T-0064,V-0094,29791650.45,2025-11-05T08:35:00,valid,,1
ocds-pgraph-T-0065,T-0065,V-0157,17429221.76,2023-12-13T09:58:00,valid,,1
ocds-pgraph-T-0065,T-0065,V-0094,19616921.63,2023-12-13T08:44:00,valid,,0
ocds-pgraph-T-0065,T-0065,V-0180,19114539.65,2023-12-13T09:27:00,valid,,0
ocds-pgraph-T-0066,T-0066,V-S005,9433146.07,2023-09-14T12:57:00,valid,,1
ocds-pgraph-T-0066,T-0066,V-0168,9801163.48,2023-09-14T18:13:00,valid,,0
ocds-pgraph-T-0066,T-0066,V-0157,10248810.55,2023-09-14T08:16:00,valid,,0
ocds-pgraph-T-0067,T-0067,V-0190,18385923.56,2022-12-23T18:18:00,valid,,0
ocds-pgraph-T-0067,T-0067,V-0180,17630600.93,2022-12-23T09:55:00,valid,,0
ocds-pgraph-T-0067,T-0067,V-0205,18547030.81,2022-12-23T17:48:00,valid,,0
ocds-pgraph-T-0067,T-0067,V-0037,16609153.43,2022-12-23T18:13:00,valid,,1
ocds-pgraph-T-0067,T-0067,V-0072,17215581.5,2022-12-23T08:18:00,valid,,0
ocds-pgraph-T-0068,T-0068,V-0009,4341167.16,2023-12-21T17:17:00,valid,,0
ocds-pgraph-T-0068,T-0068,V-0072,3722512.72,2023-12-21T12:40:00,valid,,0
ocds-pgraph-T-0068,T-0068,V-0117,3403469.32,2023-12-21T09:48:00,valid,,1
ocds-pgraph-T-0068,T-0068,V-0146,3728125.21,2023-12-21T11:30:00,valid,,0
ocds-pgraph-T-0068,T-0068,V-SPV01,3923665.79,2023-12-21T11:52:00,valid,,0
ocds-pgraph-T-0069,T-0069,V-S005,11781657.9,2026-02-11T18:12:00,valid,,1
ocds-pgraph-T-0069,T-0069,V-0086,13419210.82,2026-02-11T10:49:00,valid,,0
ocds-pgraph-T-0069,T-0069,V-0048,13931544.24,2026-02-11T14:10:00,valid,,0
ocds-pgraph-T-0070,T-0070,V-S005,9613305.51,2026-07-09T14:08:00,valid,,1
ocds-pgraph-T-0070,T-0070,V-0048,11103615.05,2026-07-09T08:44:00,valid,,0
ocds-pgraph-T-0070,T-0070,V-0168,11374986.98,2026-07-09T14:30:00,valid,,0
ocds-pgraph-T-0071,T-0071,V-SPV01,4671397.3,2024-02-24T18:51:00,valid,,1
ocds-pgraph-T-0072,T-0072,V-0037,6444516.87,2025-08-23T18:01:00,valid,,1
ocds-pgraph-T-0072,T-0072,V-0180,7415624.11,2025-08-23T15:59:00,valid,,0
ocds-pgraph-T-0072,T-0072,V-0072,6619904.46,2025-08-23T09:56:00,valid,,0
ocds-pgraph-T-0072,T-0072,V-0094,7147620.32,2025-08-23T11:17:00,valid,,0
ocds-pgraph-T-0072,T-0072,V-0157,6968744.38,2025-08-23T12:01:00,valid,,0
ocds-pgraph-T-0072,T-0072,V-0205,6771219.88,2025-08-23T12:23:00,valid,,0
ocds-pgraph-T-0072,T-0072,V-0190,7140829.06,2025-08-23T14:16:00,valid,,0
ocds-pgraph-T-0073,T-0073,V-S005,11423861.32,2024-08-04T14:35:00,valid,,1
ocds-pgraph-T-0073,T-0073,V-0086,13438858.24,2024-08-04T16:59:00,valid,,0
ocds-pgraph-T-0073,T-0073,V-0048,13172177.03,2024-08-04T17:26:00,valid,,0
ocds-pgraph-T-0074,T-0074,V-0072,3241913.03,2024-12-10T13:41:00,valid,,1
ocds-pgraph-T-0074,T-0074,V-SPV01,3498868.49,2024-12-10T08:06:00,valid,,0
ocds-pgraph-T-0074,T-0074,V-0146,4009349.36,2024-12-10T17:27:00,valid,,0
ocds-pgraph-T-0074,T-0074,V-0240,4243398.36,2024-12-10T11:17:00,valid,,0
ocds-pgraph-T-0075,T-0075,V-0051,40982468.25,2026-05-15T16:51:00,valid,,0
ocds-pgraph-T-0075,T-0075,V-0219,37785809.29,2026-05-15T15:21:00,valid,,0
ocds-pgraph-T-0075,T-0075,V-0076,36651597.02,2026-05-15T15:48:00,valid,,1
ocds-pgraph-T-0076,T-0076,V-0221,2272360.03,2025-10-11T11:49:00,valid,,0
ocds-pgraph-T-0076,T-0076,V-0042,2149626.95,2025-10-11T14:24:00,valid,,0
ocds-pgraph-T-0076,T-0076,V-0192,2187822.8,2025-10-11T08:02:00,valid,,0
ocds-pgraph-T-0076,T-0076,V-0027,2155803.51,2025-10-11T14:24:00,valid,,0
ocds-pgraph-T-0076,T-0076,V-0126,2163418.89,2025-10-11T13:55:00,valid,,0
ocds-pgraph-T-0076,T-0076,V-0051,1867928.8,2025-10-11T15:18:00,valid,,1
ocds-pgraph-T-0076,T-0076,V-0235,2012819.49,2025-10-11T11:41:00,valid,,0
ocds-pgraph-T-0077,T-0077,V-0219,68434027.24,2024-02-29T17:14:00,valid,,0
ocds-pgraph-T-0077,T-0077,V-0076,61090448.81,2024-02-29T15:43:00,valid,,1
ocds-pgraph-T-0077,T-0077,V-0051,62005674.13,2024-02-29T17:21:00,valid,,0
ocds-pgraph-T-0077,T-0077,V-0104,62009692.22,2024-02-29T18:23:00,valid,,0
ocds-pgraph-T-0078,T-0078,V-0126,4362162.45,2025-01-20T18:36:00,valid,,1
ocds-pgraph-T-0078,T-0078,V-0189,4496338.34,2025-01-20T15:53:00,valid,,0
ocds-pgraph-T-0078,T-0078,V-0168,5587826.1,2025-01-20T14:04:00,valid,,0
ocds-pgraph-T-0078,T-0078,V-0116,4905614.85,2025-01-20T19:00:00,valid,,0
ocds-pgraph-T-0079,T-0079,V-0189,4237580.25,2025-07-30T14:08:00,valid,,0
ocds-pgraph-T-0079,T-0079,V-0126,4412986.14,2025-07-30T08:56:00,valid,,0
ocds-pgraph-T-0079,T-0079,V-S010,3901609.03,2025-07-30T18:19:00,valid,,1
ocds-pgraph-T-0080,T-0080,V-0086,606048.55,2024-07-01T11:51:00,valid,,1
ocds-pgraph-T-0080,T-0080,V-0027,624933.15,2024-07-01T17:18:00,valid,,0
ocds-pgraph-T-0080,T-0080,V-0042,654004.72,2024-07-01T17:07:00,valid,,0
ocds-pgraph-T-0081,T-0081,V-0086,4179031.97,2023-02-05T15:47:00,valid,,1
ocds-pgraph-T-0081,T-0081,V-0051,4418474.99,2023-02-05T08:55:00,valid,,0
ocds-pgraph-T-0081,T-0081,V-0027,4919276.44,2023-02-05T16:30:00,valid,,0
ocds-pgraph-T-0081,T-0081,V-0235,4506862.65,2023-02-05T10:58:00,valid,,0
ocds-pgraph-T-0081,T-0081,V-0221,4428143.06,2023-02-05T12:47:00,valid,,0
ocds-pgraph-T-0082,T-0082,V-0086,928364.82,2023-09-20T11:57:00,valid,,1
ocds-pgraph-T-0082,T-0082,V-0027,1259853.1,2023-09-20T09:46:00,valid,,0
ocds-pgraph-T-0082,T-0082,V-0126,1108833.05,2023-09-20T12:30:00,valid,,0
ocds-pgraph-T-0082,T-0082,V-0221,986937.35,2023-09-20T14:27:00,valid,,0
ocds-pgraph-T-0082,T-0082,V-0235,1135649.39,2023-09-20T09:51:00,valid,,0
ocds-pgraph-T-0083,T-0083,V-0086,4102733.74,2025-01-14T16:51:00,valid,,1
ocds-pgraph-T-0083,T-0083,V-0221,4309415.73,2025-01-14T15:57:00,valid,,0
ocds-pgraph-T-0083,T-0083,V-0235,4256606.78,2025-01-14T13:02:00,valid,,0
ocds-pgraph-T-0083,T-0083,V-0051,5193008.19,2025-01-14T18:39:00,valid,,0
ocds-pgraph-T-0084,T-0084,V-0189,10936139.46,2022-09-29T13:19:00,valid,,0
ocds-pgraph-T-0084,T-0084,V-0126,9712030.02,2022-09-29T15:18:00,valid,,1
ocds-pgraph-T-0085,T-0085,V-0126,9689005.87,2026-05-10T08:51:00,valid,,0
ocds-pgraph-T-0085,T-0085,V-0189,10594992.4,2026-05-10T10:38:00,valid,,0
ocds-pgraph-T-0085,T-0085,V-0112,11713649.98,2026-05-10T12:59:00,valid,,0
ocds-pgraph-T-0085,T-0085,V-0164,11074826.57,2026-05-10T18:52:00,valid,,0
ocds-pgraph-T-0085,T-0085,V-0168,9537648.64,2026-05-10T14:25:00,valid,,1
ocds-pgraph-T-0085,T-0085,V-0040,9563150.84,2026-05-10T09:37:00,valid,,0
ocds-pgraph-T-0085,T-0085,V-0145,9653526.11,2026-05-10T17:10:00,valid,,0
ocds-pgraph-T-0086,T-0086,V-0086,2341031.9,2023-08-13T09:15:00,valid,,1
ocds-pgraph-T-0086,T-0086,V-0192,2950627.86,2023-08-13T12:08:00,valid,,0
ocds-pgraph-T-0086,T-0086,V-0042,2695465.5,2023-08-13T08:07:00,valid,,0
ocds-pgraph-T-0086,T-0086,V-0027,2371588.82,2023-08-13T11:10:00,valid,,0
ocds-pgraph-T-0087,T-0087,V-0189,13005859.26,2026-02-04T11:24:00,valid,,0
ocds-pgraph-T-0087,T-0087,V-0126,14093541.97,2026-02-04T14:21:00,valid,,0
ocds-pgraph-T-0087,T-0087,V-0128,11578068.18,2026-02-04T16:31:00,valid,,1
ocds-pgraph-T-0087,T-0087,V-0045,12553016.14,2026-02-04T08:50:00,valid,,0
ocds-pgraph-T-0087,T-0087,V-0223,12227704.03,2026-02-04T08:41:00,valid,,0
ocds-pgraph-T-0087,T-0087,V-0086,12744952.73,2026-02-04T13:44:00,valid,,0
ocds-pgraph-T-0088,T-0088,V-0086,4388520.33,2024-11-05T10:28:00,valid,,1
ocds-pgraph-T-0088,T-0088,V-0192,4766016.41,2024-11-05T18:43:00,valid,,0
ocds-pgraph-T-0088,T-0088,V-0126,4922761.53,2024-11-05T18:44:00,valid,,0
ocds-pgraph-T-0089,T-0089,V-0086,5214010.32,2023-09-05T19:00:00,valid,,1
ocds-pgraph-T-0089,T-0089,V-0126,5320259.46,2023-09-05T17:12:00,valid,,0
ocds-pgraph-T-0089,T-0089,V-0042,6267889.65,2023-09-05T09:04:00,valid,,0
ocds-pgraph-T-0089,T-0089,V-0192,6091658.4,2023-09-05T10:47:00,valid,,0
ocds-pgraph-T-0089,T-0089,V-0221,5876116.18,2023-09-05T12:48:00,valid,,0
ocds-pgraph-T-0090,T-0090,V-0051,22262219.8,2023-05-03T11:43:00,valid,,0
ocds-pgraph-T-0090,T-0090,V-0076,19236862.03,2023-05-03T17:40:00,valid,,0
ocds-pgraph-T-0090,T-0090,V-0219,21892966.63,2023-05-03T17:26:00,valid,,0
ocds-pgraph-T-0090,T-0090,V-0205,18584839.92,2023-05-03T13:40:00,valid,,1
ocds-pgraph-T-0090,T-0090,V-0104,23242289.53,2023-05-03T16:26:00,valid,,0
ocds-pgraph-T-0090,T-0090,V-0180,20835913.3,2023-05-03T16:47:00,valid,,0
ocds-pgraph-T-0091,T-0091,V-0002,8839317.17,2023-11-04T10:47:00,valid,,0
ocds-pgraph-T-0091,T-0091,V-0021,8309004.84,2023-11-04T14:22:00,valid,,0
ocds-pgraph-T-0091,T-0091,V-0165,8483954.69,2023-11-04T12:56:00,valid,,0
ocds-pgraph-T-0091,T-0091,V-Y008,7473663.03,2023-11-04T09:38:00,valid,,1
ocds-pgraph-T-0091,T-0091,V-0210,8280117.88,2023-11-04T17:26:00,valid,,0
ocds-pgraph-T-0091,T-0091,V-0155,8607251.39,2023-11-04T19:00:00,valid,,0
ocds-pgraph-T-0092,T-0092,V-0231,4351055.15,2023-02-18T08:44:00,valid,,1
ocds-pgraph-T-0093,T-0093,V-0002,7573520.92,2023-11-24T08:25:00,valid,,1
ocds-pgraph-T-0094,T-0094,V-0002,5484579.52,2025-05-09T15:41:00,valid,,0
ocds-pgraph-T-0094,T-0094,V-0119,6641954.5,2025-05-09T16:33:00,valid,,0
ocds-pgraph-T-0094,T-0094,V-0157,6625065.24,2025-05-09T13:41:00,valid,,0
ocds-pgraph-T-0094,T-0094,V-0092,6649380.73,2025-05-09T10:36:00,valid,,0
ocds-pgraph-T-0094,T-0094,V-0197,5376287.23,2025-05-09T16:28:00,valid,,1
ocds-pgraph-T-0095,T-0095,V-0071,7623514.93,2023-04-09T14:52:00,valid,,1
ocds-pgraph-T-0096,T-0096,V-0151,3336267.41,2025-03-04T11:42:00,valid,,1
ocds-pgraph-T-0097,T-0097,V-0231,1320276.75,2023-10-21T13:55:00,valid,,1
ocds-pgraph-T-0099,T-0099,V-0002,10294401.02,2024-02-16T10:21:00,valid,,0
ocds-pgraph-T-0099,T-0099,V-0206,9357977.45,2024-02-16T10:01:00,valid,,1
ocds-pgraph-T-0100,T-0100,V-0056,988629.57,2025-02-11T13:03:00,valid,,1
ocds-pgraph-T-0100,T-0100,V-0231,1241910.14,2025-02-11T16:19:00,valid,,0
ocds-pgraph-T-0100,T-0100,V-0152,1196318.54,2025-02-11T09:16:00,valid,,0
ocds-pgraph-T-0100,T-0100,V-0120,992829.86,2025-02-11T08:17:00,valid,,0
ocds-pgraph-T-0100,T-0100,V-0119,1241557.21,2025-02-11T17:48:00,valid,,0
ocds-pgraph-T-0101,T-0101,V-0187,4764473.33,2024-09-20T11:14:00,valid,,1
ocds-pgraph-T-0102,T-0102,V-0002,9165608.59,2023-05-04T08:30:00,valid,,1
ocds-pgraph-T-0102,T-0102,V-0149,9413165.81,2023-05-04T16:59:00,valid,,0
ocds-pgraph-T-0103,T-0103,V-0231,2916062.74,2026-07-10T09:41:00,valid,,1
ocds-pgraph-T-0103,T-0103,V-0056,3425134.06,2026-07-10T15:40:00,valid,,0
ocds-pgraph-T-0103,T-0103,V-0119,3012734.95,2026-07-10T13:15:00,valid,,0
ocds-pgraph-T-0103,T-0103,V-0227,3266196.42,2026-07-10T17:08:00,valid,,0
ocds-pgraph-T-0103,T-0103,V-0058,2985394.96,2026-07-10T17:33:00,valid,,0
ocds-pgraph-T-0104,T-0104,V-0187,2070184.3,2025-02-02T11:43:00,valid,,1
ocds-pgraph-T-0105,T-0105,V-0187,11228980.34,2023-02-25T11:26:00,valid,,1
ocds-pgraph-T-0106,T-0106,V-0151,7286247.0,2023-04-13T18:51:00,valid,,1
ocds-pgraph-T-0106,T-0106,V-0018,8140695.06,2023-04-13T09:42:00,valid,,0
ocds-pgraph-T-0106,T-0106,V-0071,7346538.31,2023-04-13T17:08:00,valid,,0
ocds-pgraph-T-0106,T-0106,V-0187,9140096.92,2023-04-13T09:32:00,valid,,0
ocds-pgraph-T-0106,T-0106,V-0029,8712976.82,2023-04-13T10:11:00,valid,,0
ocds-pgraph-T-0106,T-0106,V-0118,8121025.42,2023-04-13T16:37:00,valid,,0
ocds-pgraph-T-0107,T-0107,V-0002,6950795.07,2023-10-13T09:42:00,valid,,0
ocds-pgraph-T-0107,T-0107,V-0096,6359679.82,2023-10-13T17:42:00,valid,,1
ocds-pgraph-T-0107,T-0107,V-0190,7078095.22,2023-10-13T11:51:00,valid,,0
ocds-pgraph-T-0108,T-0108,V-0056,978135.88,2022-09-06T15:35:00,valid,,1
ocds-pgraph-T-0108,T-0108,V-0231,1131576.9,2022-09-06T13:29:00,valid,,0
ocds-pgraph-T-0108,T-0108,V-0098,978263.81,2022-09-06T09:58:00,valid,,0
ocds-pgraph-T-0108,T-0108,V-0133,1064351.65,2022-09-06T11:56:00,valid,,0
ocds-pgraph-T-0108,T-0108,V-0169,1119719.37,2022-09-06T17:47:00,valid,,0
ocds-pgraph-T-0109,T-0109,V-0238,1661894.92,2025-06-27T11:37:00,valid,,1
ocds-pgraph-T-0109,T-0109,V-0169,1970932.08,2025-06-27T13:09:00,valid,,0
ocds-pgraph-T-0110,T-0110,V-0238,3913014.79,2025-01-03T09:33:00,valid,,1
ocds-pgraph-T-0111,T-0111,V-0061,13075836.26,2024-01-09T12:56:00,valid,,1
ocds-pgraph-T-0112,T-0112,V-0182,15596036.79,2024-01-27T12:15:00,valid,,1
ocds-pgraph-T-0113,T-0113,V-0169,1495166.78,2024-05-25T13:08:00,valid,,0
ocds-pgraph-T-0113,T-0113,V-0181,1371614.45,2024-05-25T10:22:00,valid,,0
ocds-pgraph-T-0113,T-0113,V-0069,1310660.43,2024-05-25T15:11:00,valid,,0
ocds-pgraph-T-0113,T-0113,V-0238,1305435.49,2024-05-25T16:34:00,valid,,1
ocds-pgraph-T-0113,T-0113,V-0161,1488946.83,2024-05-25T16:13:00,valid,,0
ocds-pgraph-T-0114,T-0114,V-0069,837169.0,2026-07-06T15:28:00,valid,,1
ocds-pgraph-T-0114,T-0114,V-0181,859513.47,2026-07-06T12:37:00,valid,,0
ocds-pgraph-T-0114,T-0114,V-0169,969297.29,2026-07-06T18:58:00,valid,,0
ocds-pgraph-T-0115,T-0115,V-0169,2269795.21,2023-09-18T08:14:00,valid,,0
ocds-pgraph-T-0115,T-0115,V-0181,2241875.23,2023-09-18T16:49:00,valid,,0
ocds-pgraph-T-0115,T-0115,V-0238,1881320.7,2023-09-18T15:32:00,valid,,1
ocds-pgraph-T-0115,T-0115,V-0069,2140233.46,2023-09-18T15:09:00,valid,,0
ocds-pgraph-T-0115,T-0115,V-0180,2023889.94,2023-09-18T13:20:00,valid,,0
ocds-pgraph-T-0116,T-0116,V-0182,18277860.08,2026-04-03T13:49:00,valid,,0
ocds-pgraph-T-0116,T-0116,V-0118,15725090.18,2026-04-03T15:34:00,valid,,1
ocds-pgraph-T-0117,T-0117,V-0181,1109700.95,2026-02-07T17:31:00,valid,,1
ocds-pgraph-T-0117,T-0117,V-0069,1352238.8,2026-02-07T11:26:00,valid,,0
ocds-pgraph-T-0117,T-0117,V-0238,1236487.51,2026-02-07T18:23:00,valid,,0
ocds-pgraph-T-0117,T-0117,V-0169,1250111.78,2026-02-07T12:26:00,valid,,0
ocds-pgraph-T-0118,T-0118,V-0178,18478582.47,2026-02-21T15:14:00,valid,,1
ocds-pgraph-T-0119,T-0119,V-0238,3531044.66,2023-09-02T09:30:00,valid,,0
ocds-pgraph-T-0119,T-0119,V-0069,3888902.33,2023-09-02T15:53:00,valid,,0
ocds-pgraph-T-0119,T-0119,V-0169,3443046.49,2023-09-02T16:29:00,valid,,1
ocds-pgraph-T-0119,T-0119,V-0181,3723300.8,2023-09-02T10:50:00,valid,,0
ocds-pgraph-T-0119,T-0119,V-0026,3685967.59,2023-09-02T11:25:00,valid,,0
ocds-pgraph-T-0119,T-0119,V-0056,4019270.98,2023-09-02T16:00:00,valid,,0
ocds-pgraph-T-0120,T-0120,V-0182,9558286.12,2024-05-23T15:09:00,valid,,0
ocds-pgraph-T-0120,T-0120,V-0118,8969779.31,2024-05-23T14:39:00,valid,,1
ocds-pgraph-T-0120,T-0120,V-0124,9470579.73,2024-05-23T12:00:00,valid,,0
ocds-pgraph-T-0120,T-0120,V-0238,10011486.55,2024-05-23T09:42:00,valid,,0
ocds-pgraph-T-0121,T-0121,V-0182,13138162.76,2023-10-15T12:51:00,valid,,1
ocds-pgraph-T-0121,T-0121,V-0178,15846287.11,2023-10-15T10:59:00,valid,,0
ocds-pgraph-T-0121,T-0121,V-0238,14396350.81,2023-10-15T13:24:00,valid,,0
ocds-pgraph-T-0121,T-0121,V-0239,14470530.86,2023-10-15T11:45:00,valid,,0
ocds-pgraph-T-0121,T-0121,V-0061,14721722.77,2023-10-15T13:00:00,valid,,0
ocds-pgraph-T-0121,T-0121,V-0124,14638417.04,2023-10-15T11:02:00,valid,,0
ocds-pgraph-T-0121,T-0121,V-0112,14623386.82,2023-10-15T08:40:00,valid,,0
ocds-pgraph-T-0122,T-0122,V-0069,3885780.1,2023-06-02T15:04:00,valid,,1
ocds-pgraph-T-0123,T-0123,V-0069,4179521.03,2023-04-26T18:09:00,valid,,1
ocds-pgraph-T-0124,T-0124,V-0238,3205775.1,2026-01-22T14:50:00,valid,,1
ocds-pgraph-T-0125,T-0125,V-0069,638149.38,2025-05-19T10:04:00,valid,,1
ocds-pgraph-T-0126,T-0126,V-0238,3074545.55,2024-12-15T09:39:00,valid,,0
ocds-pgraph-T-0126,T-0126,V-0178,2694785.69,2024-12-15T14:40:00,valid,,0
ocds-pgraph-T-0126,T-0126,V-0124,3039687.28,2024-12-15T17:37:00,valid,,0
ocds-pgraph-T-0126,T-0126,V-0112,2642481.55,2024-12-15T10:22:00,valid,,1
ocds-pgraph-T-0126,T-0126,V-0182,3371304.08,2024-12-15T12:06:00,valid,,0
ocds-pgraph-T-0127,T-0127,V-0169,399227.73,2025-08-20T09:54:00,valid,,1
ocds-pgraph-T-0127,T-0127,V-0181,475779.42,2025-08-20T11:03:00,valid,,0
ocds-pgraph-T-0127,T-0127,V-0069,444099.48,2025-08-20T08:38:00,valid,,0
ocds-pgraph-T-0127,T-0127,V-0238,449046.33,2025-08-20T18:29:00,valid,,0
ocds-pgraph-T-0127,T-0127,V-0231,461045.89,2025-08-20T17:16:00,valid,,0
ocds-pgraph-T-0127,T-0127,V-S005,399446.2,2025-08-20T13:11:00,valid,,0
ocds-pgraph-T-0128,T-0128,V-0061,5110877.74,2024-09-23T17:26:00,valid,,1
ocds-pgraph-T-0129,T-0129,V-0172,8327985.46,2022-09-11T11:19:00,valid,,0
ocds-pgraph-T-0129,T-0129,V-0223,8260323.23,2022-09-11T15:55:00,valid,,0
ocds-pgraph-T-0129,T-0129,V-0014,7912290.12,2022-09-11T09:54:00,valid,,0
ocds-pgraph-T-0129,T-0129,V-0026,7735104.52,2022-09-11T17:46:00,valid,,1
ocds-pgraph-T-0129,T-0129,V-0077,7852193.06,2022-09-11T14:45:00,valid,,0
ocds-pgraph-T-0130,T-0130,V-0077,9071949.37,2025-06-16T16:15:00,valid,,0
ocds-pgraph-T-0130,T-0130,V-0029,7773870.41,2025-06-16T17:21:00,valid,,1
ocds-pgraph-T-0130,T-0130,V-0223,9280616.91,2025-06-16T18:27:00,valid,,0
ocds-pgraph-T-0130,T-0130,V-0172,8633799.52,2025-06-16T13:39:00,valid,,0
ocds-pgraph-T-0130,T-0130,V-0014,8225430.42,2025-06-16T14:53:00,valid,,0
ocds-pgraph-T-0131,T-0131,V-Y003,4012245.52,2024-10-11T10:30:00,valid,,1
ocds-pgraph-T-0132,T-0132,V-0237,6623660.88,2025-08-24T14:29:00,valid,,0
ocds-pgraph-T-0132,T-0132,V-0206,6774953.29,2025-08-24T13:26:00,valid,,0
ocds-pgraph-T-0132,T-0132,V-S010,7405575.75,2025-08-24T18:08:00,valid,,0
ocds-pgraph-T-0132,T-0132,V-0156,6493075.42,2025-08-24T16:38:00,valid,,1
ocds-pgraph-T-0133,T-0133,V-0237,8695578.54,2025-09-10T08:04:00,valid,,1
ocds-pgraph-T-0134,T-0134,V-Y003,3010983.44,2024-01-02T14:34:00,valid,,1
ocds-pgraph-T-0135,T-0135,V-S005,1088038.08,2024-11-07T09:32:00,valid,,1
ocds-pgraph-T-0136,T-0136,V-0237,3964303.33,2025-06-30T08:06:00,valid,,1
ocds-pgraph-T-0137,T-0137,V-0206,14490611.71,2026-03-25T10:20:00,valid,,1
ocds-pgraph-T-0138,T-0138,V-0098,4157313.69,2023-02-18T12:21:00,valid,,0
ocds-pgraph-T-0138,T-0138,V-Y003,4721171.06,2023-02-18T15:07:00,valid,,0
ocds-pgraph-T-0138,T-0138,V-0110,4185908.34,2023-02-18T11:52:00,valid,,0
ocds-pgraph-T-0138,T-0138,V-0105,4656635.79,2023-02-18T17:30:00,valid,,0
ocds-pgraph-T-0138,T-0138,V-S006,3728985.01,2023-02-18T12:33:00,valid,,1
ocds-pgraph-T-0139,T-0139,V-0206,7753687.11,2024-12-03T13:51:00,valid,,0
ocds-pgraph-T-0139,T-0139,V-0237,8613312.6,2024-12-03T13:02:00,valid,,0
ocds-pgraph-T-0139,T-0139,V-S010,7285162.35,2024-12-03T15:33:00,valid,,1
ocds-pgraph-T-0139,T-0139,V-0088,7771634.78,2024-12-03T18:22:00,valid,,0
ocds-pgraph-T-0140,T-0140,V-0237,13401915.94,2025-02-24T14:58:00,valid,,1
ocds-pgraph-T-0141,T-0141,V-0026,4980107.33,2025-06-20T10:46:00,valid,,0
ocds-pgraph-T-0141,T-0141,V-0105,5428368.32,2025-06-20T11:27:00,valid,,0
ocds-pgraph-T-0141,T-0141,V-0098,4411017.28,2025-06-20T12:59:00,valid,,1
ocds-pgraph-T-0142,T-0142,V-0003,664611.1,2026-01-03T18:32:00,valid,,1
ocds-pgraph-T-0143,T-0143,V-0014,12218225.02,2023-10-06T11:54:00,valid,,0
ocds-pgraph-T-0143,T-0143,V-Y007,12129691.01,2023-10-06T18:17:00,valid,,1
ocds-pgraph-T-0143,T-0143,V-0172,13408304.94,2023-10-06T14:23:00,valid,,0
ocds-pgraph-T-0143,T-0143,V-0077,12985153.63,2023-10-06T08:43:00,valid,,0
ocds-pgraph-T-0144,T-0144,V-0206,8950556.94,2023-06-15T08:27:00,valid,,1
ocds-pgraph-T-0144,T-0144,V-0237,10023719.35,2023-06-15T13:24:00,valid,,0
ocds-pgraph-T-0144,T-0144,V-S010,11447426.79,2023-06-15T15:10:00,valid,,0
ocds-pgraph-T-0144,T-0144,V-0020,10632868.29,2023-06-15T12:05:00,valid,,0
ocds-pgraph-T-0145,T-0145,V-0098,1602443.78,2024-05-28T13:45:00,valid,,1
ocds-pgraph-T-0146,T-0146,V-0172,2902691.2,2025-06-06T17:11:00,valid,,1
ocds-pgraph-T-0147,T-0147,V-Y003,2204439.69,2025-12-21T11:48:00,valid,,1
ocds-pgraph-T-0148,T-0148,V-0182,4208080.66,2025-02-12T09:41:00,valid,,1
ocds-pgraph-T-0149,T-0149,V-0093,10889889.92,2023-11-28T08:58:00,valid,,1
ocds-pgraph-T-0150,T-0150,V-0118,12942607.34,2026-03-19T16:23:00,valid,,1
ocds-pgraph-T-0151,T-0151,V-0140,3043680.98,2025-01-03T18:35:00,valid,,0
ocds-pgraph-T-0151,T-0151,V-0155,2916389.87,2025-01-03T08:10:00,valid,,1
ocds-pgraph-T-0151,T-0151,V-Y008,3115778.9,2025-01-03T18:41:00,valid,,0
ocds-pgraph-T-0151,T-0151,V-0096,2953638.54,2025-01-03T12:03:00,valid,,0
ocds-pgraph-T-0151,T-0151,V-Y006,3230557.14,2025-01-03T16:32:00,valid,,0
ocds-pgraph-T-0151,T-0151,V-0182,3255749.15,2025-01-03T12:45:00,valid,,0
ocds-pgraph-T-0152,T-0152,V-0214,1066598.05,2024-02-22T15:31:00,valid,,1
ocds-pgraph-T-0153,T-0153,V-0214,1523007.59,2023-07-28T12:59:00,valid,,1
ocds-pgraph-T-0153,T-0153,V-0106,1767630.58,2023-07-28T09:22:00,valid,,0
ocds-pgraph-T-0153,T-0153,V-Y008,1976244.96,2023-07-28T11:02:00,valid,,0
ocds-pgraph-T-0153,T-0153,V-0049,1606527.89,2023-07-28T11:43:00,valid,,0
ocds-pgraph-T-0154,T-0154,V-Y006,4149230.46,2024-07-24T09:59:00,valid,,1
ocds-pgraph-T-0155,T-0155,V-Y008,2842724.24,2024-01-17T09:13:00,valid,,1
ocds-pgraph-T-0156,T-0156,V-0214,4678838.45,2022-09-21T11:05:00,valid,,1
ocds-pgraph-T-0157,T-0157,V-Y006,3043355.24,2023-05-04T14:26:00,valid,,0
ocds-pgraph-T-0157,T-0157,V-0093,2747228.27,2023-05-04T09:26:00,valid,,0
ocds-pgraph-T-0157,T-0157,V-0218,2870278.26,2023-05-04T09:12:00,valid,,0
ocds-pgraph-T-0157,T-0157,V-0123,3021990.74,2023-05-04T18:41:00,valid,,0
ocds-pgraph-T-0157,T-0157,V-0155,2310962.81,2023-05-04T13:28:00,valid,,1
ocds-pgraph-T-0158,T-0158,V-0176,6120278.69,2023-11-13T08:41:00,valid,,0
ocds-pgraph-T-0158,T-0158,V-0182,6621211.25,2023-11-13T09:02:00,valid,,0
ocds-pgraph-T-0158,T-0158,V-S001,6043666.4,2023-11-13T10:49:00,valid,,0
ocds-pgraph-T-0158,T-0158,V-0096,5920830.73,2023-11-13T10:50:00,valid,,0
ocds-pgraph-T-0158,T-0158,V-Y008,6607553.73,2023-11-13T13:39:00,valid,,0
ocds-pgraph-T-0158,T-0158,V-Y006,6549686.1,2023-11-13T10:47:00,valid,,0
ocds-pgraph-T-0158,T-0158,V-0153,5561065.18,2023-11-13T14:28:00,valid,,1
ocds-pgraph-T-0159,T-0159,V-0123,12943235.23,2025-08-28T12:28:00,valid,,0
ocds-pgraph-T-0159,T-0159,V-0093,10746653.29,2025-08-28T09:40:00,valid,,1
ocds-pgraph-T-0159,T-0159,V-0118,11402953.47,2025-08-28T09:26:00,valid,,0
ocds-pgraph-T-0159,T-0159,V-0061,13122760.22,2025-08-28T17:40:00,valid,,0
ocds-pgraph-T-0160,T-0160,V-Y005,4212863.21,2022-12-19T17:18:00,valid,,0
ocds-pgraph-T-0160,T-0160,V-0093,4633661.67,2022-12-19T08:24:00,valid,,0
ocds-pgraph-T-0160,T-0160,V-0118,3698555.19,2022-12-19T12:31:00,valid,,1
ocds-pgraph-T-0160,T-0160,V-0123,3709601.66,2022-12-19T16:41:00,valid,,0
ocds-pgraph-T-0160,T-0160,V-0061,4619299.57,2022-12-19T08:15:00,valid,,0
ocds-pgraph-T-0160,T-0160,V-0218,4400951.15,2022-12-19T16:27:00,valid,,0
ocds-pgraph-T-0161,T-0161,V-0118,5261949.26,2023-05-28T18:04:00,valid,,0
ocds-pgraph-T-0161,T-0161,V-0093,5204689.87,2023-05-28T11:31:00,valid,,0
ocds-pgraph-T-0161,T-0161,V-Y005,5221777.48,2023-05-28T11:43:00,valid,,0
ocds-pgraph-T-0161,T-0161,V-0123,5052524.58,2023-05-28T10:18:00,valid,,0
ocds-pgraph-T-0161,T-0161,V-0155,4669319.71,2023-05-28T15:11:00,valid,,1
ocds-pgraph-T-0162,T-0162,V-0176,11457617.26,2024-04-22T17:19:00,valid,,0
ocds-pgraph-T-0162,T-0162,V-0155,9823931.29,2024-04-22T13:47:00,valid,,0
ocds-pgraph-T-0162,T-0162,V-Y008,9704746.99,2024-04-22T13:05:00,valid,,1
ocds-pgraph-T-0163,T-0163,V-Y006,9843497.25,2023-11-25T13:43:00,valid,,1
ocds-pgraph-T-0164,T-0164,V-Y005,4163751.25,2022-09-19T13:20:00,valid,,1
ocds-pgraph-T-0164,T-0164,V-Y006,4697329.85,2022-09-19T10:38:00,valid,,0
ocds-pgraph-T-0164,T-0164,V-0118,4780510.9,2022-09-19T14:27:00,valid,,0
ocds-pgraph-T-0164,T-0164,V-0218,4167450.41,2022-09-19T11:35:00,valid,,0
ocds-pgraph-T-0164,T-0164,V-0123,4556576.49,2022-09-19T10:28:00,valid,,0
ocds-pgraph-T-0165,T-0165,V-0049,1279952.33,2024-04-19T10:45:00,valid,,1
ocds-pgraph-T-0166,T-0166,V-0218,5149427.39,2025-10-13T17:36:00,valid,,0
ocds-pgraph-T-0166,T-0166,V-0155,4333488.43,2025-10-13T13:00:00,valid,,1
ocds-pgraph-T-0167,T-0167,V-0209,12671413.51,2024-02-22T18:46:00,valid,,1
ocds-pgraph-T-0168,T-0168,V-0214,5528667.38,2022-12-13T15:07:00,valid,,0
ocds-pgraph-T-0168,T-0168,V-0049,4655830.53,2022-12-13T15:58:00,valid,,1
ocds-pgraph-T-0169,T-0169,V-0049,1693204.46,2024-08-05T12:49:00,valid,,1
ocds-pgraph-T-0170,T-0170,V-Y006,10872493.28,2025-09-29T10:54:00,valid,,1
ocds-pgraph-T-0171,T-0171,V-0096,3638550.26,2026-07-01T10:16:00,valid,,0
ocds-pgraph-T-0171,T-0171,V-Y008,3708678.53,2026-07-01T16:51:00,valid,,0
ocds-pgraph-T-0171,T-0171,V-S001,3374614.9,2026-07-01T09:38:00,valid,,1
ocds-pgraph-T-0172,T-0172,V-0214,5661395.33,2026-03-02T16:48:00,valid,,1
ocds-pgraph-T-0173,T-0173,V-0106,7174642.8,2025-12-10T10:08:00,valid,,0
ocds-pgraph-T-0173,T-0173,V-0214,6424124.3,2025-12-10T11:56:00,valid,,0
ocds-pgraph-T-0173,T-0173,V-0049,6402563.02,2025-12-10T16:11:00,valid,,1
ocds-pgraph-T-0174,T-0174,V-0209,10806875.32,2024-08-13T17:41:00,valid,,1
ocds-pgraph-T-0175,T-0175,V-S001,5660533.02,2025-06-21T12:27:00,valid,,1
ocds-pgraph-T-0176,T-0176,V-0182,10013562.36,2026-05-14T10:39:00,valid,,1
ocds-pgraph-T-0176,T-0176,V-0153,10489451.37,2026-05-14T10:29:00,valid,,0
ocds-pgraph-T-0176,T-0176,V-0155,11257420.2,2026-05-14T09:59:00,valid,,0
ocds-pgraph-T-0177,T-0177,V-0093,8557661.03,2026-06-11T11:18:00,valid,,1
ocds-pgraph-T-0178,T-0178,V-0155,8599463.21,2025-05-11T08:08:00,valid,,0
ocds-pgraph-T-0178,T-0178,V-0131,7554357.44,2025-05-11T10:50:00,valid,,1
ocds-pgraph-T-0179,T-0179,V-0214,4046531.25,2024-08-31T14:13:00,valid,,0
ocds-pgraph-T-0179,T-0179,V-0049,4033707.09,2024-08-31T14:22:00,valid,,1
ocds-pgraph-T-0179,T-0179,V-Y008,4134289.17,2024-08-31T11:33:00,valid,,0
ocds-pgraph-T-0179,T-0179,V-0106,4389934.77,2024-08-31T18:53:00,valid,,0
ocds-pgraph-T-0180,T-0180,V-0106,4023508.56,2022-11-09T14:52:00,valid,,1
ocds-pgraph-T-0180,T-0180,V-0049,4268437.39,2022-11-09T14:57:00,valid,,0
ocds-pgraph-T-0180,T-0180,V-Y008,4848904.33,2022-11-09T16:06:00,valid,,0
ocds-pgraph-T-0181,T-0181,V-0214,1231647.97,2025-01-26T11:55:00,valid,,0
ocds-pgraph-T-0181,T-0181,V-0106,1153421.0,2025-01-26T13:10:00,valid,,1
ocds-pgraph-T-0181,T-0181,V-0049,1340721.72,2025-01-26T09:24:00,valid,,0
ocds-pgraph-T-0181,T-0181,V-Y008,1173512.38,2025-01-26T10:00:00,valid,,0
ocds-pgraph-T-0182,T-0182,V-0218,10452496.85,2022-11-27T15:14:00,valid,,1
ocds-pgraph-T-0183,T-0183,V-0209,5702160.99,2026-03-02T10:43:00,valid,,0
ocds-pgraph-T-0183,T-0183,V-0155,4749952.93,2026-03-02T08:16:00,valid,,1
ocds-pgraph-T-0183,T-0183,V-Y006,5758540.63,2026-03-02T09:05:00,valid,,0
ocds-pgraph-T-0184,T-0184,V-0106,6331060.46,2026-03-30T09:02:00,valid,,0
ocds-pgraph-T-0184,T-0184,V-Y008,5781971.78,2026-03-30T18:50:00,valid,,0
ocds-pgraph-T-0184,T-0184,V-0214,5610188.43,2026-03-30T15:10:00,valid,,1
ocds-pgraph-T-0184,T-0184,V-0049,6840878.43,2026-03-30T15:58:00,valid,,0
ocds-pgraph-T-0185,T-0185,V-0218,12261188.99,2023-08-11T14:42:00,valid,,0
ocds-pgraph-T-0185,T-0185,V-0155,11501387.65,2023-08-11T11:01:00,valid,,0
ocds-pgraph-T-0185,T-0185,V-Y006,10009470.37,2023-08-11T17:39:00,valid,,0
ocds-pgraph-T-0185,T-0185,V-0061,11516712.72,2023-08-11T18:30:00,valid,,0
ocds-pgraph-T-0185,T-0185,V-0093,9654689.83,2023-08-11T11:11:00,valid,,1
ocds-pgraph-T-0185,T-0185,V-Y005,10761452.95,2023-08-11T15:24:00,valid,,0
ocds-pgraph-T-0186,T-0186,V-0176,2654602.77,2023-12-26T11:23:00,valid,,0
ocds-pgraph-T-0186,T-0186,V-Y008,2162832.4,2023-12-26T09:39:00,valid,,1
ocds-pgraph-T-0186,T-0186,V-0013,2572610.27,2023-12-26T10:22:00,valid,,0
ocds-pgraph-T-0186,T-0186,V-Y006,2319769.86,2023-12-26T11:37:00,valid,,0
ocds-pgraph-T-0186,T-0186,V-0153,2570023.26,2023-12-26T18:07:00,valid,,0
ocds-pgraph-T-0187,T-0187,V-0209,10126012.46,2023-06-04T10:19:00,valid,,0
ocds-pgraph-T-0187,T-0187,V-0013,9617426.94,2023-06-04T09:40:00,valid,,0
ocds-pgraph-T-0187,T-0187,V-Y006,9217562.7,2023-06-04T08:03:00,valid,,0
ocds-pgraph-T-0187,T-0187,V-0131,8064154.1,2023-06-04T16:41:00,valid,,1
ocds-pgraph-T-0187,T-0187,V-0096,9358394.05,2023-06-04T09:46:00,valid,,0
ocds-pgraph-T-0188,T-0188,V-0155,7111995.79,2024-04-18T17:18:00,valid,,0
ocds-pgraph-T-0188,T-0188,V-0218,6812984.26,2024-04-18T08:38:00,valid,,1
ocds-pgraph-T-0188,T-0188,V-0118,7702075.52,2024-04-18T15:44:00,valid,,0
ocds-pgraph-T-0189,T-0189,V-0106,4727119.28,2025-06-02T14:55:00,valid,,1
ocds-pgraph-T-0189,T-0189,V-Y008,5249687.44,2025-06-02T09:35:00,valid,,0
ocds-pgraph-T-0189,T-0189,V-0214,5712082.8,2025-06-02T11:30:00,valid,,0
ocds-pgraph-T-0189,T-0189,V-0049,5073194.45,2025-06-02T12:57:00,valid,,0
ocds-pgraph-T-0190,T-0190,V-0218,9496151.65,2023-01-09T13:54:00,valid,,0
ocds-pgraph-T-0190,T-0190,V-0093,10923782.86,2023-01-09T15:04:00,valid,,0
ocds-pgraph-T-0190,T-0190,V-0155,9342283.3,2023-01-09T18:38:00,valid,,1
ocds-pgraph-T-0190,T-0190,V-Y006,10648200.0,2023-01-09T10:58:00,valid,,0
ocds-pgraph-T-0191,T-0191,V-0155,10418958.03,2025-10-29T15:38:00,valid,,0
ocds-pgraph-T-0191,T-0191,V-0118,10253340.84,2025-10-29T11:33:00,valid,,0
ocds-pgraph-T-0191,T-0191,V-0061,9226373.98,2025-10-29T12:23:00,valid,,0
ocds-pgraph-T-0191,T-0191,V-Y006,8893866.58,2025-10-29T12:40:00,valid,,0
ocds-pgraph-T-0191,T-0191,V-0218,9886802.78,2025-10-29T11:07:00,valid,,0
ocds-pgraph-T-0191,T-0191,V-Y005,8051273.51,2025-10-29T08:37:00,valid,,1
ocds-pgraph-T-0191,T-0191,V-0123,10049959.12,2025-10-29T11:17:00,valid,,0
ocds-pgraph-T-0192,T-0192,V-0155,7340743.92,2024-11-27T09:58:00,valid,,1
ocds-pgraph-T-0193,T-0193,V-0013,5134512.46,2024-03-17T16:53:00,valid,,1
ocds-pgraph-T-0194,T-0194,V-0218,6891643.26,2023-03-11T11:59:00,valid,,1
ocds-pgraph-T-0194,T-0194,V-Y006,7079195.93,2023-03-11T11:01:00,valid,,0
ocds-pgraph-T-0194,T-0194,V-0155,7047397.31,2023-03-11T10:39:00,valid,,0
ocds-pgraph-T-0195,T-0195,V-Y006,3160483.2,2023-05-15T10:47:00,valid,,0
ocds-pgraph-T-0195,T-0195,V-Y005,3465697.02,2023-05-15T10:56:00,valid,,0
ocds-pgraph-T-0195,T-0195,V-0123,2731843.76,2023-05-15T10:27:00,valid,,1
ocds-pgraph-T-0196,T-0196,V-0118,9385132.07,2024-11-23T10:15:00,valid,,1
ocds-pgraph-T-0196,T-0196,V-0061,11162378.05,2024-11-23T08:38:00,valid,,0
ocds-pgraph-T-0197,T-0197,V-0118,8605687.73,2025-11-21T15:12:00,valid,,1
ocds-pgraph-T-0198,T-0198,V-0153,1949369.93,2023-09-30T17:34:00,valid,,1
ocds-pgraph-T-0199,T-0199,V-0049,2524264.0,2023-10-20T11:25:00,valid,,0
ocds-pgraph-T-0199,T-0199,V-0214,2845140.18,2023-10-20T15:58:00,valid,,0
ocds-pgraph-T-0199,T-0199,V-Y008,2522641.06,2023-10-20T18:29:00,valid,,1
ocds-pgraph-T-0200,T-0200,V-S001,3885067.03,2025-08-14T14:16:00,valid,,1
ocds-pgraph-T-0201,T-0201,V-0061,4917786.42,2024-03-22T08:32:00,valid,,1
ocds-pgraph-T-0201,T-0201,V-0218,5685221.39,2024-03-22T17:59:00,valid,,0
ocds-pgraph-T-0201,T-0201,V-Y006,5601224.48,2024-03-22T15:37:00,valid,,0
ocds-pgraph-T-0201,T-0201,V-0123,5580078.26,2024-03-22T15:58:00,valid,,0
ocds-pgraph-T-0202,T-0202,V-0191,30096475.54,2023-11-10T13:26:00,valid,,1
ocds-pgraph-T-0202,T-0202,V-0172,32031402.59,2023-11-10T09:29:00,valid,,0
ocds-pgraph-T-0202,T-0202,V-0200,31773899.05,2023-11-10T08:06:00,valid,,0
ocds-pgraph-T-0202,T-0202,V-0054,32184751.65,2023-11-10T14:49:00,valid,,0
ocds-pgraph-T-0203,T-0203,V-0143,5148598.06,2024-12-23T17:28:00,valid,,1
ocds-pgraph-T-0203,T-0203,V-0166,5381329.92,2024-12-23T09:11:00,valid,,0
ocds-pgraph-T-0204,T-0204,V-0220,32248751.94,2025-11-16T13:46:00,valid,,0
ocds-pgraph-T-0204,T-0204,V-0149,29871123.09,2025-11-16T14:47:00,valid,,0
ocds-pgraph-T-0204,T-0204,V-0070,29649341.5,2025-11-16T14:35:00,valid,,1
ocds-pgraph-T-0204,T-0204,V-S009,35313075.78,2025-11-16T18:22:00,valid,,0
ocds-pgraph-T-0204,T-0204,V-0191,32269677.06,2025-11-16T14:37:00,valid,,0
ocds-pgraph-T-0205,T-0205,V-0191,22538969.38,2025-09-19T14:45:00,valid,,1
ocds-pgraph-T-0205,T-0205,V-0094,24115002.0,2025-09-19T11:43:00,valid,,0
ocds-pgraph-T-0206,T-0206,V-0021,9091402.29,2025-11-30T12:05:00,valid,,1
ocds-pgraph-T-0207,T-0207,V-0050,8193884.54,2025-09-05T17:19:00,valid,,1
ocds-pgraph-T-0208,T-0208,V-0191,2347275.79,2025-01-16T15:48:00,valid,,0
ocds-pgraph-T-0208,T-0208,V-0105,2390176.98,2025-01-16T10:12:00,valid,,0
ocds-pgraph-T-0208,T-0208,V-0018,2165310.47,2025-01-16T12:43:00,valid,,1
ocds-pgraph-T-0208,T-0208,V-0042,2676782.9,2025-01-16T11:52:00,valid,,0
ocds-pgraph-T-0208,T-0208,V-0030,2513696.23,2025-01-16T13:21:00,valid,,0
ocds-pgraph-T-0209,T-0209,V-0191,13170868.7,2025-08-14T15:47:00,valid,,1
ocds-pgraph-T-0210,T-0210,V-S009,8335597.81,2022-11-26T16:05:00,valid,,0
ocds-pgraph-T-0210,T-0210,V-0220,9621197.9,2022-11-26T16:39:00,valid,,0
ocds-pgraph-T-0210,T-0210,V-0191,9829974.27,2022-11-26T11:47:00,valid,,0
ocds-pgraph-T-0210,T-0210,V-0149,7968435.72,2022-11-26T17:50:00,valid,,1
ocds-pgraph-T-0211,T-0211,V-0191,11520018.35,2024-10-30T14:54:00,valid,,1
ocds-pgraph-T-0211,T-0211,V-0199,13115420.27,2024-10-30T14:50:00,valid,,0
ocds-pgraph-T-0211,T-0211,V-0105,13717256.17,2024-10-30T10:37:00,valid,,0
ocds-pgraph-T-0212,T-0212,V-0084,20201755.11,2026-04-06T18:07:00,valid,,1
ocds-pgraph-T-0212,T-0212,V-0065,20235462.03,2026-04-06T18:56:00,valid,,0
ocds-pgraph-T-0212,T-0212,V-0021,24081000.98,2026-04-06T11:29:00,valid,,0
ocds-pgraph-T-0212,T-0212,V-0035,23175864.19,2026-04-06T11:06:00,valid,,0
ocds-pgraph-T-0212,T-0212,V-0210,22578153.05,2026-04-06T08:56:00,valid,,0
ocds-pgraph-T-0212,T-0212,V-0022,22147063.98,2026-04-06T08:56:00,valid,,0
ocds-pgraph-T-0213,T-0213,V-0191,48305731.92,2023-08-03T09:53:00,valid,,1
ocds-pgraph-T-0215,T-0215,V-0191,14349188.23,2026-01-01T12:43:00,valid,,1
ocds-pgraph-T-0216,T-0216,V-0191,27556643.59,2025-01-30T12:36:00,valid,,0
ocds-pgraph-T-0216,T-0216,V-0042,26511485.6,2025-01-30T11:50:00,valid,,1
ocds-pgraph-T-0216,T-0216,V-Y001,27177468.87,2025-01-30T13:24:00,valid,,0
ocds-pgraph-T-0216,T-0216,V-0110,26885262.66,2025-01-30T14:36:00,valid,,0
ocds-pgraph-T-0217,T-0217,V-0038,3451202.85,2023-04-11T10:59:00,valid,,1
ocds-pgraph-T-0217,T-0217,V-0143,4010881.13,2023-04-11T11:01:00,valid,,0
ocds-pgraph-T-0218,T-0218,V-0021,15662718.62,2025-01-13T15:55:00,valid,,0
ocds-pgraph-T-0218,T-0218,V-0065,13924225.31,2025-01-13T12:18:00,valid,,1
ocds-pgraph-T-0218,T-0218,V-0035,15173021.43,2025-01-13T09:25:00,valid,,0
ocds-pgraph-T-0219,T-0219,V-0210,12280745.3,2024-04-19T12:03:00,valid,,1
ocds-pgraph-T-0220,T-0220,V-0191,11434048.95,2025-05-04T13:49:00,valid,,0
ocds-pgraph-T-0220,T-0220,V-0042,10501137.49,2025-05-04T18:34:00,valid,,1
ocds-pgraph-T-0220,T-0220,V-0067,11893553.63,2025-05-04T12:46:00,valid,,0
ocds-pgraph-T-0220,T-0220,V-0069,12521404.28,2025-05-04T13:20:00,valid,,0
ocds-pgraph-T-0220,T-0220,V-0068,11476390.31,2025-05-04T13:08:00,valid,,0
ocds-pgraph-T-0221,T-0221,V-0073,58248324.76,2026-03-04T15:19:00,valid,,0
ocds-pgraph-T-0221,T-0221,V-0191,64802568.77,2026-03-04T12:23:00,valid,,0
ocds-pgraph-T-0221,T-0221,V-S009,59864173.99,2026-03-04T10:57:00,valid,,0
ocds-pgraph-T-0221,T-0221,V-0220,66868723.18,2026-03-04T15:14:00,valid,,0
ocds-pgraph-T-0221,T-0221,V-0070,57547349.85,2026-03-04T10:16:00,valid,,1
ocds-pgraph-T-0221,T-0221,V-0149,65966734.49,2026-03-04T10:17:00,valid,,0
ocds-pgraph-T-0221,T-0221,V-0104,63246487.68,2026-03-04T18:21:00,valid,,0
ocds-pgraph-T-0222,T-0222,V-0191,29475020.9,2023-08-24T08:50:00,valid,,0
ocds-pgraph-T-0222,T-0222,V-0200,23462187.73,2023-08-24T11:01:00,valid,,1
ocds-pgraph-T-0222,T-0222,V-0235,25868810.42,2023-08-24T12:54:00,valid,,0
ocds-pgraph-T-0222,T-0222,V-Y005,28586900.92,2023-08-24T13:00:00,valid,,0
ocds-pgraph-T-0223,T-0223,V-0191,15897579.69,2026-04-10T18:31:00,valid,,0
ocds-pgraph-T-0223,T-0223,V-0201,15454501.22,2026-04-10T13:26:00,valid,,0
ocds-pgraph-T-0223,T-0223,V-0018,14968309.92,2026-04-10T11:36:00,valid,,1
ocds-pgraph-T-0224,T-0224,V-0116,3751559.88,2024-08-28T18:22:00,valid,,0
ocds-pgraph-T-0224,T-0224,V-0038,3743170.73,2024-08-28T15:36:00,valid,,0
ocds-pgraph-T-0224,T-0224,V-0005,3905537.19,2024-08-28T09:22:00,valid,,0
ocds-pgraph-T-0224,T-0224,V-0156,3325365.36,2024-08-28T10:54:00,valid,,1
ocds-pgraph-T-0225,T-0225,V-0220,28767676.62,2022-10-13T14:01:00,valid,,0
ocds-pgraph-T-0225,T-0225,V-0073,24175554.31,2022-10-13T12:11:00,valid,,0
ocds-pgraph-T-0225,T-0225,V-0191,22611445.19,2022-10-13T09:15:00,valid,,1
ocds-pgraph-T-0225,T-0225,V-0070,26087153.4,2022-10-13T12:43:00,valid,,0
ocds-pgraph-T-0225,T-0225,V-0149,26462478.53,2022-10-13T08:29:00,valid,,0
ocds-pgraph-T-0225,T-0225,V-S009,25549458.01,2022-10-13T15:39:00,valid,,0
ocds-pgraph-T-0226,T-0226,V-0143,5211025.89,2023-06-30T12:25:00,valid,,0
ocds-pgraph-T-0226,T-0226,V-0005,4240242.08,2023-06-30T09:24:00,valid,,0
ocds-pgraph-T-0226,T-0226,V-0156,4233901.58,2023-06-30T15:16:00,valid,,1
ocds-pgraph-T-0226,T-0226,V-0116,5063093.81,2023-06-30T15:37:00,valid,,0
ocds-pgraph-T-0226,T-0226,V-0166,5312734.95,2023-06-30T19:00:00,valid,,0
ocds-pgraph-T-0226,T-0226,V-0079,4770855.41,2023-06-30T15:56:00,valid,,0
ocds-pgraph-T-0228,T-0228,V-0021,18674128.92,2022-10-12T15:44:00,valid,,0
ocds-pgraph-T-0228,T-0228,V-0035,21585056.02,2022-10-12T11:50:00,valid,,0
ocds-pgraph-T-0228,T-0228,V-0050,18083445.79,2022-10-12T14:59:00,valid,,1
ocds-pgraph-T-0229,T-0229,V-0072,1697374.46,2025-07-15T18:28:00,valid,,1
ocds-pgraph-T-0229,T-0229,V-0168,1851515.56,2025-07-15T17:22:00,valid,,0
ocds-pgraph-T-0229,T-0229,V-0229,1957795.72,2025-07-15T11:26:00,valid,,0
ocds-pgraph-T-0229,T-0229,V-0078,2050684.59,2025-07-15T09:22:00,valid,,0
ocds-pgraph-T-0229,T-0229,V-0102,1735844.31,2025-07-15T11:02:00,valid,,0
ocds-pgraph-T-0230,T-0230,V-0058,3222350.66,2023-11-29T11:41:00,valid,,0
ocds-pgraph-T-0230,T-0230,V-0120,3106294.8,2023-11-29T16:07:00,valid,,0
ocds-pgraph-T-0230,T-0230,V-0180,3445609.78,2023-11-29T15:27:00,valid,,0
ocds-pgraph-T-0230,T-0230,V-0113,2949628.56,2023-11-29T11:01:00,valid,,0
ocds-pgraph-T-0230,T-0230,V-0152,2752162.46,2023-11-29T16:14:00,valid,,1
ocds-pgraph-T-0231,T-0231,V-0078,10512202.87,2026-01-12T14:10:00,valid,,1
ocds-pgraph-T-0231,T-0231,V-0168,13221548.73,2026-01-12T17:40:00,valid,,0
ocds-pgraph-T-0231,T-0231,V-0072,12591016.98,2026-01-12T09:10:00,valid,,0
ocds-pgraph-T-0231,T-0231,V-0229,12966269.84,2026-01-12T09:30:00,valid,,0
ocds-pgraph-T-0232,T-0232,V-0180,2380503.92,2025-06-17T11:40:00,valid,,0
ocds-pgraph-T-0232,T-0232,V-0152,2031352.88,2025-06-17T15:47:00,valid,,1
ocds-pgraph-T-0232,T-0232,V-0227,2031431.22,2025-06-17T13:04:00,valid,,0
ocds-pgraph-T-0232,T-0232,V-0058,2511972.15,2025-06-17T17:59:00,valid,,0
ocds-pgraph-T-0233,T-0233,V-0180,3492341.8,2025-12-21T16:12:00,valid,,0
ocds-pgraph-T-0233,T-0233,V-0113,3383079.16,2025-12-21T08:27:00,valid,,0
ocds-pgraph-T-0233,T-0233,V-0120,3006921.62,2025-12-21T10:32:00,valid,,0
ocds-pgraph-T-0233,T-0233,V-0152,2799868.4,2025-12-21T12:22:00,valid,,1
ocds-pgraph-T-0233,T-0233,V-0227,3444511.82,2025-12-21T12:59:00,valid,,0
ocds-pgraph-T-0234,T-0234,V-0072,2656221.78,2024-01-11T18:09:00,valid,,0
ocds-pgraph-T-0234,T-0234,V-0078,2303354.06,2024-01-11T16:30:00,valid,,0
ocds-pgraph-T-0234,T-0234,V-0168,2122110.59,2024-01-11T10:09:00,valid,,1
ocds-pgraph-T-0234,T-0234,V-0229,2233766.76,2024-01-11T09:56:00,valid,,0
ocds-pgraph-T-0234,T-0234,V-0032,2525355.22,2024-01-11T17:16:00,valid,,0
ocds-pgraph-T-0235,T-0235,V-0072,11063156.22,2023-04-21T15:08:00,valid,,0
ocds-pgraph-T-0235,T-0235,V-0168,10387466.11,2023-04-21T09:02:00,valid,,0
ocds-pgraph-T-0235,T-0235,V-0229,10839147.5,2023-04-21T16:28:00,valid,,0
ocds-pgraph-T-0235,T-0235,V-0078,8798604.95,2023-04-21T11:16:00,valid,,1
ocds-pgraph-T-0235,T-0235,V-0033,10726729.85,2023-04-21T11:33:00,valid,,0
ocds-pgraph-T-0236,T-0236,V-0229,1255300.8,2025-06-04T09:04:00,valid,,1
ocds-pgraph-T-0237,T-0237,V-0078,4694993.05,2023-04-19T13:39:00,valid,,1
ocds-pgraph-T-0237,T-0237,V-0072,5007022.61,2023-04-19T11:17:00,valid,,0
ocds-pgraph-T-0238,T-0238,V-0120,1245107.9,2024-01-07T09:11:00,valid,,0
ocds-pgraph-T-0238,T-0238,V-0180,1451977.23,2024-01-07T13:36:00,valid,,0
ocds-pgraph-T-0238,T-0238,V-0113,1219269.09,2024-01-07T10:28:00,valid,,1
ocds-pgraph-T-0239,T-0239,V-0120,2999856.89,2024-12-24T09:09:00,valid,,1
ocds-pgraph-T-0240,T-0240,V-0229,4491037.73,2023-03-04T16:26:00,valid,,0
ocds-pgraph-T-0240,T-0240,V-0168,3633808.72,2023-03-04T11:23:00,valid,,1
ocds-pgraph-T-0240,T-0240,V-0078,4055898.38,2023-03-04T09:28:00,valid,,0
ocds-pgraph-T-0240,T-0240,V-0072,4470047.62,2023-03-04T17:22:00,valid,,0
ocds-pgraph-T-0240,T-0240,V-0187,3666556.34,2023-03-04T09:15:00,valid,,0
ocds-pgraph-T-0241,T-0241,V-0152,1603701.85,2023-08-26T09:55:00,valid,,0
ocds-pgraph-T-0241,T-0241,V-0113,1337546.76,2023-08-26T18:23:00,valid,,1
ocds-pgraph-T-0241,T-0241,V-0180,1672332.74,2023-08-26T16:58:00,valid,,0
ocds-pgraph-T-0241,T-0241,V-0120,1599526.88,2023-08-26T14:45:00,valid,,0
ocds-pgraph-T-0242,T-0242,V-0227,3172803.53,2023-09-15T12:40:00,valid,,0
ocds-pgraph-T-0242,T-0242,V-0120,2885488.51,2023-09-15T13:15:00,valid,,1
ocds-pgraph-T-0242,T-0242,V-0152,2948243.78,2023-09-15T18:30:00,valid,,0
ocds-pgraph-T-0242,T-0242,V-0058,3236206.14,2023-09-15T10:57:00,valid,,0
ocds-pgraph-T-0243,T-0243,V-0229,8347937.85,2026-06-02T15:56:00,valid,,0
ocds-pgraph-T-0243,T-0243,V-0072,7109794.19,2026-06-02T17:15:00,valid,,1
ocds-pgraph-T-0244,T-0244,V-0229,13264930.24,2025-12-27T08:13:00,valid,,0
ocds-pgraph-T-0244,T-0244,V-0072,14931740.42,2025-12-27T10:14:00,valid,,0
ocds-pgraph-T-0244,T-0244,V-0078,12538399.57,2025-12-27T15:37:00,valid,,0
ocds-pgraph-T-0244,T-0244,V-0168,11994063.94,2025-12-27T08:15:00,valid,,1
ocds-pgraph-T-0244,T-0244,V-0032,12884708.98,2025-12-27T09:26:00,valid,,0
ocds-pgraph-T-0245,T-0245,V-0152,3687116.31,2024-03-10T12:28:00,valid,,1
ocds-pgraph-T-0245,T-0245,V-0227,3718642.52,2024-03-10T14:47:00,valid,,0
ocds-pgraph-T-0246,T-0246,V-0072,5312497.35,2025-07-19T15:06:00,valid,,0
ocds-pgraph-T-0246,T-0246,V-0078,4822017.97,2025-07-19T11:25:00,valid,,0
ocds-pgraph-T-0246,T-0246,V-0229,5110018.2,2025-07-19T16:02:00,valid,,0
ocds-pgraph-T-0246,T-0246,V-0168,4776900.29,2025-07-19T18:59:00,valid,,1
ocds-pgraph-T-0247,T-0247,V-0152,3125303.03,2025-05-04T13:38:00,valid,,0
ocds-pgraph-T-0247,T-0247,V-0058,2840430.91,2025-05-04T15:13:00,valid,,1
ocds-pgraph-T-0247,T-0247,V-0227,3446260.34,2025-05-04T08:12:00,valid,,0
ocds-pgraph-T-0247,T-0247,V-0120,3388756.47,2025-05-04T12:56:00,valid,,0
ocds-pgraph-T-0248,T-0248,V-0168,2022229.15,2024-07-30T11:18:00,valid,,1
ocds-pgraph-T-0248,T-0248,V-0078,2022886.83,2024-07-30T15:55:00,valid,,0
ocds-pgraph-T-0249,T-0249,V-0078,8785030.29,2025-02-14T16:56:00,valid,,1
ocds-pgraph-T-0250,T-0250,V-0168,712286.13,2026-05-31T14:45:00,valid,,1
ocds-pgraph-T-0251,T-0251,V-0229,13182520.82,2023-06-02T12:47:00,valid,,0
ocds-pgraph-T-0251,T-0251,V-0072,11653376.76,2023-06-02T09:37:00,valid,,0
ocds-pgraph-T-0251,T-0251,V-0078,12524001.35,2023-06-02T08:53:00,valid,,0
ocds-pgraph-T-0251,T-0251,V-0168,14065224.84,2023-06-02T15:43:00,valid,,0
ocds-pgraph-T-0251,T-0251,V-0194,13113916.4,2023-06-02T08:39:00,valid,,0
ocds-pgraph-T-0251,T-0251,V-0189,11037610.94,2023-06-02T14:50:00,valid,,1
ocds-pgraph-T-0252,T-0252,V-0015,12627745.07,2024-12-07T16:47:00,valid,,0
ocds-pgraph-T-0252,T-0252,V-0228,9940279.11,2024-12-07T16:52:00,valid,,1
ocds-pgraph-T-0252,T-0252,V-0188,12474829.27,2024-12-07T11:56:00,valid,,0
ocds-pgraph-T-0252,T-0252,V-0084,12569394.24,2024-12-07T15:29:00,valid,,0
ocds-pgraph-T-0252,T-0252,V-0187,11433795.99,2024-12-07T14:48:00,valid,,0
ocds-pgraph-T-0253,T-0253,V-0084,9355788.57,2026-07-24T12:37:00,valid,,0
ocds-pgraph-T-0253,T-0253,V-0015,11128607.18,2026-07-24T11:27:00,valid,,0
ocds-pgraph-T-0253,T-0253,V-0188,9804804.18,2026-07-24T13:26:00,valid,,0
ocds-pgraph-T-0253,T-0253,V-0228,8788965.37,2026-07-24T14:28:00,valid,,1
ocds-pgraph-T-0253,T-0253,V-0029,9900616.5,2026-07-24T13:03:00,valid,,0
ocds-pgraph-T-0253,T-0253,V-0123,9862401.6,2026-07-24T15:03:00,valid,,0
ocds-pgraph-T-0254,T-0254,V-0188,4361716.05,2025-11-21T11:14:00,valid,,1
ocds-pgraph-T-0254,T-0254,V-0228,4554306.85,2025-11-21T13:02:00,valid,,0
ocds-pgraph-T-0255,T-0255,V-0111,4709385.46,2023-11-23T10:21:00,valid,,0
ocds-pgraph-T-0255,T-0255,V-0208,4620328.55,2023-11-23T08:22:00,valid,,0
ocds-pgraph-T-0255,T-0255,V-0073,4926815.15,2023-11-23T11:02:00,valid,,0
ocds-pgraph-T-0255,T-0255,V-0211,4614558.7,2023-11-23T18:01:00,valid,,0
ocds-pgraph-T-0255,T-0255,V-0170,3959021.57,2023-11-23T15:14:00,valid,,0
ocds-pgraph-T-0255,T-0255,V-0144,3958655.74,2023-11-23T10:37:00,valid,,1
ocds-pgraph-T-0256,T-0256,V-0211,2770885.54,2022-09-18T08:57:00,valid,,1
ocds-pgraph-T-0257,T-0257,V-0211,4749087.05,2022-09-15T13:14:00,valid,,0
ocds-pgraph-T-0257,T-0257,V-0111,4766863.78,2022-09-15T08:11:00,valid,,0
ocds-pgraph-T-0257,T-0257,V-0144,5130075.28,2022-09-15T12:43:00,valid,,0
ocds-pgraph-T-0257,T-0257,V-0073,4711802.73,2022-09-15T13:15:00,valid,,0
ocds-pgraph-T-0257,T-0257,V-0208,4626667.76,2022-09-15T18:39:00,valid,,1
ocds-pgraph-T-0258,T-0258,V-0021,5318449.6,2026-05-18T14:52:00,valid,,0
ocds-pgraph-T-0258,T-0258,V-0197,4360540.68,2026-05-18T18:43:00,valid,,0
ocds-pgraph-T-0258,T-0258,V-0149,5420672.62,2026-05-18T12:29:00,valid,,0
ocds-pgraph-T-0258,T-0258,V-0156,4832031.24,2026-05-18T09:06:00,valid,,0
ocds-pgraph-T-0258,T-0258,V-0210,4335293.95,2026-05-18T15:59:00,valid,,1
ocds-pgraph-T-0258,T-0258,V-0048,5202373.99,2026-05-18T11:44:00,valid,,0
ocds-pgraph-T-0259,T-0259,V-0084,8280461.75,2023-10-14T16:34:00,valid,,1
ocds-pgraph-T-0259,T-0259,V-0015,9350969.58,2023-10-14T18:59:00,valid,,0
ocds-pgraph-T-0259,T-0259,V-0228,10242923.97,2023-10-14T09:45:00,valid,,0
ocds-pgraph-T-0260,T-0260,V-0188,11606889.44,2024-04-19T09:46:00,valid,,1
ocds-pgraph-T-0261,T-0261,V-0208,3798351.19,2025-08-05T17:07:00,valid,,0
ocds-pgraph-T-0261,T-0261,V-0144,3661891.59,2025-08-05T10:50:00,valid,,1
ocds-pgraph-T-0261,T-0261,V-0111,4288995.23,2025-08-05T10:56:00,valid,,0
ocds-pgraph-T-0262,T-0262,V-0228,6400580.15,2025-02-14T09:33:00,valid,,0
ocds-pgraph-T-0262,T-0262,V-0084,6762510.27,2025-02-14T11:38:00,valid,,0
ocds-pgraph-T-0262,T-0262,V-0015,7101666.73,2025-02-14T12:22:00,valid,,0
ocds-pgraph-T-0262,T-0262,V-0188,7432596.25,2025-02-14T08:23:00,valid,,0
ocds-pgraph-T-0262,T-0262,V-0071,6810656.74,2025-02-14T13:15:00,valid,,0
ocds-pgraph-T-0262,T-0262,V-0018,6794828.65,2025-02-14T15:12:00,valid,,0
ocds-pgraph-T-0262,T-0262,V-0219,6382279.31,2025-02-14T15:48:00,valid,,1
ocds-pgraph-T-0263,T-0263,V-0015,13517840.1,2025-04-15T15:26:00,valid,,0
ocds-pgraph-T-0263,T-0263,V-0228,11462806.74,2025-04-15T15:39:00,valid,,1
ocds-pgraph-T-0264,T-0264,V-0156,2998491.53,2025-12-15T12:08:00,valid,,1
ocds-pgraph-T-0264,T-0264,V-0197,3728990.68,2025-12-15T10:28:00,valid,,0
ocds-pgraph-T-0265,T-0265,V-0156,9286959.72,2025-11-18T08:36:00,valid,,0
ocds-pgraph-T-0265,T-0265,V-0210,8044525.02,2025-11-18T17:56:00,valid,,1
ocds-pgraph-T-0265,T-0265,V-0149,9132301.35,2025-11-18T10:12:00,valid,,0
ocds-pgraph-T-0265,T-0265,V-0197,8152689.32,2025-11-18T15:11:00,valid,,0
ocds-pgraph-T-0265,T-0265,V-0021,9347874.25,2025-11-18T14:46:00,valid,,0
ocds-pgraph-T-0266,T-0266,V-0228,1512962.38,2024-11-26T08:36:00,valid,,1
ocds-pgraph-T-0266,T-0266,V-0015,1760219.77,2024-11-26T15:31:00,valid,,0
ocds-pgraph-T-0267,T-0267,V-0210,3363126.59,2026-05-19T11:21:00,valid,,0
ocds-pgraph-T-0267,T-0267,V-0021,3044804.59,2026-05-19T09:26:00,valid,,1
ocds-pgraph-T-0267,T-0267,V-0197,3225747.96,2026-05-19T10:31:00,valid,,0
ocds-pgraph-T-0268,T-0268,V-0073,1919643.87,2024-02-20T17:49:00,valid,,0
ocds-pgraph-T-0268,T-0268,V-0111,1742400.57,2024-02-20T12:51:00,valid,,0
ocds-pgraph-T-0268,T-0268,V-0211,1758155.34,2024-02-20T08:21:00,valid,,0
ocds-pgraph-T-0268,T-0268,V-0170,1574825.7,2024-02-20T09:36:00,valid,,1
ocds-pgraph-T-0269,T-0269,V-0210,6999976.04,2025-11-22T15:43:00,valid,,0
ocds-pgraph-T-0269,T-0269,V-0149,7299906.03,2025-11-22T15:03:00,valid,,0
ocds-pgraph-T-0269,T-0269,V-0197,6930473.71,2025-11-22T17:49:00,valid,,1
ocds-pgraph-T-0269,T-0269,V-0156,8585483.46,2025-11-22T10:14:00,valid,,0
ocds-pgraph-T-0269,T-0269,V-0021,8735337.91,2025-11-22T09:21:00,valid,,0
ocds-pgraph-T-0269,T-0269,V-0088,8383209.8,2025-11-22T18:23:00,valid,,0
ocds-pgraph-T-0270,T-0270,V-0208,2324015.29,2025-10-05T15:51:00,valid,,0
ocds-pgraph-T-0270,T-0270,V-0111,2312365.07,2025-10-05T15:39:00,valid,,0
ocds-pgraph-T-0270,T-0270,V-0211,2154167.95,2025-10-05T11:48:00,valid,,1
ocds-pgraph-T-0271,T-0271,V-0211,6337759.82,2026-04-21T08:44:00,valid,,0
ocds-pgraph-T-0271,T-0271,V-0111,5357188.1,2026-04-21T12:23:00,valid,,1
ocds-pgraph-T-0271,T-0271,V-0144,5725542.92,2026-04-21T17:13:00,valid,,0
ocds-pgraph-T-0271,T-0271,V-0208,6257859.79,2026-04-21T11:30:00,valid,,0
ocds-pgraph-T-0272,T-0272,V-0210,12877670.87,2025-11-27T15:34:00,valid,,0
ocds-pgraph-T-0272,T-0272,V-0197,13678875.05,2025-11-27T11:50:00,valid,,0
ocds-pgraph-T-0272,T-0272,V-0021,11360141.72,2025-11-27T15:23:00,valid,,1
ocds-pgraph-T-0272,T-0272,V-0149,12652603.26,2025-11-27T09:24:00,valid,,0
ocds-pgraph-T-0272,T-0272,V-0156,12711726.9,2025-11-27T12:59:00,valid,,0
ocds-pgraph-T-0274,T-0274,V-0211,3066581.78,2026-07-07T08:46:00,valid,,1
ocds-pgraph-T-0274,T-0274,V-0170,3242299.65,2026-07-07T16:44:00,valid,,0
ocds-pgraph-T-0274,T-0274,V-0208,3692859.3,2026-07-07T12:06:00,valid,,0
ocds-pgraph-T-0274,T-0274,V-0111,3813714.5,2026-07-07T08:09:00,valid,,0
ocds-pgraph-T-0274,T-0274,V-0073,3070279.0,2026-07-07T13:36:00,valid,,0
ocds-pgraph-T-0276,T-0276,V-0144,2737179.05,2025-10-09T08:10:00,valid,,0
ocds-pgraph-T-0276,T-0276,V-0211,2588396.48,2025-10-09T15:05:00,valid,,1
ocds-pgraph-T-0276,T-0276,V-0073,3338330.37,2025-10-09T13:27:00,valid,,0
ocds-pgraph-T-0276,T-0276,V-0111,2783805.82,2025-10-09T08:33:00,valid,,0
ocds-pgraph-T-0277,T-0277,V-0188,3255304.53,2025-01-22T11:59:00,valid,,1
ocds-pgraph-T-0277,T-0277,V-0015,3526453.7,2025-01-22T15:31:00,valid,,0
ocds-pgraph-T-0277,T-0277,V-0084,3818088.88,2025-01-22T09:13:00,valid,,0
ocds-pgraph-T-0277,T-0277,V-0228,3699525.03,2025-01-22T16:08:00,valid,,0
ocds-pgraph-T-0278,T-0278,V-0169,3956619.31,2024-06-21T08:08:00,valid,,0
ocds-pgraph-T-0278,T-0278,V-0238,3663009.45,2024-06-21T16:54:00,valid,,1
ocds-pgraph-T-0278,T-0278,V-0181,4182378.97,2024-06-21T14:19:00,valid,,0
ocds-pgraph-T-0278,T-0278,V-0069,3768706.48,2024-06-21T18:21:00,valid,,0
ocds-pgraph-T-0279,T-0279,V-0096,9861543.95,2024-09-28T17:31:00,valid,,1
ocds-pgraph-T-0279,T-0279,V-0182,12123521.49,2024-09-28T17:19:00,valid,,0
ocds-pgraph-T-0279,T-0279,V-0176,12340569.17,2024-09-28T10:13:00,valid,,0
ocds-pgraph-T-0279,T-0279,V-0153,11860270.97,2024-09-28T09:30:00,valid,,0
ocds-pgraph-T-0279,T-0279,V-0218,10409064.38,2024-09-28T09:29:00,valid,,0
ocds-pgraph-T-0279,T-0279,V-0131,11604385.11,2024-09-28T18:51:00,valid,,0
ocds-pgraph-T-0281,T-0281,V-0123,12143523.44,2024-12-01T17:58:00,valid,,1
ocds-pgraph-T-0282,T-0282,V-Y008,6795399.31,2022-10-28T09:18:00,valid,,1
ocds-pgraph-T-0282,T-0282,V-0209,8028298.13,2022-10-28T12:52:00,valid,,0
ocds-pgraph-T-0282,T-0282,V-0155,7053993.79,2022-10-28T11:15:00,valid,,0
ocds-pgraph-T-0282,T-0282,V-0131,8303625.24,2022-10-28T15:51:00,valid,,0
ocds-pgraph-T-0283,T-0283,V-0182,11218771.79,2024-06-23T17:13:00,valid,,0
ocds-pgraph-T-0283,T-0283,V-0020,10206616.84,2024-06-23T16:23:00,valid,,0
ocds-pgraph-T-0283,T-0283,V-0096,11416150.29,2024-06-23T17:44:00,valid,,0
ocds-pgraph-T-0283,T-0283,V-0013,10043842.34,2024-06-23T15:56:00,valid,,0
ocds-pgraph-T-0283,T-0283,V-0209,8976891.22,2024-06-23T13:56:00,valid,,1
ocds-pgraph-T-0283,T-0283,V-0218,9556566.44,2024-06-23T08:11:00,valid,,0
ocds-pgraph-T-0283,T-0283,V-0155,10894298.97,2024-06-23T11:31:00,valid,,0
ocds-pgraph-T-0284,T-0284,V-0123,1385418.13,2023-07-23T13:38:00,valid,,0
ocds-pgraph-T-0284,T-0284,V-0093,1286480.04,2023-07-23T17:50:00,valid,,1
ocds-pgraph-T-0284,T-0284,V-Y005,1292181.21,2023-07-23T15:36:00,valid,,0
ocds-pgraph-T-0285,T-0285,V-0218,2710101.06,2023-01-07T15:40:00,valid,,0
ocds-pgraph-T-0285,T-0285,V-0093,2503590.0,2023-01-07T18:13:00,valid,,1
ocds-pgraph-T-0286,T-0286,V-0061,6180540.04,2024-02-25T13:55:00,valid,,0
ocds-pgraph-T-0286,T-0286,V-Y006,4900701.17,2024-02-25T08:45:00,valid,,1
ocds-pgraph-T-0287,T-0287,V-0238,2272655.81,2024-12-19T16:43:00,valid,,0
ocds-pgraph-T-0287,T-0287,V-0181,2033540.55,2024-12-19T11:22:00,valid,,0
ocds-pgraph-T-0287,T-0287,V-0169,2292477.02,2024-12-19T09:32:00,valid,,0
ocds-pgraph-T-0287,T-0287,V-0069,2232290.16,2024-12-19T11:35:00,valid,,0
ocds-pgraph-T-0287,T-0287,V-0090,1830917.62,2024-12-19T14:55:00,valid,,1
ocds-pgraph-T-0287,T-0287,V-0056,1853530.56,2024-12-19T13:25:00,valid,,0
ocds-pgraph-T-0288,T-0288,V-0020,8760097.87,2025-11-29T18:12:00,valid,,0
ocds-pgraph-T-0288,T-0288,V-0155,9763987.91,2025-11-29T17:04:00,valid,,0
ocds-pgraph-T-0288,T-0288,V-0096,8201567.27,2025-11-29T12:37:00,valid,,1
ocds-pgraph-T-0289,T-0289,V-0238,2009104.5,2026-07-29T10:10:00,valid,,0
ocds-pgraph-T-0289,T-0289,V-0169,2165834.51,2026-07-29T16:50:00,valid,,0
ocds-pgraph-T-0289,T-0289,V-0069,1828676.14,2026-07-29T13:05:00,valid,,1
ocds-pgraph-T-0289,T-0289,V-0181,2148496.59,2026-07-29T08:02:00,valid,,0
ocds-pgraph-T-0290,T-0290,V-0131,9299011.47,2023-09-25T08:57:00,valid,,1
ocds-pgraph-T-0290,T-0290,V-0096,11662473.78,2023-09-25T17:08:00,valid,,0
ocds-pgraph-T-0290,T-0290,V-S001,11668234.09,2023-09-25T08:50:00,valid,,0
ocds-pgraph-T-0291,T-0291,V-0093,6659681.62,2025-06-30T08:42:00,valid,,0
ocds-pgraph-T-0291,T-0291,V-0155,6372264.89,2025-06-30T15:27:00,valid,,1
ocds-pgraph-T-0291,T-0291,V-0123,6402466.03,2025-06-30T08:27:00,valid,,0
ocds-pgraph-T-0291,T-0291,V-0118,6602069.46,2025-06-30T10:30:00,valid,,0
ocds-pgraph-T-0292,T-0292,V-Y008,5655459.1,2025-12-16T14:26:00,valid,,1
ocds-pgraph-T-0292,T-0292,V-0096,6522326.38,2025-12-16T08:24:00,valid,,0
ocds-pgraph-T-0293,T-0293,V-S001,6715819.27,2026-06-10T10:12:00,valid,,0
ocds-pgraph-T-0293,T-0293,V-Y008,5398509.37,2026-06-10T09:02:00,valid,,1
ocds-pgraph-T-0293,T-0293,V-0176,5433485.73,2026-06-10T12:52:00,valid,,0
ocds-pgraph-T-0294,T-0294,V-Y005,11670205.01,2026-02-10T08:11:00,valid,,0
ocds-pgraph-T-0294,T-0294,V-0093,11557917.92,2026-02-10T14:05:00,valid,,0
ocds-pgraph-T-0294,T-0294,V-0155,11107942.71,2026-02-10T12:16:00,valid,,1
ocds-pgraph-T-0295,T-0295,V-0069,1455956.27,2025-03-05T14:39:00,valid,,1
ocds-pgraph-T-0296,T-0296,V-0069,601374.9,2025-07-14T10:46:00,valid,,0
ocds-pgraph-T-0296,T-0296,V-0181,695924.05,2025-07-14T12:27:00,valid,,0
ocds-pgraph-T-0296,T-0296,V-0238,608602.97,2025-07-14T13:53:00,valid,,0
ocds-pgraph-T-0296,T-0296,V-0169,582269.71,2025-07-14T09:21:00,valid,,1
ocds-pgraph-T-0296,T-0296,V-0180,630182.62,2025-07-14T18:03:00,valid,,0
ocds-pgraph-T-0297,T-0297,V-0118,6378569.09,2024-01-11T17:40:00,valid,,0
ocds-pgraph-T-0297,T-0297,V-0061,7511637.36,2024-01-11T08:01:00,valid,,0
ocds-pgraph-T-0297,T-0297,V-0218,5808489.83,2024-01-11T08:28:00,valid,,1
ocds-pgraph-T-0297,T-0297,V-Y006,7115063.2,2024-01-11T18:43:00,valid,,0
ocds-pgraph-T-0298,T-0298,V-0123,4129675.91,2026-02-13T08:40:00,valid,,0
ocds-pgraph-T-0298,T-0298,V-Y005,3856662.45,2026-02-13T13:44:00,valid,,0
ocds-pgraph-T-0298,T-0298,V-0061,3672362.54,2026-02-13T11:08:00,valid,,1
ocds-pgraph-T-0298,T-0298,V-0218,4028077.25,2026-02-13T17:18:00,valid,,0
ocds-pgraph-T-0298,T-0298,V-0093,3704138.23,2026-02-13T15:38:00,valid,,0
ocds-pgraph-T-0298,T-0298,V-0155,4106784.23,2026-02-13T18:41:00,valid,,0
ocds-pgraph-T-0299,T-0299,V-0061,5932586.89,2026-06-09T16:13:00,valid,,0
ocds-pgraph-T-0299,T-0299,V-Y006,5080535.21,2026-06-09T08:56:00,valid,,1
ocds-pgraph-T-0299,T-0299,V-0093,5975748.69,2026-06-09T16:52:00,valid,,0
ocds-pgraph-T-0300,T-0300,V-S001,8315519.44,2026-02-08T11:57:00,valid,,1
ocds-pgraph-T-0302,T-0302,V-0153,3550226.92,2023-01-30T15:07:00,valid,,1
ocds-pgraph-T-0302,T-0302,V-Y008,3742116.62,2023-01-30T08:05:00,valid,,0
ocds-pgraph-T-0302,T-0302,V-0013,3759420.85,2023-01-30T10:47:00,valid,,0
ocds-pgraph-T-0302,T-0302,V-0155,4627418.05,2023-01-30T16:06:00,valid,,0
ocds-pgraph-T-0302,T-0302,V-0209,3749061.12,2023-01-30T15:24:00,valid,,0
ocds-pgraph-T-0302,T-0302,V-0131,3989425.12,2023-01-30T09:24:00,valid,,0
ocds-pgraph-T-0302,T-0302,V-0096,4553022.58,2023-01-30T13:48:00,valid,,0
ocds-pgraph-T-0303,T-0303,V-S001,12399886.14,2026-04-12T13:10:00,valid,,0
ocds-pgraph-T-0303,T-0303,V-0131,12781890.16,2026-04-12T12:39:00,valid,,0
ocds-pgraph-T-0303,T-0303,V-0155,12284674.68,2026-04-12T14:55:00,valid,,1
ocds-pgraph-T-0303,T-0303,V-Y006,12292988.7,2026-04-12T15:18:00,valid,,0
ocds-pgraph-T-0304,T-0304,V-0169,1172209.45,2024-09-07T15:01:00,valid,,0
ocds-pgraph-T-0304,T-0304,V-0238,1096242.82,2024-09-07T18:00:00,valid,,1
ocds-pgraph-T-0304,T-0304,V-0069,1212042.22,2024-09-07T12:12:00,valid,,0
ocds-pgraph-T-0304,T-0304,V-0181,1246503.37,2024-09-07T17:52:00,valid,,0
ocds-pgraph-T-0305,T-0305,V-0093,4490741.71,2023-03-06T11:51:00,valid,,1
ocds-pgraph-T-0305,T-0305,V-Y005,4896022.21,2023-03-06T17:47:00,valid,,0
ocds-pgraph-T-0305,T-0305,V-0155,4768490.12,2023-03-06T11:20:00,valid,,0
ocds-pgraph-T-0306,T-0306,V-0069,4233000.94,2024-06-09T09:19:00,valid,,0
ocds-pgraph-T-0306,T-0306,V-0238,4609192.91,2024-06-09T18:37:00,valid,,0
ocds-pgraph-T-0306,T-0306,V-0169,4366557.71,2024-06-09T12:29:00,valid,,0
ocds-pgraph-T-0306,T-0306,V-0181,3959491.66,2024-06-09T09:42:00,valid,,0
ocds-pgraph-T-0306,T-0306,V-0058,4489041.23,2024-06-09T14:34:00,valid,,0
ocds-pgraph-T-0306,T-0306,V-0231,3653150.42,2024-06-09T12:06:00,valid,,1
ocds-pgraph-T-0307,T-0307,V-0093,11703705.75,2023-08-07T13:32:00,valid,,0
ocds-pgraph-T-0307,T-0307,V-Y006,9562410.02,2023-08-07T15:27:00,valid,,1
ocds-pgraph-T-0307,T-0307,V-0218,9920967.62,2023-08-07T08:12:00,valid,,0
ocds-pgraph-T-0307,T-0307,V-0155,11875959.4,2023-08-07T17:56:00,valid,,0
ocds-pgraph-T-0307,T-0307,V-Y005,10063591.09,2023-08-07T09:00:00,valid,,0
ocds-pgraph-T-0308,T-0308,V-0019,10972457.77,2026-01-16T15:08:00,valid,,0
ocds-pgraph-T-0308,T-0308,V-0104,11087135.0,2026-01-16T18:56:00,valid,,0
ocds-pgraph-T-0308,T-0308,V-0200,10466737.28,2026-01-16T13:13:00,valid,,1
ocds-pgraph-T-0308,T-0308,V-0018,11334693.18,2026-01-16T13:01:00,valid,,0
ocds-pgraph-T-0308,T-0308,V-0097,12966785.72,2026-01-16T09:55:00,valid,,0
ocds-pgraph-T-0308,T-0308,V-0135,11786114.88,2026-01-16T12:17:00,valid,,0
ocds-pgraph-T-0309,T-0309,V-0056,13296100.71,2026-01-23T12:47:00,valid,,0
ocds-pgraph-T-0309,T-0309,V-0083,11063112.64,2026-01-23T08:04:00,valid,,1
ocds-pgraph-T-0309,T-0309,V-S008,11734328.56,2026-01-23T15:03:00,valid,,0
ocds-pgraph-T-0309,T-0309,V-0135,12557891.86,2026-01-23T18:50:00,valid,,0
ocds-pgraph-T-0309,T-0309,V-0104,11434575.63,2026-01-23T12:15:00,valid,,0
ocds-pgraph-T-0310,T-0310,V-0104,55615602.7,2024-06-06T18:51:00,valid,,1
ocds-pgraph-T-0310,T-0310,V-0135,65748433.06,2024-06-06T13:23:00,valid,,0
ocds-pgraph-T-0310,T-0310,V-0097,60142789.36,2024-06-06T10:58:00,valid,,0
ocds-pgraph-T-0310,T-0310,V-0019,56437555.74,2024-06-06T08:37:00,valid,,0
ocds-pgraph-T-0310,T-0310,V-0200,56702789.66,2024-06-06T08:21:00,valid,,0
ocds-pgraph-T-0311,T-0311,V-0213,8012978.61,2025-06-30T10:57:00,valid,,0
ocds-pgraph-T-0311,T-0311,V-0207,7900297.7,2025-06-30T09:09:00,valid,,0
ocds-pgraph-T-0311,T-0311,V-S008,6949183.76,2025-06-30T08:58:00,valid,,1
ocds-pgraph-T-0311,T-0311,V-0009,7091207.22,2025-06-30T11:35:00,valid,,0
ocds-pgraph-T-0311,T-0311,V-0038,7644266.08,2025-06-30T14:10:00,valid,,0
ocds-pgraph-T-0311,T-0311,V-0137,8215420.85,2025-06-30T08:51:00,valid,,0
ocds-pgraph-T-0313,T-0313,V-0213,2005701.32,2026-04-13T12:18:00,valid,,0
ocds-pgraph-T-0313,T-0313,V-S008,1697474.74,2026-04-13T09:57:00,valid,,0
ocds-pgraph-T-0313,T-0313,V-0207,1893980.9,2026-04-13T18:05:00,valid,,0
ocds-pgraph-T-0313,T-0313,V-0116,1629901.17,2026-04-13T10:02:00,valid,,1
ocds-pgraph-T-0314,T-0314,V-0200,9772994.83,2024-04-12T14:54:00,valid,,0
ocds-pgraph-T-0314,T-0314,V-0018,10415093.06,2024-04-12T09:12:00,valid,,0
ocds-pgraph-T-0314,T-0314,V-0067,10521431.03,2024-04-12T16:54:00,valid,,0
ocds-pgraph-T-0314,T-0314,V-0207,11458275.28,2024-04-12T16:33:00,valid,,0
ocds-pgraph-T-0314,T-0314,V-0094,12647258.06,2024-04-12T18:53:00,valid,,0
ocds-pgraph-T-0314,T-0314,V-0043,9633715.92,2024-04-12T12:56:00,valid,,1
ocds-pgraph-T-0315,T-0315,V-0207,5575285.35,2024-01-09T09:07:00,valid,,1
ocds-pgraph-T-0315,T-0315,V-0213,6385766.07,2024-01-09T13:31:00,valid,,0
ocds-pgraph-T-0315,T-0315,V-S008,6151261.35,2024-01-09T15:00:00,valid,,0
ocds-pgraph-T-0315,T-0315,V-0045,5797896.29,2024-01-09T16:24:00,valid,,0
ocds-pgraph-T-0315,T-0315,V-0124,6321641.89,2024-01-09T12:12:00,valid,,0
ocds-pgraph-T-0315,T-0315,V-0038,6035968.47,2024-01-09T16:18:00,valid,,0
ocds-pgraph-T-0316,T-0316,V-0018,13820379.0,2025-11-10T11:18:00,valid,,1
ocds-pgraph-T-0316,T-0316,V-0067,15326431.52,2025-11-10T11:43:00,valid,,0
ocds-pgraph-T-0316,T-0316,V-0200,13970533.11,2025-11-10T19:00:00,valid,,0
ocds-pgraph-T-0317,T-0317,V-S008,7950562.91,2025-11-30T13:10:00,valid,,1
ocds-pgraph-T-0319,T-0319,V-0018,19568134.11,2025-08-07T18:16:00,valid,,0
ocds-pgraph-T-0319,T-0319,V-0200,25499327.0,2025-08-07T15:02:00,valid,,0
ocds-pgraph-T-0319,T-0319,V-0207,23548132.5,2025-08-07T08:10:00,valid,,0
ocds-pgraph-T-0319,T-0319,V-0067,19543222.07,2025-08-07T11:09:00,valid,,1
ocds-pgraph-T-0319,T-0319,V-0054,21874366.91,2025-08-07T11:56:00,valid,,0
ocds-pgraph-T-0319,T-0319,V-0224,24895547.88,2025-08-07T14:16:00,valid,,0
ocds-pgraph-T-0320,T-0320,V-0056,2765883.54,2026-05-14T08:24:00,valid,,0
ocds-pgraph-T-0320,T-0320,V-0083,2560750.01,2026-05-14T09:56:00,valid,,0
ocds-pgraph-T-0320,T-0320,V-0104,2222279.61,2026-05-14T16:35:00,valid,,1
ocds-pgraph-T-0321,T-0321,V-0207,4800444.99,2026-05-08T12:35:00,valid,,1
ocds-pgraph-T-0321,T-0321,V-S008,5259356.19,2026-05-08T11:45:00,valid,,0
ocds-pgraph-T-0321,T-0321,V-0213,6028335.03,2026-05-08T18:01:00,valid,,0
ocds-pgraph-T-0321,T-0321,V-0061,5986733.86,2026-05-08T15:32:00,valid,,0
ocds-pgraph-T-0321,T-0321,V-0214,5722277.99,2026-05-08T10:25:00,valid,,0
ocds-pgraph-T-0322,T-0322,V-0213,5816399.31,2023-05-25T08:33:00,valid,,0
ocds-pgraph-T-0322,T-0322,V-0207,7130030.88,2023-05-25T09:11:00,valid,,0
ocds-pgraph-T-0322,T-0322,V-S008,5584351.69,2023-05-25T10:29:00,valid,,1
ocds-pgraph-T-0322,T-0322,V-0236,5906928.92,2023-05-25T09:57:00,valid,,0
ocds-pgraph-T-0322,T-0322,V-0192,6664864.11,2023-05-25T16:43:00,valid,,0
ocds-pgraph-T-0323,T-0323,V-0207,16781372.85,2025-02-22T08:08:00,valid,,0
ocds-pgraph-T-0323,T-0323,V-0018,13752512.02,2025-02-22T16:27:00,valid,,1
ocds-pgraph-T-0323,T-0323,V-0067,17481161.84,2025-02-22T13:06:00,valid,,0
ocds-pgraph-T-0323,T-0323,V-0200,14212821.46,2025-02-22T11:55:00,valid,,0
ocds-pgraph-T-0323,T-0323,V-0008,18082702.45,2025-02-22T16:44:00,valid,,0
ocds-pgraph-T-0323,T-0323,V-0110,17208785.6,2025-02-22T09:07:00,valid,,0
ocds-pgraph-T-0324,T-0324,V-0018,29679835.32,2025-09-03T17:40:00,valid,,0
ocds-pgraph-T-0324,T-0324,V-0067,25936396.76,2025-09-03T15:03:00,valid,,1
ocds-pgraph-T-0325,T-0325,V-0207,2513285.08,2023-01-11T14:40:00,valid,,1
ocds-pgraph-T-0326,T-0326,V-0207,8791426.64,2025-09-27T09:22:00,valid,,0
ocds-pgraph-T-0326,T-0326,V-S008,7568752.65,2025-09-27T16:12:00,valid,,1
ocds-pgraph-T-0326,T-0326,V-0213,8224574.52,2025-09-27T08:27:00,valid,,0
ocds-pgraph-T-0326,T-0326,V-0120,9533334.45,2025-09-27T17:58:00,valid,,0
ocds-pgraph-T-0326,T-0326,V-0038,8680125.02,2025-09-27T09:37:00,valid,,0
ocds-pgraph-T-0326,T-0326,V-0160,9177956.13,2025-09-27T10:58:00,valid,,0
ocds-pgraph-T-0327,T-0327,V-0207,31365717.02,2026-01-20T10:20:00,valid,,0
ocds-pgraph-T-0327,T-0327,V-0200,31174643.52,2026-01-20T13:41:00,valid,,0
ocds-pgraph-T-0327,T-0327,V-0067,31048083.78,2026-01-20T16:03:00,valid,,1
ocds-pgraph-T-0327,T-0327,V-0018,33628386.31,2026-01-20T16:00:00,valid,,0
ocds-pgraph-T-0328,T-0328,V-0207,6427903.0,2024-01-29T11:26:00,valid,,1
ocds-pgraph-T-0328,T-0328,V-0200,6848512.59,2024-01-29T14:40:00,valid,,0
ocds-pgraph-T-0328,T-0328,V-0067,8087995.48,2024-01-29T15:57:00,valid,,0
ocds-pgraph-T-0329,T-0329,V-0018,21572390.18,2026-07-23T08:45:00,valid,,0
ocds-pgraph-T-0329,T-0329,V-0067,20926561.7,2026-07-23T17:39:00,valid,,0
ocds-pgraph-T-0329,T-0329,V-0207,24885189.58,2026-07-23T11:03:00,valid,,0
ocds-pgraph-T-0329,T-0329,V-0200,20564513.24,2026-07-23T17:58:00,valid,,1
ocds-pgraph-T-0330,T-0330,V-0104,13270974.41,2022-09-24T13:18:00,valid,,0
ocds-pgraph-T-0330,T-0330,V-0135,10669558.47,2022-09-24T11:11:00,valid,,1
ocds-pgraph-T-0330,T-0330,V-S008,12752807.54,2022-09-24T15:58:00,valid,,0
ocds-pgraph-T-0331,T-0331,V-0054,7894423.49,2026-02-17T10:34:00,valid,,1
ocds-pgraph-T-0331,T-0331,V-0110,8967735.9,2026-02-17T13:30:00,valid,,0
ocds-pgraph-T-0332,T-0332,V-0105,6710391.92,2026-01-23T08:17:00,valid,,0
ocds-pgraph-T-0332,T-0332,V-0068,6382648.78,2026-01-23T14:11:00,valid,,1
ocds-pgraph-T-0332,T-0332,V-Y001,6512426.25,2026-01-23T18:35:00,valid,,0
ocds-pgraph-T-0332,T-0332,V-0172,6458058.48,2026-01-23T08:33:00,valid,,0
ocds-pgraph-T-0332,T-0332,V-0054,7494815.37,2026-01-23T08:30:00,valid,,0
ocds-pgraph-T-0333,T-0333,V-S005,1773796.97,2023-02-01T13:39:00,valid,,1
ocds-pgraph-T-0334,T-0334,V-0138,46688082.18,2023-08-27T11:54:00,valid,,1
ocds-pgraph-T-0334,T-0334,V-0172,59635925.88,2023-08-27T16:19:00,valid,,0
ocds-pgraph-T-0334,T-0334,V-0125,57500472.13,2023-08-27T15:51:00,valid,,0
ocds-pgraph-T-0335,T-0335,V-S005,8911959.72,2024-09-13T09:43:00,valid,,0
ocds-pgraph-T-0335,T-0335,V-0010,7680384.46,2024-09-13T14:08:00,valid,,1
ocds-pgraph-T-0335,T-0335,V-0137,9537136.19,2024-09-13T08:45:00,valid,,0
ocds-pgraph-T-0335,T-0335,V-0045,9602433.39,2024-09-13T13:18:00,valid,,0
ocds-pgraph-T-0335,T-0335,V-0074,7836924.09,2024-09-13T10:46:00,valid,,0
ocds-pgraph-T-0336,T-0336,V-0010,3785530.72,2026-04-20T12:50:00,valid,,0
ocds-pgraph-T-0336,T-0336,V-S005,3518712.62,2026-04-20T12:22:00,valid,,1
ocds-pgraph-T-0336,T-0336,V-0120,4422082.47,2026-04-20T17:59:00,valid,,0
ocds-pgraph-T-0337,T-0337,V-0068,15917993.19,2023-02-05T09:45:00,valid,,1
ocds-pgraph-T-0338,T-0338,V-0138,12809124.44,2026-06-13T18:47:00,valid,,0
ocds-pgraph-T-0338,T-0338,V-0172,12911504.36,2026-06-13T17:10:00,valid,,0
ocds-pgraph-T-0338,T-0338,V-0125,11269492.9,2026-06-13T12:37:00,valid,,1
ocds-pgraph-T-0338,T-0338,V-0001,13079101.03,2026-06-13T12:59:00,valid,,0
ocds-pgraph-T-0339,T-0339,V-0201,7379939.73,2025-02-28T09:37:00,valid,,0
ocds-pgraph-T-0339,T-0339,V-0105,7684722.1,2025-02-28T13:05:00,valid,,0
ocds-pgraph-T-0339,T-0339,V-0068,6219143.77,2025-02-28T08:31:00,valid,,1
ocds-pgraph-T-0340,T-0340,V-0026,30237437.95,2024-11-20T15:31:00,valid,,0
ocds-pgraph-T-0340,T-0340,V-0054,25905556.3,2024-11-20T13:33:00,valid,,0
ocds-pgraph-T-0340,T-0340,V-0068,26063925.97,2024-11-20T11:27:00,valid,,0
ocds-pgraph-T-0340,T-0340,V-0201,24869718.06,2024-11-20T13:56:00,valid,,0
ocds-pgraph-T-0340,T-0340,V-Y001,25241522.21,2024-11-20T08:30:00,valid,,0
ocds-pgraph-T-0340,T-0340,V-0110,25784896.78,2024-11-20T15:15:00,valid,,0
ocds-pgraph-T-0340,T-0340,V-0105,23764544.19,2024-11-20T08:19:00,valid,,1
ocds-pgraph-T-0341,T-0341,V-S005,4542377.22,2022-11-02T10:36:00,valid,,1
ocds-pgraph-T-0342,T-0342,V-0172,34766239.72,2024-09-29T15:46:00,valid,,0
ocds-pgraph-T-0342,T-0342,V-0125,30590327.55,2024-09-29T11:08:00,valid,,0
ocds-pgraph-T-0342,T-0342,V-0001,29855430.29,2024-09-29T09:48:00,valid,,1
ocds-pgraph-T-0342,T-0342,V-0138,38185630.4,2024-09-29T16:35:00,valid,,0
ocds-pgraph-T-0343,T-0343,V-0223,18563885.87,2024-11-04T15:43:00,valid,,0
ocds-pgraph-T-0343,T-0343,V-0099,14650153.91,2024-11-04T08:47:00,valid,,1
ocds-pgraph-T-0343,T-0343,V-0115,16942125.14,2024-11-04T10:28:00,valid,,0
ocds-pgraph-T-0344,T-0344,V-S005,3297115.38,2024-11-22T12:11:00,valid,,0
ocds-pgraph-T-0344,T-0344,V-0010,3783922.26,2024-11-22T16:34:00,valid,,0
ocds-pgraph-T-0344,T-0344,V-0192,3167962.04,2024-11-22T16:46:00,valid,,1
ocds-pgraph-T-0344,T-0344,V-0005,3688819.8,2024-11-22T08:10:00,valid,,0
ocds-pgraph-T-0344,T-0344,V-0236,3221150.34,2024-11-22T10:15:00,valid,,0
ocds-pgraph-T-0344,T-0344,V-0193,3529203.45,2024-11-22T11:39:00,valid,,0
ocds-pgraph-T-0345,T-0345,V-S005,9445591.79,2025-05-07T12:34:00,valid,,1
ocds-pgraph-T-0345,T-0345,V-0010,10122730.67,2025-05-07T12:07:00,valid,,0
ocds-pgraph-T-0345,T-0345,V-0124,10456793.42,2025-05-07T08:12:00,valid,,0
ocds-pgraph-T-0346,T-0346,V-0172,20395994.66,2022-11-13T14:27:00,valid,,1
ocds-pgraph-T-0347,T-0347,V-0138,8738919.69,2026-04-20T09:42:00,valid,,0
ocds-pgraph-T-0347,T-0347,V-0172,8723070.8,2026-04-20T16:29:00,valid,,0
ocds-pgraph-T-0347,T-0347,V-0001,8159514.79,2026-04-20T08:38:00,valid,,0
ocds-pgraph-T-0347,T-0347,V-0125,8044529.55,2026-04-20T11:47:00,valid,,0
ocds-pgraph-T-0347,T-0347,V-0070,7874465.66,2026-04-20T16:04:00,valid,,0
ocds-pgraph-T-0347,T-0347,V-0157,7836864.26,2026-04-20T16:24:00,valid,,1
ocds-pgraph-T-0347,T-0347,V-0018,8085848.78,2026-04-20T08:49:00,valid,,0
ocds-pgraph-T-0348,T-0348,V-0115,17050829.38,2023-02-28T11:28:00,valid,,0
ocds-pgraph-T-0348,T-0348,V-S010,14657979.68,2023-02-28T14:46:00,valid,,1
ocds-pgraph-T-0348,T-0348,V-0099,14793717.58,2023-02-28T11:47:00,valid,,0
ocds-pgraph-T-0348,T-0348,V-0028,15948009.09,2023-02-28T17:47:00,valid,,0
ocds-pgraph-T-0349,T-0349,V-0010,8388936.57,2026-01-24T15:28:00,valid,,0
ocds-pgraph-T-0349,T-0349,V-S005,8018900.89,2026-01-24T15:08:00,valid,,0
ocds-pgraph-T-0349,T-0349,V-0236,6687078.1,2026-01-24T10:56:00,valid,,1
ocds-pgraph-T-0349,T-0349,V-0074,8624728.02,2026-01-24T16:35:00,valid,,0
ocds-pgraph-T-0350,T-0350,V-0010,12092058.22,2025-10-30T11:45:00,valid,,1
ocds-pgraph-T-0351,T-0351,V-0054,14941230.65,2023-01-26T17:09:00,valid,,0
ocds-pgraph-T-0351,T-0351,V-0110,12503617.4,2023-01-26T16:03:00,valid,,1
ocds-pgraph-T-0351,T-0351,V-Y001,15459729.38,2023-01-26T11:25:00,valid,,0
ocds-pgraph-T-0351,T-0351,V-0026,12675401.66,2023-01-26T08:58:00,valid,,0
ocds-pgraph-T-0352,T-0352,V-0223,19982956.91,2026-02-06T17:12:00,valid,,0
ocds-pgraph-T-0352,T-0352,V-0028,20122969.98,2026-02-06T12:48:00,valid,,0
ocds-pgraph-T-0352,T-0352,V-S010,21598371.88,2026-02-06T15:55:00,valid,,0
ocds-pgraph-T-0352,T-0352,V-0115,20821227.99,2026-02-06T08:15:00,valid,,0
ocds-pgraph-T-0352,T-0352,V-0099,18140597.67,2026-02-06T09:22:00,valid,,1
ocds-pgraph-T-0353,T-0353,V-0172,8994962.09,2024-04-10T11:48:00,valid,,1
ocds-pgraph-T-0354,T-0354,V-0028,10943939.91,2023-11-26T17:02:00,valid,,0
ocds-pgraph-T-0354,T-0354,V-0223,10299252.81,2023-11-26T12:05:00,valid,,1
ocds-pgraph-T-0355,T-0355,V-0110,37163095.21,2026-01-25T10:15:00,valid,,0
ocds-pgraph-T-0355,T-0355,V-0068,39414212.93,2026-01-25T10:11:00,valid,,0
ocds-pgraph-T-0355,T-0355,V-0172,34021310.72,2026-01-25T18:15:00,valid,,1
ocds-pgraph-T-0355,T-0355,V-0026,34927504.74,2026-01-25T09:52:00,valid,,0
ocds-pgraph-T-0355,T-0355,V-0054,38163905.68,2026-01-25T16:28:00,valid,,0
ocds-pgraph-T-0355,T-0355,V-0105,35588790.87,2026-01-25T12:16:00,valid,,0
ocds-pgraph-T-0355,T-0355,V-0201,37478491.72,2026-01-25T13:33:00,valid,,0
ocds-pgraph-T-0356,T-0356,V-0125,42454015.95,2026-07-07T16:10:00,valid,,1
ocds-pgraph-T-0356,T-0356,V-0172,49540166.94,2026-07-07T12:58:00,valid,,0
ocds-pgraph-T-0356,T-0356,V-0001,46780322.96,2026-07-07T14:28:00,valid,,0
ocds-pgraph-T-0356,T-0356,V-0138,50540581.62,2026-07-07T10:31:00,valid,,0
ocds-pgraph-T-0357,T-0357,V-0219,10699644.44,2024-04-14T11:19:00,valid,,0
ocds-pgraph-T-0357,T-0357,V-0174,10795271.68,2024-04-14T16:20:00,valid,,0
ocds-pgraph-T-0357,T-0357,V-0221,10578591.5,2024-04-14T10:11:00,valid,,0
ocds-pgraph-T-0357,T-0357,V-0114,11596497.92,2024-04-14T19:00:00,valid,,0
ocds-pgraph-T-0357,T-0357,V-0130,10499426.93,2024-04-14T18:39:00,valid,,1
ocds-pgraph-T-0358,T-0358,V-0230,5943444.3,2026-05-02T17:46:00,valid,,1
ocds-pgraph-T-0359,T-0359,V-0192,1466983.84,2022-12-09T08:22:00,valid,,1
ocds-pgraph-T-0359,T-0359,V-0134,1847882.93,2022-12-09T08:24:00,valid,,0
ocds-pgraph-T-0359,T-0359,V-0102,1519413.31,2022-12-09T13:17:00,valid,,0
ocds-pgraph-T-0359,T-0359,V-0088,1716528.61,2022-12-09T12:51:00,valid,,0
ocds-pgraph-T-0360,T-0360,V-0130,2239338.09,2026-08-01T18:31:00,valid,,0
ocds-pgraph-T-0360,T-0360,V-0221,2644724.37,2026-08-01T11:52:00,valid,,0
ocds-pgraph-T-0360,T-0360,V-0090,2544908.22,2026-08-01T11:43:00,valid,,0
ocds-pgraph-T-0360,T-0360,V-0174,2355414.68,2026-08-01T17:15:00,valid,,0
ocds-pgraph-T-0360,T-0360,V-0114,2219943.04,2026-08-01T15:07:00,valid,,1
ocds-pgraph-T-0361,T-0361,V-0165,7567910.83,2025-04-11T08:18:00,valid,,1
ocds-pgraph-T-0361,T-0361,V-0103,7724643.08,2025-04-11T11:43:00,valid,,0
ocds-pgraph-T-0362,T-0362,V-0230,9342394.76,2024-08-07T11:04:00,valid,,1
ocds-pgraph-T-0363,T-0363,V-0114,4743075.4,2025-04-30T16:51:00,valid,,0
ocds-pgraph-T-0363,T-0363,V-0174,3758059.72,2025-04-30T13:12:00,valid,,1
ocds-pgraph-T-0363,T-0363,V-0192,3908203.79,2025-04-30T16:46:00,valid,,0
ocds-pgraph-T-0363,T-0363,V-0102,4604092.14,2025-04-30T14:20:00,valid,,0
ocds-pgraph-T-0363,T-0363,V-0088,4021471.2,2025-04-30T08:02:00,valid,,0
ocds-pgraph-T-0364,T-0364,V-0090,4228362.23,2023-06-10T09:34:00,valid,,1
ocds-pgraph-T-0365,T-0365,V-0174,1612269.29,2022-10-14T12:16:00,valid,,0
ocds-pgraph-T-0365,T-0365,V-0041,1634461.42,2022-10-14T17:27:00,valid,,0
ocds-pgraph-T-0365,T-0365,V-0102,1486983.98,2022-10-14T11:29:00,valid,,1
ocds-pgraph-T-0365,T-0365,V-0088,1849943.05,2022-10-14T11:55:00,valid,,0
ocds-pgraph-T-0366,T-0366,V-0041,1706228.65,2025-04-17T12:12:00,valid,,1
ocds-pgraph-T-0366,T-0366,V-0114,1781059.85,2025-04-17T08:28:00,valid,,0
ocds-pgraph-T-0366,T-0366,V-0102,1838850.13,2025-04-17T08:55:00,valid,,0
ocds-pgraph-T-0366,T-0366,V-0174,1902670.78,2025-04-17T12:36:00,valid,,0
ocds-pgraph-T-0366,T-0366,V-0134,1799930.47,2025-04-17T17:00:00,valid,,0
ocds-pgraph-T-0366,T-0366,V-0192,2087927.44,2025-04-17T15:40:00,valid,,0
ocds-pgraph-T-0368,T-0368,V-0102,3075129.47,2023-05-13T13:01:00,valid,,0
ocds-pgraph-T-0368,T-0368,V-0114,2869009.65,2023-05-13T15:24:00,valid,,0
ocds-pgraph-T-0368,T-0368,V-0174,2529696.45,2023-05-13T09:20:00,valid,,0
ocds-pgraph-T-0368,T-0368,V-0088,2457693.75,2023-05-13T09:10:00,valid,,1
ocds-pgraph-T-0368,T-0368,V-0134,2789493.34,2023-05-13T09:25:00,valid,,0
ocds-pgraph-T-0369,T-0369,V-0221,3568760.77,2026-03-20T16:50:00,valid,,0
ocds-pgraph-T-0369,T-0369,V-0174,3409719.44,2026-03-20T14:45:00,valid,,0
ocds-pgraph-T-0369,T-0369,V-0219,2897042.12,2026-03-20T15:57:00,valid,,1
ocds-pgraph-T-0369,T-0369,V-0114,2948850.36,2026-03-20T12:45:00,valid,,0
ocds-pgraph-T-0369,T-0369,V-0090,3423844.67,2026-03-20T17:11:00,valid,,0
ocds-pgraph-T-0370,T-0370,V-0134,1349918.56,2023-09-04T16:04:00,valid,,1
ocds-pgraph-T-0370,T-0370,V-0192,1606839.29,2023-09-04T13:21:00,valid,,0
ocds-pgraph-T-0370,T-0370,V-0088,1400212.06,2023-09-04T18:07:00,valid,,0
ocds-pgraph-T-0371,T-0371,V-S002,17047931.4,2026-03-29T10:30:00,valid,,0
ocds-pgraph-T-0371,T-0371,V-0144,16431142.78,2026-03-29T13:33:00,valid,,0
ocds-pgraph-T-0371,T-0371,V-0208,14250911.04,2026-03-29T18:12:00,valid,,1
ocds-pgraph-T-0371,T-0371,V-0111,17912319.86,2026-03-29T17:57:00,valid,,0
ocds-pgraph-T-0371,T-0371,V-0059,18589402.79,2026-03-29T16:50:00,valid,,0
ocds-pgraph-T-0371,T-0371,V-0238,15650286.92,2026-03-29T09:10:00,valid,,0
ocds-pgraph-T-0371,T-0371,V-0072,14686494.74,2026-03-29T10:32:00,valid,,0
ocds-pgraph-T-0372,T-0372,V-0111,9199706.5,2026-07-03T16:00:00,valid,,0
ocds-pgraph-T-0372,T-0372,V-S002,9535217.2,2026-07-03T12:35:00,valid,,0
ocds-pgraph-T-0372,T-0372,V-0144,10521635.24,2026-07-03T10:07:00,valid,,0
ocds-pgraph-T-0372,T-0372,V-0208,9032432.98,2026-07-03T09:36:00,valid,,1
ocds-pgraph-T-0372,T-0372,V-0168,9500140.78,2026-07-03T13:32:00,valid,,0
ocds-pgraph-T-0373,T-0373,V-0144,2894712.95,2025-03-05T14:54:00,valid,,1
ocds-pgraph-T-0373,T-0373,V-0111,2929543.73,2025-03-05T11:40:00,valid,,0
ocds-pgraph-T-0373,T-0373,V-S002,3196709.16,2025-03-05T16:33:00,valid,,0
ocds-pgraph-T-0374,T-0374,V-0133,3308121.83,2025-03-31T10:22:00,valid,,1
ocds-pgraph-T-0374,T-0374,V-0005,3695370.15,2025-03-31T12:48:00,valid,,0
ocds-pgraph-T-0375,T-0375,V-0144,12264157.2,2024-09-15T13:31:00,valid,,1
ocds-pgraph-T-0375,T-0375,V-0208,16014822.25,2024-09-15T10:49:00,valid,,0
ocds-pgraph-T-0375,T-0375,V-S002,15680533.03,2024-09-15T09:31:00,valid,,0
ocds-pgraph-T-0375,T-0375,V-0111,12936165.16,2024-09-15T12:45:00,valid,,0
ocds-pgraph-T-0375,T-0375,V-0182,15375675.07,2024-09-15T15:02:00,valid,,0
ocds-pgraph-T-0376,T-0376,V-0208,17848720.1,2026-05-15T18:55:00,valid,,0
ocds-pgraph-T-0376,T-0376,V-0111,18498710.87,2026-05-15T11:54:00,valid,,0
ocds-pgraph-T-0376,T-0376,V-S002,16593644.14,2026-05-15T15:38:00,valid,,1
ocds-pgraph-T-0377,T-0377,V-0006,1117155.34,2024-11-14T10:56:00,valid,,0
ocds-pgraph-T-0377,T-0377,V-0133,1040107.47,2024-11-14T12:32:00,valid,,0
ocds-pgraph-T-0377,T-0377,V-0184,1009714.99,2024-11-14T18:00:00,valid,,1
ocds-pgraph-T-0378,T-0378,V-0133,2268183.79,2025-07-28T10:38:00,valid,,0
ocds-pgraph-T-0378,T-0378,V-0184,1972222.12,2025-07-28T12:47:00,valid,,1
ocds-pgraph-T-0378,T-0378,V-0005,2470225.71,2025-07-28T15:18:00,valid,,0
ocds-pgraph-T-0378,T-0378,V-0006,2412334.57,2025-07-28T09:27:00,valid,,0
ocds-pgraph-T-0378,T-0378,V-Y003,2536790.54,2025-07-28T17:14:00,valid,,0
ocds-pgraph-T-0378,T-0378,V-0120,2511070.24,2025-07-28T12:46:00,valid,,0
ocds-pgraph-T-0379,T-0379,V-0144,11009530.68,2023-09-13T15:11:00,valid,,0
ocds-pgraph-T-0379,T-0379,V-0208,12234532.79,2023-09-13T12:05:00,valid,,0
ocds-pgraph-T-0379,T-0379,V-S002,10151929.47,2023-09-13T17:17:00,valid,,1
ocds-pgraph-T-0379,T-0379,V-0111,12447863.14,2023-09-13T13:21:00,valid,,0
ocds-pgraph-T-0379,T-0379,V-0059,11064695.18,2023-09-13T09:24:00,valid,,0
ocds-pgraph-T-0379,T-0379,V-0194,10646923.86,2023-09-13T11:42:00,valid,,0
ocds-pgraph-T-0379,T-0379,V-0053,12460441.19,2023-09-13T16:02:00,valid,,0
ocds-pgraph-T-0380,T-0380,V-S002,8320399.87,2026-04-12T14:59:00,valid,,0
ocds-pgraph-T-0380,T-0380,V-0144,7246785.44,2026-04-12T15:51:00,valid,,1
ocds-pgraph-T-0380,T-0380,V-0208,8973618.42,2026-04-12T13:28:00,valid,,0
ocds-pgraph-T-0382,T-0382,V-0111,4890627.97,2025-11-17T13:43:00,valid,,1
ocds-pgraph-T-0383,T-0383,V-S002,14469929.07,2024-11-27T13:46:00,valid,,0
ocds-pgraph-T-0383,T-0383,V-0208,14471805.43,2024-11-27T14:14:00,valid,,0
ocds-pgraph-T-0383,T-0383,V-0144,13283174.77,2024-11-27T13:32:00,valid,,0
ocds-pgraph-T-0383,T-0383,V-0111,12334751.22,2024-11-27T14:36:00,valid,,1
ocds-pgraph-T-0383,T-0383,V-0112,13050531.49,2024-11-27T14:16:00,valid,,0
ocds-pgraph-T-0384,T-0384,V-0006,3415344.66,2023-03-22T12:48:00,valid,,0
ocds-pgraph-T-0384,T-0384,V-0005,3103150.55,2023-03-22T13:05:00,valid,,0
ocds-pgraph-T-0384,T-0384,V-0184,2828699.71,2023-03-22T09:14:00,valid,,1
ocds-pgraph-T-0384,T-0384,V-0133,3058395.62,2023-03-22T16:05:00,valid,,0
ocds-pgraph-T-0385,T-0385,V-0111,6591000.11,2026-02-16T10:13:00,valid,,0
ocds-pgraph-T-0385,T-0385,V-0144,6632227.52,2026-02-16T18:01:00,valid,,0
ocds-pgraph-T-0385,T-0385,V-0208,6963237.57,2026-02-16T10:24:00,valid,,0
ocds-pgraph-T-0385,T-0385,V-S002,6216979.92,2026-02-16T09:33:00,valid,,1
ocds-pgraph-T-0386,T-0386,V-0184,391339.34,2023-06-23T08:35:00,valid,,0
ocds-pgraph-T-0386,T-0386,V-0006,331516.05,2023-06-23T08:12:00,valid,,1
ocds-pgraph-T-0387,T-0387,V-0184,2126344.22,2022-10-30T12:30:00,valid,,0
ocds-pgraph-T-0387,T-0387,V-0133,2027165.98,2022-10-30T15:24:00,valid,,0
ocds-pgraph-T-0387,T-0387,V-0005,2100693.99,2022-10-30T14:08:00,valid,,0
ocds-pgraph-T-0387,T-0387,V-0006,1860253.46,2022-10-30T14:30:00,valid,,1
ocds-pgraph-T-0388,T-0388,V-0133,2155698.07,2022-11-06T10:39:00,valid,,0
ocds-pgraph-T-0388,T-0388,V-0006,2263330.57,2022-11-06T09:10:00,valid,,0
ocds-pgraph-T-0388,T-0388,V-0005,2044119.71,2022-11-06T12:51:00,valid,,0
ocds-pgraph-T-0388,T-0388,V-0184,1914908.67,2022-11-06T16:40:00,valid,,1
ocds-pgraph-T-0389,T-0389,V-0133,764426.22,2022-12-20T14:01:00,valid,,0
ocds-pgraph-T-0389,T-0389,V-0006,882610.57,2022-12-20T10:47:00,valid,,0
ocds-pgraph-T-0389,T-0389,V-0184,782237.29,2022-12-20T18:06:00,valid,,0
ocds-pgraph-T-0389,T-0389,V-0005,890310.64,2022-12-20T16:21:00,valid,,0
ocds-pgraph-T-0389,T-0389,V-0231,834510.31,2022-12-20T16:24:00,valid,,0
ocds-pgraph-T-0389,T-0389,V-0090,774657.21,2022-12-20T11:21:00,valid,,0
ocds-pgraph-T-0389,T-0389,V-S005,719242.94,2022-12-20T13:00:00,valid,,1
ocds-pgraph-T-0390,T-0390,V-0208,4748027.73,2026-03-01T17:59:00,valid,,0
ocds-pgraph-T-0390,T-0390,V-0144,5156150.34,2026-03-01T11:46:00,valid,,0
ocds-pgraph-T-0390,T-0390,V-0111,5107111.41,2026-03-01T12:30:00,valid,,0
ocds-pgraph-T-0390,T-0390,V-S002,5340764.75,2026-03-01T11:29:00,valid,,0
ocds-pgraph-T-0390,T-0390,V-0112,4705716.54,2026-03-01T09:28:00,valid,,1
ocds-pgraph-T-0390,T-0390,V-0229,4786008.01,2026-03-01T13:46:00,valid,,0
ocds-pgraph-T-0391,T-0391,V-0180,30863881.64,2022-11-10T13:57:00,valid,,1
ocds-pgraph-T-0391,T-0391,V-0205,40327726.74,2022-11-10T16:15:00,valid,,0
ocds-pgraph-T-0391,T-0391,V-0037,40491734.58,2022-11-10T10:21:00,valid,,0
ocds-pgraph-T-0391,T-0391,V-0190,38502558.48,2022-11-10T14:45:00,valid,,0
ocds-pgraph-T-0392,T-0392,V-0037,58851128.98,2025-06-06T13:42:00,valid,,0
ocds-pgraph-T-0392,T-0392,V-0072,51528683.17,2025-06-06T14:48:00,valid,,0
ocds-pgraph-T-0392,T-0392,V-0205,51267629.48,2025-06-06T17:18:00,valid,,1
ocds-pgraph-T-0392,T-0392,V-0094,61620454.04,2025-06-06T08:05:00,valid,,0
ocds-pgraph-T-0393,T-0393,V-0190,48682786.31,2025-12-28T18:42:00,valid,,0
ocds-pgraph-T-0393,T-0393,V-0205,47874808.1,2025-12-28T11:19:00,valid,,0
ocds-pgraph-T-0393,T-0393,V-0094,50847179.32,2025-12-28T12:31:00,valid,,0
ocds-pgraph-T-0393,T-0393,V-0157,41204755.17,2025-12-28T08:08:00,valid,,0
ocds-pgraph-T-0393,T-0393,V-0180,40363867.49,2025-12-28T16:11:00,valid,,1
ocds-pgraph-T-0394,T-0394,V-0094,11766119.38,2024-11-19T10:45:00,valid,,1
ocds-pgraph-T-0394,T-0394,V-0205,11809080.78,2024-11-19T14:06:00,valid,,0
ocds-pgraph-T-0394,T-0394,V-0072,12543303.74,2024-11-19T16:15:00,valid,,0
ocds-pgraph-T-0394,T-0394,V-0037,15018388.26,2024-11-19T17:37:00,valid,,0
ocds-pgraph-T-0394,T-0394,V-0190,12978420.0,2024-11-19T10:41:00,valid,,0
ocds-pgraph-T-0395,T-0395,V-0240,9379267.91,2025-12-02T18:48:00,valid,,0
ocds-pgraph-T-0395,T-0395,V-0086,7438165.51,2025-12-02T09:28:00,valid,,1
ocds-pgraph-T-0395,T-0395,V-0163,8080228.71,2025-12-02T09:14:00,valid,,0
ocds-pgraph-T-0396,T-0396,V-0086,13075843.98,2024-10-17T16:09:00,valid,,0
ocds-pgraph-T-0396,T-0396,V-0240,13366852.74,2024-10-17T15:06:00,valid,,0
ocds-pgraph-T-0396,T-0396,V-0048,11579388.7,2024-10-17T18:51:00,valid,,1
ocds-pgraph-T-0396,T-0396,V-0157,13053579.22,2024-10-17T16:42:00,valid,,0
ocds-pgraph-T-0397,T-0397,V-0190,63710422.9,2025-12-09T16:09:00,valid,,0
ocds-pgraph-T-0397,T-0397,V-0037,55437156.76,2025-12-09T18:45:00,valid,,1
ocds-pgraph-T-0397,T-0397,V-0205,63868853.16,2025-12-09T09:20:00,valid,,0
ocds-pgraph-T-0398,T-0398,V-0072,3252244.47,2025-07-20T08:51:00,valid,,1
ocds-pgraph-T-0398,T-0398,V-0086,4167484.3,2025-07-20T12:10:00,valid,,0
ocds-pgraph-T-0398,T-0398,V-0117,3601851.18,2025-07-20T17:23:00,valid,,0
ocds-pgraph-T-0399,T-0399,V-0205,37555368.95,2024-02-23T17:12:00,valid,,0
ocds-pgraph-T-0399,T-0399,V-0094,41523823.19,2024-02-23T13:04:00,valid,,0
ocds-pgraph-T-0399,T-0399,V-0157,36371868.71,2024-02-23T12:42:00,valid,,0
ocds-pgraph-T-0399,T-0399,V-0072,31991239.47,2024-02-23T12:31:00,valid,,1
ocds-pgraph-T-0399,T-0399,V-0180,32707296.74,2024-02-23T15:02:00,valid,,0
ocds-pgraph-T-0400,T-0400,V-0037,54556391.77,2023-08-24T16:42:00,valid,,1
ocds-pgraph-T-0401,T-0401,V-0240,732839.49,2023-06-18T09:47:00,valid,,0
ocds-pgraph-T-0401,T-0401,V-0085,709058.44,2023-06-18T16:27:00,valid,,0
ocds-pgraph-T-0401,T-0401,V-SPV01,571689.31,2023-06-18T16:34:00,valid,,1
ocds-pgraph-T-0402,T-0402,V-0146,1409268.95,2022-11-23T14:35:00,valid,,0
ocds-pgraph-T-0402,T-0402,V-0085,1139853.69,2022-11-23T08:07:00,valid,,1
ocds-pgraph-T-0402,T-0402,V-0086,1430743.29,2022-11-23T12:09:00,valid,,0
ocds-pgraph-T-0403,T-0403,V-SPV01,1763910.55,2023-07-19T14:12:00,valid,,0
ocds-pgraph-T-0403,T-0403,V-0009,1688678.61,2023-07-19T13:54:00,valid,,0
ocds-pgraph-T-0403,T-0403,V-0072,1567320.25,2023-07-19T12:02:00,valid,,0
ocds-pgraph-T-0403,T-0403,V-0146,1473730.78,2023-07-19T12:01:00,valid,,1
ocds-pgraph-T-0404,T-0404,V-0072,44759018.87,2025-02-20T15:56:00,valid,,0
ocds-pgraph-T-0404,T-0404,V-0190,37879307.23,2025-02-20T16:21:00,valid,,0
ocds-pgraph-T-0404,T-0404,V-0205,36289003.49,2025-02-20T15:26:00,valid,,0
ocds-pgraph-T-0404,T-0404,V-0157,35309413.17,2025-02-20T15:30:00,valid,,1
ocds-pgraph-T-0404,T-0404,V-0180,35942321.0,2025-02-20T12:41:00,valid,,0
ocds-pgraph-T-0405,T-0405,V-0217,4767554.5,2023-04-12T18:36:00,valid,,1
ocds-pgraph-T-0405,T-0405,V-0117,5045577.06,2023-04-12T08:40:00,valid,,0
ocds-pgraph-T-0405,T-0405,V-0240,5662318.7,2023-04-12T10:37:00,valid,,0
ocds-pgraph-T-0406,T-0406,V-0240,9769885.82,2024-09-19T13:08:00,valid,,0
ocds-pgraph-T-0406,T-0406,V-0168,7874678.47,2024-09-19T11:10:00,valid,,0
ocds-pgraph-T-0406,T-0406,V-0163,8310749.09,2024-09-19T08:11:00,valid,,0
ocds-pgraph-T-0406,T-0406,V-0048,7869040.99,2024-09-19T11:38:00,valid,,1
ocds-pgraph-T-0406,T-0406,V-0086,9748567.74,2024-09-19T08:46:00,valid,,0
ocds-pgraph-T-0406,T-0406,V-0157,10028451.84,2024-09-19T09:15:00,valid,,0
ocds-pgraph-T-0407,T-0407,V-0048,7939415.19,2025-02-04T15:34:00,valid,,0
ocds-pgraph-T-0407,T-0407,V-0163,6436727.88,2025-02-04T12:59:00,valid,,1
ocds-pgraph-T-0407,T-0407,V-0240,8049391.73,2025-02-04T10:53:00,valid,,0
ocds-pgraph-T-0407,T-0407,V-0157,7540480.86,2025-02-04T10:24:00,valid,,0
ocds-pgraph-T-0407,T-0407,V-0086,7062582.43,2025-02-04T15:47:00,valid,,0
ocds-pgraph-T-0407,T-0407,V-0168,6672300.87,2025-02-04T08:31:00,valid,,0
ocds-pgraph-T-0408,T-0408,V-0037,53399977.3,2024-01-21T14:36:00,valid,,0
ocds-pgraph-T-0408,T-0408,V-0180,45767466.31,2024-01-21T14:45:00,valid,,0
ocds-pgraph-T-0408,T-0408,V-0190,55379291.37,2024-01-21T16:31:00,valid,,0
ocds-pgraph-T-0408,T-0408,V-0072,42845963.93,2024-01-21T09:37:00,valid,,1
ocds-pgraph-T-0409,T-0409,V-0168,13679041.31,2026-01-19T10:27:00,valid,,0
ocds-pgraph-T-0409,T-0409,V-0048,12952440.4,2026-01-19T17:33:00,valid,,1
ocds-pgraph-T-0409,T-0409,V-0157,12998786.28,2026-01-19T08:33:00,valid,,0
ocds-pgraph-T-0409,T-0409,V-0163,13566203.59,2026-01-19T16:40:00,valid,,0
ocds-pgraph-T-0409,T-0409,V-0086,14122411.48,2026-01-19T09:25:00,valid,,0
ocds-pgraph-T-0410,T-0410,V-0117,6653729.47,2023-08-26T13:07:00,valid,,0
ocds-pgraph-T-0410,T-0410,V-0086,6375370.81,2023-08-26T17:24:00,valid,,1
ocds-pgraph-T-0411,T-0411,V-0168,9873000.85,2024-10-24T13:06:00,valid,,1
ocds-pgraph-T-0411,T-0411,V-0048,12577267.28,2024-10-24T17:35:00,valid,,0
ocds-pgraph-T-0411,T-0411,V-0157,11193947.45,2024-10-24T10:20:00,valid,,0
ocds-pgraph-T-0411,T-0411,V-0086,10772425.99,2024-10-24T10:50:00,valid,,0
ocds-pgraph-T-0412,T-0412,V-0217,6379990.16,2023-10-18T09:04:00,valid,,0
ocds-pgraph-T-0412,T-0412,V-0109,5255189.2,2023-10-18T13:27:00,valid,,1
ocds-pgraph-T-0412,T-0412,V-0240,5583347.72,2023-10-18T13:32:00,valid,,0
ocds-pgraph-T-0412,T-0412,V-0146,6260630.15,2023-10-18T16:10:00,valid,,0
ocds-pgraph-T-0412,T-0412,V-0072,5660482.96,2023-10-18T15:11:00,valid,,0
ocds-pgraph-T-0413,T-0413,V-0180,14889160.86,2025-08-12T14:14:00,valid,,0
ocds-pgraph-T-0413,T-0413,V-0190,14107787.12,2025-08-12T08:41:00,valid,,0
ocds-pgraph-T-0413,T-0413,V-0094,12392300.35,2025-08-12T17:42:00,valid,,1
ocds-pgraph-T-0414,T-0414,V-0072,16347849.31,2024-08-13T08:24:00,valid,,1
ocds-pgraph-T-0414,T-0414,V-0094,17168951.5,2024-08-13T15:07:00,valid,,0
ocds-pgraph-T-0414,T-0414,V-0190,19152035.43,2024-08-13T18:37:00,valid,,0
ocds-pgraph-T-0415,T-0415,V-0072,33760507.63,2023-04-29T13:41:00,valid,,1
ocds-pgraph-T-0415,T-0415,V-0180,36692648.86,2023-04-29T11:54:00,valid,,0
ocds-pgraph-T-0415,T-0415,V-0157,36598123.36,2023-04-29T08:56:00,valid,,0
ocds-pgraph-T-0416,T-0416,V-0240,4760036.08,2024-05-29T09:27:00,valid,,1
ocds-pgraph-T-0417,T-0417,V-SPV01,2467069.15,2024-10-04T15:19:00,valid,,1
ocds-pgraph-T-0418,T-0418,V-0217,2087505.89,2024-10-10T15:21:00,valid,,1
ocds-pgraph-T-0418,T-0418,V-0109,2316772.22,2024-10-10T16:16:00,valid,,0
ocds-pgraph-T-0418,T-0418,V-0240,2282922.74,2024-10-10T10:37:00,valid,,0
ocds-pgraph-T-0419,T-0419,V-0240,10954108.55,2026-02-16T13:48:00,valid,,0
ocds-pgraph-T-0419,T-0419,V-0086,9545957.43,2026-02-16T08:44:00,valid,,1
ocds-pgraph-T-0420,T-0420,V-0086,4673686.35,2025-05-02T16:42:00,valid,,0
ocds-pgraph-T-0420,T-0420,V-0240,4750474.51,2025-05-02T12:43:00,valid,,0
ocds-pgraph-T-0420,T-0420,V-0157,4501044.72,2025-05-02T14:33:00,valid,,1
ocds-pgraph-T-0421,T-0421,V-0092,8407783.87,2025-09-05T18:12:00,valid,,0
ocds-pgraph-T-0421,T-0421,V-0154,8518524.9,2025-09-05T16:20:00,valid,,0
ocds-pgraph-T-0421,T-0421,V-0087,8448178.81,2025-09-05T16:03:00,valid,,0
ocds-pgraph-T-0421,T-0421,V-0114,8201725.28,2025-09-05T08:06:00,valid,,1
ocds-pgraph-T-0421,T-0421,V-0228,9523657.98,2025-09-05T08:18:00,valid,,0
ocds-pgraph-T-0422,T-0422,V-0180,1761066.6,2025-06-14T09:26:00,valid,,0
ocds-pgraph-T-0422,T-0422,V-0078,1685634.03,2025-06-14T09:18:00,valid,,1
ocds-pgraph-T-0422,T-0422,V-0073,2085176.1,2025-06-14T10:33:00,valid,,0
ocds-pgraph-T-0422,T-0422,V-0111,2039912.11,2025-06-14T18:49:00,valid,,0
ocds-pgraph-T-0422,T-0422,V-0106,1806999.46,2025-06-14T10:34:00,valid,,0
ocds-pgraph-T-0422,T-0422,V-0128,1868384.73,2025-06-14T13:46:00,valid,,0
ocds-pgraph-T-0422,T-0422,V-0108,1937895.48,2025-06-14T17:50:00,valid,,0
ocds-pgraph-T-0423,T-0423,V-0078,4906254.72,2026-01-18T17:24:00,valid,,0
ocds-pgraph-T-0423,T-0423,V-0180,4391478.95,2026-01-18T09:21:00,valid,,0
ocds-pgraph-T-0423,T-0423,V-0195,4965476.74,2026-01-18T10:05:00,valid,,0
ocds-pgraph-T-0423,T-0423,V-0088,4777565.18,2026-01-18T10:35:00,valid,,0
ocds-pgraph-T-0423,T-0423,V-0111,4150799.69,2026-01-18T15:26:00,valid,,0
ocds-pgraph-T-0423,T-0423,V-0102,3948730.01,2026-01-18T15:51:00,valid,,1
ocds-pgraph-T-0423,T-0423,V-0083,4648703.43,2026-01-18T08:57:00,valid,,0
ocds-pgraph-T-0424,T-0424,V-0180,2955719.32,2023-10-22T12:33:00,valid,,0
ocds-pgraph-T-0424,T-0424,V-0078,3185107.47,2023-10-22T11:50:00,valid,,0
ocds-pgraph-T-0424,T-0424,V-0049,3035120.56,2023-10-22T10:41:00,valid,,0
ocds-pgraph-T-0424,T-0424,V-0134,2826681.82,2023-10-22T12:43:00,valid,,1
ocds-pgraph-T-0425,T-0425,V-0087,2924477.11,2023-07-18T16:49:00,valid,,1
ocds-pgraph-T-0425,T-0425,V-0092,3100165.4,2023-07-18T18:00:00,valid,,0
ocds-pgraph-T-0425,T-0425,V-0154,3700655.01,2023-07-18T09:55:00,valid,,0
ocds-pgraph-T-0425,T-0425,V-0155,3520480.73,2023-07-18T09:13:00,valid,,0
ocds-pgraph-T-0426,T-0426,V-0109,10643267.59,2025-06-26T13:09:00,valid,,0
ocds-pgraph-T-0426,T-0426,V-Y002,9486288.88,2025-06-26T18:34:00,valid,,1
ocds-pgraph-T-0426,T-0426,V-0092,10292230.95,2025-06-26T17:15:00,valid,,0
ocds-pgraph-T-0426,T-0426,V-0225,10011439.03,2025-06-26T15:07:00,valid,,0
ocds-pgraph-T-0426,T-0426,V-0190,10998779.72,2025-06-26T17:17:00,valid,,0
ocds-pgraph-T-0426,T-0426,V-0057,9757169.35,2025-06-26T09:32:00,valid,,0
ocds-pgraph-T-0427,T-0427,V-0180,4180989.96,2024-01-23T08:14:00,valid,,0
ocds-pgraph-T-0427,T-0427,V-0078,4041920.14,2024-01-23T10:10:00,valid,,1
ocds-pgraph-T-0427,T-0427,V-0128,4241648.65,2024-01-23T10:37:00,valid,,0
ocds-pgraph-T-0428,T-0428,V-0180,5802391.68,2024-05-21T11:37:00,valid,,0
ocds-pgraph-T-0428,T-0428,V-0078,5012949.78,2024-05-21T09:01:00,valid,,0
ocds-pgraph-T-0428,T-0428,V-0063,4809262.13,2024-05-21T08:03:00,valid,,0
ocds-pgraph-T-0428,T-0428,V-0128,4539210.59,2024-05-21T16:08:00,valid,,0
ocds-pgraph-T-0428,T-0428,V-0170,4482757.33,2024-05-21T17:48:00,valid,,1
ocds-pgraph-T-0428,T-0428,V-0083,5564380.49,2024-05-21T09:27:00,valid,,0
ocds-pgraph-T-0428,T-0428,V-0214,5306792.91,2024-05-21T13:26:00,valid,,0
ocds-pgraph-T-0429,T-0429,V-0154,11111095.46,2024-07-06T15:49:00,valid,,1
ocds-pgraph-T-0430,T-0430,V-0078,4887546.1,2022-12-21T11:01:00,valid,,0
ocds-pgraph-T-0430,T-0430,V-0180,5128939.95,2022-12-21T14:56:00,valid,,0
ocds-pgraph-T-0430,T-0430,V-0134,5080807.43,2022-12-21T14:26:00,valid,,0
ocds-pgraph-T-0430,T-0430,V-0082,4871902.49,2022-12-21T12:21:00,valid,,0
ocds-pgraph-T-0430,T-0430,V-0102,4177311.81,2022-12-21T12:18:00,valid,,0
ocds-pgraph-T-0430,T-0430,V-0083,4055382.83,2022-12-21T13:52:00,valid,,1
ocds-pgraph-T-0430,T-0430,V-0111,5033922.01,2022-12-21T13:58:00,valid,,0
ocds-pgraph-T-0431,T-0431,V-0057,9718948.98,2023-08-17T09:24:00,valid,,1
ocds-pgraph-T-0431,T-0431,V-0109,12182127.86,2023-08-17T18:00:00,valid,,0
ocds-pgraph-T-0432,T-0432,V-0087,2461730.79,2026-07-27T08:16:00,valid,,0
ocds-pgraph-T-0432,T-0432,V-0092,2836165.3,2026-07-27T12:08:00,valid,,0
ocds-pgraph-T-0432,T-0432,V-0154,2251532.22,2026-07-27T11:49:00,valid,,1
ocds-pgraph-T-0432,T-0432,V-0029,2893887.65,2026-07-27T16:14:00,valid,,0
ocds-pgraph-T-0432,T-0432,V-Y007,2772768.75,2026-07-27T09:12:00,valid,,0
ocds-pgraph-T-0433,T-0433,V-0092,4023441.4,2026-04-04T09:28:00,valid,,1
ocds-pgraph-T-0434,T-0434,V-0154,11680253.67,2025-02-14T18:05:00,valid,,0
ocds-pgraph-T-0434,T-0434,V-0092,12426407.43,2025-02-14T09:56:00,valid,,0
ocds-pgraph-T-0434,T-0434,V-0087,10367081.41,2025-02-14T09:13:00,valid,,1
ocds-pgraph-T-0436,T-0436,V-0180,3089573.26,2024-08-09T12:20:00,valid,,1
ocds-pgraph-T-0437,T-0437,V-0078,3001137.24,2024-03-22T17:10:00,valid,,0
ocds-pgraph-T-0437,T-0437,V-0180,2994304.53,2024-03-22T18:45:00,valid,,1
ocds-pgraph-T-0437,T-0437,V-0114,3788604.05,2024-03-22T14:52:00,valid,,0
ocds-pgraph-T-0437,T-0437,V-0111,3183474.82,2024-03-22T15:28:00,valid,,0
ocds-pgraph-T-0437,T-0437,V-0083,3682109.89,2024-03-22T16:18:00,valid,,0
ocds-pgraph-T-0437,T-0437,V-0174,3353502.04,2024-03-22T10:04:00,valid,,0
ocds-pgraph-T-0438,T-0438,V-Y002,4443328.23,2026-04-09T16:53:00,valid,,0
ocds-pgraph-T-0438,T-0438,V-0225,5317874.07,2026-04-09T18:16:00,valid,,0
ocds-pgraph-T-0438,T-0438,V-0048,4251788.17,2026-04-09T12:42:00,valid,,1
ocds-pgraph-T-0439,T-0439,V-0092,4047354.74,2023-09-19T08:08:00,valid,,0
ocds-pgraph-T-0439,T-0439,V-0087,3877212.48,2023-09-19T18:09:00,valid,,1
ocds-pgraph-T-0439,T-0439,V-0154,3965701.9,2023-09-19T11:58:00,valid,,0
ocds-pgraph-T-0439,T-0439,V-Y005,4828611.42,2023-09-19T14:14:00,valid,,0
ocds-pgraph-T-0439,T-0439,V-0118,3908416.38,2023-09-19T18:12:00,valid,,0
ocds-pgraph-T-0440,T-0440,V-0154,4953130.01,2024-05-08T11:42:00,valid,,1
ocds-pgraph-T-0441,T-0441,V-0092,7814239.28,2025-11-10T13:12:00,valid,,1
ocds-pgraph-T-0441,T-0441,V-0087,9667118.49,2025-11-10T13:38:00,valid,,0
ocds-pgraph-T-0441,T-0441,V-0154,9094603.8,2025-11-10T12:42:00,valid,,0
ocds-pgraph-T-0441,T-0441,V-0188,8948313.79,2025-11-10T15:33:00,valid,,0
ocds-pgraph-T-0441,T-0441,V-0218,8136860.02,2025-11-10T15:59:00,valid,,0
ocds-pgraph-T-0441,T-0441,V-0118,8770743.64,2025-11-10T18:02:00,valid,,0
ocds-pgraph-T-0442,T-0442,V-0217,10542197.91,2023-03-13T16:37:00,valid,,0
ocds-pgraph-T-0442,T-0442,V-0190,8775595.77,2023-03-13T12:41:00,valid,,0
ocds-pgraph-T-0442,T-0442,V-0057,8724717.9,2023-03-13T11:56:00,valid,,1
ocds-pgraph-T-0442,T-0442,V-0157,8976483.05,2023-03-13T14:50:00,valid,,0
ocds-pgraph-T-0442,T-0442,V-Y002,9169106.74,2023-03-13T14:33:00,valid,,0
ocds-pgraph-T-0443,T-0443,V-0078,2396185.78,2024-01-27T13:48:00,valid,,1
ocds-pgraph-T-0443,T-0443,V-0180,2523071.55,2024-01-27T08:06:00,valid,,0
ocds-pgraph-T-0443,T-0443,V-0170,2958576.21,2024-01-27T14:03:00,valid,,0
ocds-pgraph-T-0443,T-0443,V-0134,2476902.84,2024-01-27T09:29:00,valid,,0
ocds-pgraph-T-0444,T-0444,V-0092,2421793.1,2026-04-19T08:26:00,valid,,0
ocds-pgraph-T-0444,T-0444,V-0048,2239555.06,2026-04-19T12:44:00,valid,,1
ocds-pgraph-T-0444,T-0444,V-0057,2614796.1,2026-04-19T15:11:00,valid,,0
ocds-pgraph-T-0445,T-0445,V-0078,4968944.08,2024-06-19T11:35:00,valid,,0
ocds-pgraph-T-0445,T-0445,V-0180,5850535.38,2024-06-19T14:16:00,valid,,0
ocds-pgraph-T-0445,T-0445,V-0170,5322053.76,2024-06-19T08:11:00,valid,,0
ocds-pgraph-T-0445,T-0445,V-0111,4460179.22,2024-06-19T12:41:00,valid,,1
ocds-pgraph-T-0446,T-0446,V-0005,2429120.94,2025-11-15T10:35:00,valid,,0
ocds-pgraph-T-0446,T-0446,V-0006,2833231.62,2025-11-15T14:03:00,valid,,0
ocds-pgraph-T-0446,T-0446,V-0133,2376013.29,2025-11-15T11:00:00,valid,,0
ocds-pgraph-T-0446,T-0446,V-0184,2312294.99,2025-11-15T15:28:00,valid,,1
ocds-pgraph-T-0446,T-0446,V-0098,2616831.8,2025-11-15T16:34:00,valid,,0
ocds-pgraph-T-0447,T-0447,V-0005,3662706.47,2025-12-10T09:36:00,valid,,0
ocds-pgraph-T-0447,T-0447,V-0006,3556478.44,2025-12-10T14:11:00,valid,,1
ocds-pgraph-T-0447,T-0447,V-0133,3602502.74,2025-12-10T17:01:00,valid,,0
ocds-pgraph-T-0447,T-0447,V-0184,4179886.13,2025-12-10T14:29:00,valid,,0
ocds-pgraph-T-0447,T-0447,V-S006,4342409.49,2025-12-10T10:45:00,valid,,0
ocds-pgraph-T-0448,T-0448,V-0228,6563872.21,2023-07-02T13:13:00,valid,,1
ocds-pgraph-T-0448,T-0448,V-0188,7667079.3,2023-07-02T13:50:00,valid,,0
ocds-pgraph-T-0448,T-0448,V-0084,6688461.02,2023-07-02T17:41:00,valid,,0
ocds-pgraph-T-0449,T-0449,V-0015,2546216.76,2025-05-04T12:19:00,valid,,0
ocds-pgraph-T-0449,T-0449,V-0228,2646001.03,2025-05-04T10:06:00,valid,,0
ocds-pgraph-T-0449,T-0449,V-0084,2471814.54,2025-05-04T16:06:00,valid,,0
ocds-pgraph-T-0449,T-0449,V-0188,2092923.85,2025-05-04T15:02:00,valid,,1
ocds-pgraph-T-0450,T-0450,V-0084,3105228.14,2023-04-06T17:55:00,valid,,0
ocds-pgraph-T-0450,T-0450,V-0188,2970180.17,2023-04-06T15:09:00,valid,,0
ocds-pgraph-T-0450,T-0450,V-0228,2764045.91,2023-04-06T10:30:00,valid,,0
ocds-pgraph-T-0450,T-0450,V-0015,2938359.22,2023-04-06T10:48:00,valid,,0
ocds-pgraph-T-0450,T-0450,V-0151,2524085.37,2023-04-06T17:50:00,valid,,1
ocds-pgraph-T-0451,T-0451,V-0021,8109554.17,2025-05-09T10:20:00,valid,,0
ocds-pgraph-T-0451,T-0451,V-0197,6238392.17,2025-05-09T14:09:00,valid,,1
ocds-pgraph-T-0451,T-0451,V-0210,7777311.57,2025-05-09T16:19:00,valid,,0
ocds-pgraph-T-0451,T-0451,V-0156,7970870.13,2025-05-09T17:51:00,valid,,0
ocds-pgraph-T-0451,T-0451,V-0149,7551739.1,2025-05-09T15:28:00,valid,,0
ocds-pgraph-T-0451,T-0451,V-0218,7145868.84,2025-05-09T10:44:00,valid,,0
ocds-pgraph-T-0451,T-0451,V-0153,7700656.86,2025-05-09T08:20:00,valid,,0
ocds-pgraph-T-0452,T-0452,V-0084,1484322.87,2023-07-02T09:53:00,valid,,0
ocds-pgraph-T-0452,T-0452,V-0188,1464196.06,2023-07-02T13:33:00,valid,,1
ocds-pgraph-T-0452,T-0452,V-0228,1504910.57,2023-07-02T11:41:00,valid,,0
ocds-pgraph-T-0452,T-0452,V-0015,1769406.22,2023-07-02T09:58:00,valid,,0
ocds-pgraph-T-0452,T-0452,V-0087,1476131.71,2023-07-02T17:45:00,valid,,0
ocds-pgraph-T-0452,T-0452,V-0026,1710609.97,2023-07-02T15:08:00,valid,,0
ocds-pgraph-T-0452,T-0452,V-Y005,1648290.91,2023-07-02T09:36:00,valid,,0
ocds-pgraph-T-0453,T-0453,V-0015,14198021.92,2025-03-17T08:16:00,valid,,0
ocds-pgraph-T-0453,T-0453,V-0188,14593345.85,2025-03-17T12:46:00,valid,,0
ocds-pgraph-T-0453,T-0453,V-0084,13288397.01,2025-03-17T18:35:00,valid,,0
ocds-pgraph-T-0453,T-0453,V-0228,15028767.91,2025-03-17T17:50:00,valid,,0
ocds-pgraph-T-0453,T-0453,V-0218,12547893.13,2025-03-17T15:29:00,valid,,1
ocds-pgraph-T-0453,T-0453,V-0151,12910548.56,2025-03-17T15:47:00,valid,,0
ocds-pgraph-T-0454,T-0454,V-0005,4320253.98,2024-08-17T10:05:00,valid,,0
ocds-pgraph-T-0454,T-0454,V-0184,3818370.71,2024-08-17T16:59:00,valid,,1
ocds-pgraph-T-0454,T-0454,V-0006,4169030.78,2024-08-17T13:12:00,valid,,0
ocds-pgraph-T-0456,T-0456,V-0184,3306696.06,2024-03-19T18:00:00,valid,,0
ocds-pgraph-T-0456,T-0456,V-0006,3003812.13,2024-03-19T18:53:00,valid,,0
ocds-pgraph-T-0456,T-0456,V-0005,2908240.01,2024-03-19T18:24:00,valid,,1
ocds-pgraph-T-0456,T-0456,V-0133,3557440.93,2024-03-19T11:53:00,valid,,0
ocds-pgraph-T-0457,T-0457,V-0228,10057466.27,2024-08-10T09:21:00,valid,,0
ocds-pgraph-T-0457,T-0457,V-0015,8994746.61,2024-08-10T09:24:00,valid,,1
ocds-pgraph-T-0458,T-0458,V-0133,1343048.17,2026-08-02T08:35:00,valid,,1
ocds-pgraph-T-0458,T-0458,V-0005,1403834.53,2026-08-02T13:08:00,valid,,0
ocds-pgraph-T-0458,T-0458,V-0006,1362029.24,2026-08-02T12:53:00,valid,,0
ocds-pgraph-T-0459,T-0459,V-0006,1845038.57,2023-03-11T08:27:00,valid,,0
ocds-pgraph-T-0459,T-0459,V-0005,1542063.61,2023-03-11T12:16:00,valid,,0
ocds-pgraph-T-0459,T-0459,V-0184,1559899.45,2023-03-11T12:39:00,valid,,0
ocds-pgraph-T-0459,T-0459,V-0133,1623389.97,2023-03-11T18:06:00,valid,,0
ocds-pgraph-T-0459,T-0459,V-0090,1463070.85,2023-03-11T17:59:00,valid,,0
ocds-pgraph-T-0459,T-0459,V-0181,1433356.18,2023-03-11T09:21:00,valid,,1
ocds-pgraph-T-0460,T-0460,V-0084,11723269.99,2026-07-25T11:31:00,valid,,1
ocds-pgraph-T-0460,T-0460,V-0015,14733307.65,2026-07-25T13:09:00,valid,,0
ocds-pgraph-T-0460,T-0460,V-0228,12155113.76,2026-07-25T10:42:00,valid,,0
ocds-pgraph-T-0460,T-0460,V-0188,12949454.9,2026-07-25T17:07:00,valid,,0
ocds-pgraph-T-0461,T-0461,V-0133,4123183.93,2024-08-18T08:52:00,valid,,0
ocds-pgraph-T-0461,T-0461,V-0006,3449041.82,2024-08-18T10:45:00,valid,,0
ocds-pgraph-T-0461,T-0461,V-0184,4280566.91,2024-08-18T09:53:00,valid,,0
ocds-pgraph-T-0461,T-0461,V-0005,3615129.87,2024-08-18T09:45:00,valid,,0
ocds-pgraph-T-0461,T-0461,V-Y003,3758789.94,2024-08-18T15:21:00,valid,,0
ocds-pgraph-T-0461,T-0461,V-0098,3288500.75,2024-08-18T10:00:00,valid,,1
ocds-pgraph-T-0462,T-0462,V-0156,7712849.95,2025-11-04T12:18:00,valid,,0
ocds-pgraph-T-0462,T-0462,V-0197,9075462.04,2025-11-04T17:25:00,valid,,0
ocds-pgraph-T-0462,T-0462,V-0210,7273192.52,2025-11-04T11:35:00,valid,,1
ocds-pgraph-T-0463,T-0463,V-0184,966281.68,2023-01-30T16:10:00,valid,,1
ocds-pgraph-T-0463,T-0463,V-0005,975140.46,2023-01-30T08:30:00,valid,,0
ocds-pgraph-T-0463,T-0463,V-0133,1208849.92,2023-01-30T13:33:00,valid,,0
ocds-pgraph-T-0463,T-0463,V-0006,1105534.78,2023-01-30T12:21:00,valid,,0
ocds-pgraph-T-0463,T-0463,V-0098,1042922.12,2023-01-30T13:13:00,valid,,0
ocds-pgraph-T-0463,T-0463,V-0113,1062924.86,2023-01-30T08:40:00,valid,,0
ocds-pgraph-T-0464,T-0464,V-0197,11216588.59,2023-05-30T15:33:00,valid,,0
ocds-pgraph-T-0464,T-0464,V-0021,10368815.83,2023-05-30T17:41:00,valid,,1
ocds-pgraph-T-0464,T-0464,V-0156,11775587.22,2023-05-30T17:38:00,valid,,0
ocds-pgraph-T-0466,T-0466,V-0228,3442031.38,2024-10-25T09:20:00,valid,,0
ocds-pgraph-T-0466,T-0466,V-0084,3199092.18,2024-10-25T13:32:00,valid,,0
ocds-pgraph-T-0466,T-0466,V-0015,3454194.82,2024-10-25T18:29:00,valid,,0
ocds-pgraph-T-0466,T-0466,V-0188,2966535.08,2024-10-25T15:06:00,valid,,1
ocds-pgraph-T-0467,T-0467,V-0149,14189621.99,2025-08-13T12:39:00,valid,,0
ocds-pgraph-T-0467,T-0467,V-0156,11585340.19,2025-08-13T10:01:00,valid,,1
ocds-pgraph-T-0468,T-0468,V-0184,3096328.73,2025-06-28T14:06:00,valid,,0
ocds-pgraph-T-0468,T-0468,V-0005,3350951.8,2025-06-28T17:40:00,valid,,0
ocds-pgraph-T-0468,T-0468,V-0006,3598639.52,2025-06-28T08:37:00,valid,,0
ocds-pgraph-T-0468,T-0468,V-0133,3573358.04,2025-06-28T18:26:00,valid,,0
ocds-pgraph-T-0468,T-0468,V-0120,2983038.17,2025-06-28T17:49:00,valid,,1
ocds-pgraph-T-0469,T-0469,V-0133,4948955.72,2026-06-15T18:45:00,valid,,0
ocds-pgraph-T-0469,T-0469,V-0184,4653797.8,2026-06-15T15:08:00,valid,,1
ocds-pgraph-T-0470,T-0470,V-0235,843271.08,2023-01-01T18:54:00,valid,,0
ocds-pgraph-T-0470,T-0470,V-0027,811871.23,2023-01-01T09:10:00,valid,,0
ocds-pgraph-T-0470,T-0470,V-0126,761180.37,2023-01-01T16:20:00,valid,,1
ocds-pgraph-T-0470,T-0470,V-0221,766328.74,2023-01-01T13:12:00,valid,,0
ocds-pgraph-T-0470,T-0470,V-0051,866425.6,2023-01-01T16:18:00,valid,,0
ocds-pgraph-T-0471,T-0471,V-0027,4763721.05,2026-03-24T10:54:00,valid,,0
ocds-pgraph-T-0471,T-0471,V-0192,4755728.99,2026-03-24T13:08:00,valid,,1
ocds-pgraph-T-0471,T-0471,V-0221,6122373.17,2026-03-24T11:47:00,valid,,0
ocds-pgraph-T-0471,T-0471,V-0051,5076231.12,2026-03-24T15:02:00,valid,,0
ocds-pgraph-T-0471,T-0471,V-0042,5562021.67,2026-03-24T13:08:00,valid,,0
ocds-pgraph-T-0471,T-0471,V-0235,5862497.51,2026-03-24T15:13:00,valid,,0
ocds-pgraph-T-0471,T-0471,V-0126,5581639.11,2026-03-24T18:28:00,valid,,0
ocds-pgraph-T-0472,T-0472,V-0027,5530176.08,2026-02-26T15:22:00,valid,,0
ocds-pgraph-T-0472,T-0472,V-0126,4990290.51,2026-02-26T11:09:00,valid,,1
ocds-pgraph-T-0472,T-0472,V-0192,6191889.87,2026-02-26T10:51:00,valid,,0
ocds-pgraph-T-0473,T-0473,V-0192,2029618.96,2026-02-05T15:01:00,valid,,0
ocds-pgraph-T-0473,T-0473,V-0027,1743943.57,2026-02-05T14:40:00,valid,,1
ocds-pgraph-T-0473,T-0473,V-0126,2236064.33,2026-02-05T11:08:00,valid,,0
ocds-pgraph-T-0474,T-0474,V-0119,2000986.95,2026-04-18T09:39:00,valid,,1
ocds-pgraph-T-0475,T-0475,V-0051,3693941.1,2024-12-13T17:16:00,valid,,0
ocds-pgraph-T-0475,T-0475,V-0235,3559369.25,2024-12-13T09:55:00,valid,,1
ocds-pgraph-T-0475,T-0475,V-0027,3622801.74,2024-12-13T08:05:00,valid,,0
ocds-pgraph-T-0475,T-0475,V-0192,3804152.5,2024-12-13T08:10:00,valid,,0
ocds-pgraph-T-0475,T-0475,V-0221,3573880.15,2024-12-13T15:54:00,valid,,0
ocds-pgraph-T-0475,T-0475,V-0042,4133327.3,2024-12-13T12:22:00,valid,,0
ocds-pgraph-T-0475,T-0475,V-0126,3998741.4,2024-12-13T08:30:00,valid,,0
ocds-pgraph-T-0476,T-0476,V-0051,810839.2,2026-01-07T15:22:00,valid,,0
ocds-pgraph-T-0476,T-0476,V-0221,731320.64,2026-01-07T16:21:00,valid,,0
ocds-pgraph-T-0476,T-0476,V-0235,637291.71,2026-01-07T16:00:00,valid,,1
ocds-pgraph-T-0476,T-0476,V-0126,728811.03,2026-01-07T09:04:00,valid,,0
ocds-pgraph-T-0476,T-0476,V-0192,732486.0,2026-01-07T09:53:00,valid,,0
ocds-pgraph-T-0477,T-0477,V-0119,10774219.94,2026-06-24T16:37:00,valid,,1
ocds-pgraph-T-0478,T-0478,V-0090,1412062.18,2024-05-09T14:32:00,valid,,0
ocds-pgraph-T-0478,T-0478,V-0119,1264895.05,2024-05-09T10:09:00,valid,,0
ocds-pgraph-T-0478,T-0478,V-0161,1139638.78,2024-05-09T14:24:00,valid,,1
ocds-pgraph-T-0479,T-0479,V-0042,4037472.77,2025-08-09T17:10:00,valid,,1
ocds-pgraph-T-0480,T-0480,V-0230,7444719.89,2025-06-21T18:15:00,valid,,1
ocds-pgraph-T-0480,T-0480,V-0076,8367354.07,2025-06-21T11:08:00,valid,,0
ocds-pgraph-T-0480,T-0480,V-0165,9464650.75,2025-06-21T12:38:00,valid,,0
ocds-pgraph-T-0480,T-0480,V-0119,8938508.84,2025-06-21T11:42:00,valid,,0
ocds-pgraph-T-0480,T-0480,V-0088,8503064.93,2025-06-21T17:10:00,valid,,0
ocds-pgraph-T-0480,T-0480,V-0132,9258951.72,2025-06-21T11:34:00,valid,,0
ocds-pgraph-T-0480,T-0480,V-0103,9079772.85,2025-06-21T12:48:00,valid,,0
ocds-pgraph-T-0481,T-0481,V-0042,3398250.7,2023-01-12T17:35:00,valid,,0
ocds-pgraph-T-0481,T-0481,V-0088,3289178.02,2023-01-12T09:48:00,valid,,1
ocds-pgraph-T-0481,T-0481,V-0119,3841484.78,2023-01-12T18:13:00,valid,,0
ocds-pgraph-T-0481,T-0481,V-0230,3595926.48,2023-01-12T18:10:00,valid,,0
ocds-pgraph-T-0482,T-0482,V-0224,4558817.12,2022-10-18T12:58:00,valid,,0
ocds-pgraph-T-0482,T-0482,V-0165,4502033.23,2022-10-18T15:15:00,valid,,1
ocds-pgraph-T-0482,T-0482,V-0076,5448659.42,2022-10-18T11:45:00,valid,,0
ocds-pgraph-T-0482,T-0482,V-0132,5327707.24,2022-10-18T15:13:00,valid,,0
ocds-pgraph-T-0482,T-0482,V-0103,4683293.46,2022-10-18T08:03:00,valid,,0
ocds-pgraph-T-0482,T-0482,V-0088,5314557.54,2022-10-18T10:40:00,valid,,0
ocds-pgraph-T-0483,T-0483,V-0051,3052611.87,2024-04-12T16:09:00,valid,,0
ocds-pgraph-T-0483,T-0483,V-0126,2977888.57,2024-04-12T12:23:00,valid,,0
ocds-pgraph-T-0483,T-0483,V-0235,2804194.14,2024-04-12T17:45:00,valid,,0
ocds-pgraph-T-0483,T-0483,V-0042,2355093.06,2024-04-12T10:43:00,valid,,1
ocds-pgraph-T-0483,T-0483,V-0027,2744915.97,2024-04-12T11:13:00,valid,,0
ocds-pgraph-T-0483,T-0483,V-0221,2375839.26,2024-04-12T09:12:00,valid,,0
ocds-pgraph-T-0484,T-0484,V-0119,2972139.29,2022-10-26T14:32:00,valid,,1
ocds-pgraph-T-0484,T-0484,V-0090,3778990.77,2022-10-26T11:07:00,valid,,0
ocds-pgraph-T-0484,T-0484,V-0161,3686814.99,2022-10-26T10:36:00,valid,,0
ocds-pgraph-T-0485,T-0485,V-0119,1416934.06,2025-10-05T16:21:00,valid,,1
ocds-pgraph-T-0486,T-0486,V-0161,3395931.08,2022-11-17T09:52:00,valid,,0
ocds-pgraph-T-0486,T-0486,V-0090,3556734.49,2022-11-17T14:11:00,valid,,0
ocds-pgraph-T-0486,T-0486,V-0119,3289029.68,2022-11-17T10:22:00,valid,,1
ocds-pgraph-T-0486,T-0486,V-0238,3515946.0,2022-11-17T12:13:00,valid,,0
ocds-pgraph-T-0487,T-0487,V-0221,3761181.53,2024-04-15T15:59:00,valid,,1
ocds-pgraph-T-0488,T-0488,V-0042,5878983.75,2026-02-15T13:04:00,valid,,1
ocds-pgraph-T-0488,T-0488,V-0221,7045151.08,2026-02-15T15:58:00,valid,,0
ocds-pgraph-T-0488,T-0488,V-0051,6426673.39,2026-02-15T15:45:00,valid,,0
ocds-pgraph-T-0488,T-0488,V-0027,7414000.28,2026-02-15T13:03:00,valid,,0
ocds-pgraph-T-0488,T-0488,V-0192,6632560.63,2026-02-15T16:47:00,valid,,0
ocds-pgraph-T-0488,T-0488,V-0235,6812546.78,2026-02-15T16:19:00,valid,,0
ocds-pgraph-T-0489,T-0489,V-0235,5662569.92,2024-07-18T12:19:00,valid,,0
ocds-pgraph-T-0489,T-0489,V-0126,5348663.81,2024-07-18T08:33:00,valid,,0
ocds-pgraph-T-0489,T-0489,V-0051,4872818.26,2024-07-18T09:50:00,valid,,1
ocds-pgraph-T-0490,T-0490,V-0119,553047.07,2024-03-03T18:09:00,valid,,1
ocds-pgraph-T-0491,T-0491,V-0014,14757838.38,2024-08-12T18:58:00,valid,,0
ocds-pgraph-T-0491,T-0491,V-0122,18265921.73,2024-08-12T15:11:00,valid,,0
ocds-pgraph-T-0491,T-0491,V-0142,17431509.48,2024-08-12T14:31:00,valid,,0
ocds-pgraph-T-0491,T-0491,V-0187,15022278.93,2024-08-12T09:15:00,valid,,0
ocds-pgraph-T-0491,T-0491,V-0217,16641831.3,2024-08-12T12:42:00,valid,,0
ocds-pgraph-T-0491,T-0491,V-0168,14516796.92,2024-08-12T12:42:00,valid,,1
ocds-pgraph-T-0491,T-0491,V-0226,18079217.15,2024-08-12T12:47:00,valid,,0
ocds-pgraph-T-0492,T-0492,V-S005,5883605.83,2024-07-05T08:19:00,valid,,0
ocds-pgraph-T-0492,T-0492,V-0145,5355406.04,2024-07-05T08:46:00,valid,,1
ocds-pgraph-T-0492,T-0492,V-S010,6063502.03,2024-07-05T16:58:00,valid,,0
ocds-pgraph-T-0492,T-0492,V-0164,6567720.21,2024-07-05T15:29:00,valid,,0
ocds-pgraph-T-0493,T-0493,V-0014,36677759.15,2023-04-29T08:04:00,valid,,0
ocds-pgraph-T-0493,T-0493,V-0122,35681935.11,2023-04-29T16:04:00,valid,,0
ocds-pgraph-T-0493,T-0493,V-0160,31071463.04,2023-04-29T14:48:00,valid,,1
ocds-pgraph-T-0493,T-0493,V-0215,32996014.67,2023-04-29T16:04:00,valid,,0
ocds-pgraph-T-0494,T-0494,V-0145,14331822.06,2023-11-30T16:35:00,valid,,0
ocds-pgraph-T-0494,T-0494,V-S010,14417794.83,2023-11-30T16:48:00,valid,,0
ocds-pgraph-T-0494,T-0494,V-0185,13032981.98,2023-11-30T10:18:00,valid,,1
ocds-pgraph-T-0495,T-0495,V-0014,2071067.22,2022-10-05T09:22:00,valid,,1
ocds-pgraph-T-0495,T-0495,V-0122,2266333.33,2022-10-05T09:35:00,valid,,0
ocds-pgraph-T-0495,T-0495,V-0142,2401431.84,2022-10-05T08:46:00,valid,,0
ocds-pgraph-T-0495,T-0495,V-0046,2507269.63,2022-10-05T14:57:00,valid,,0
ocds-pgraph-T-0495,T-0495,V-0033,2690530.94,2022-10-05T09:59:00,valid,,0
ocds-pgraph-T-0495,T-0495,V-0239,2464079.42,2022-10-05T10:08:00,valid,,0
ocds-pgraph-T-0496,T-0496,V-0122,33814693.32,2024-04-12T10:52:00,valid,,1
ocds-pgraph-T-0496,T-0496,V-0014,35625284.09,2024-04-12T10:29:00,valid,,0
ocds-pgraph-T-0496,T-0496,V-0226,38794337.01,2024-04-12T17:05:00,valid,,0
ocds-pgraph-T-0496,T-0496,V-0034,37281315.75,2024-04-12T17:57:00,valid,,0
ocds-pgraph-T-0496,T-0496,V-0239,35129075.87,2024-04-12T12:30:00,valid,,0
ocds-pgraph-T-0496,T-0496,V-0200,36021417.28,2024-04-12T15:49:00,valid,,0
ocds-pgraph-T-0497,T-0497,V-0014,12236135.29,2025-09-06T14:12:00,valid,,0
ocds-pgraph-T-0497,T-0497,V-0122,14129717.34,2025-09-06T16:34:00,valid,,0
ocds-pgraph-T-0497,T-0497,V-0200,11903096.86,2025-09-06T13:06:00,valid,,1
ocds-pgraph-T-0499,T-0499,V-S007,4339853.03,2024-08-11T16:50:00,valid,,1
ocds-pgraph-T-0499,T-0499,V-0179,4361471.3,2024-08-11T08:04:00,valid,,0
ocds-pgraph-T-0499,T-0499,V-0145,5148649.28,2024-08-11T12:05:00,valid,,0
ocds-pgraph-T-0500,T-0500,V-0122,20385030.45,2022-09-25T08:31:00,valid,,0
ocds-pgraph-T-0500,T-0500,V-0014,19009535.43,2022-09-25T18:54:00,valid,,0
ocds-pgraph-T-0500,T-0500,V-0064,19958515.76,2022-09-25T09:45:00,valid,,0
ocds-pgraph-T-0500,T-0500,V-0173,22179465.8,2022-09-25T11:51:00,valid,,0
ocds-pgraph-T-0500,T-0500,V-0034,18625524.71,2022-09-25T10:09:00,valid,,1
ocds-pgraph-T-0501,T-0501,V-0122,19829234.3,2023-12-31T18:43:00,valid,,0
ocds-pgraph-T-0501,T-0501,V-0014,18315935.4,2023-12-31T18:25:00,valid,,0
ocds-pgraph-T-0501,T-0501,V-0021,22725745.1,2023-12-31T13:22:00,valid,,0
ocds-pgraph-T-0501,T-0501,V-0046,20235349.39,2023-12-31T11:06:00,valid,,0
ocds-pgraph-T-0501,T-0501,V-0204,17257570.28,2023-12-31T14:04:00,valid,,1
ocds-pgraph-T-0501,T-0501,V-0034,20966019.7,2023-12-31T16:23:00,valid,,0
ocds-pgraph-T-0502,T-0502,V-0122,32630756.66,2024-09-17T17:19:00,valid,,1
ocds-pgraph-T-0502,T-0502,V-0014,38829295.87,2024-09-17T09:15:00,valid,,0
ocds-pgraph-T-0503,T-0503,V-0040,10998805.92,2025-03-04T13:10:00,valid,,1
ocds-pgraph-T-0504,T-0504,V-0040,10968610.95,2024-02-15T09:15:00,valid,,0
ocds-pgraph-T-0504,T-0504,V-0179,10362900.71,2024-02-15T18:17:00,valid,,0
ocds-pgraph-T-0504,T-0504,V-S007,12325783.55,2024-02-15T17:53:00,valid,,0
ocds-pgraph-T-0504,T-0504,V-0185,10197706.78,2024-02-15T09:45:00,valid,,1
ocds-pgraph-T-0504,T-0504,V-0223,11454914.32,2024-02-15T16:01:00,valid,,0
ocds-pgraph-T-0504,T-0504,V-S010,10557698.14,2024-02-15T10:28:00,valid,,0
ocds-pgraph-T-0505,T-0505,V-0179,6014325.96,2024-12-25T10:34:00,valid,,0
ocds-pgraph-T-0505,T-0505,V-0185,5035114.6,2024-12-25T08:10:00,valid,,1
ocds-pgraph-T-0505,T-0505,V-S005,5497165.82,2024-12-25T17:23:00,valid,,0
ocds-pgraph-T-0505,T-0505,V-0164,5741633.44,2024-12-25T18:54:00,valid,,0
ocds-pgraph-T-0505,T-0505,V-S007,5359649.85,2024-12-25T10:05:00,valid,,0
ocds-pgraph-T-0506,T-0506,V-0122,7420627.1,2025-02-15T08:00:00,valid,,1
ocds-pgraph-T-0506,T-0506,V-0014,8607055.54,2025-02-15T18:29:00,valid,,0
ocds-pgraph-T-0506,T-0506,V-0168,8084498.83,2025-02-15T13:12:00,valid,,0
ocds-pgraph-T-0506,T-0506,V-0142,7768811.37,2025-02-15T10:38:00,valid,,0
ocds-pgraph-T-0506,T-0506,V-0033,7707168.12,2025-02-15T14:23:00,valid,,0
ocds-pgraph-T-0507,T-0507,V-0014,14848411.96,2026-01-23T18:55:00,valid,,0
ocds-pgraph-T-0507,T-0507,V-0122,15495190.22,2026-01-23T13:17:00,valid,,0
ocds-pgraph-T-0507,T-0507,V-0186,16628918.15,2026-01-23T15:30:00,valid,,0
ocds-pgraph-T-0507,T-0507,V-0236,14711717.36,2026-01-23T15:46:00,valid,,1
ocds-pgraph-T-0508,T-0508,V-0122,17358078.65,2025-04-21T12:48:00,valid,,1
ocds-pgraph-T-0509,T-0509,V-0155,7778721.27,2024-12-15T15:27:00,valid,,0
ocds-pgraph-T-0509,T-0509,V-0118,7571860.04,2024-12-15T16:29:00,valid,,0
ocds-pgraph-T-0509,T-0509,V-0061,7056572.29,2024-12-15T16:19:00,valid,,1
ocds-pgraph-T-0510,T-0510,V-Y006,4009121.75,2025-08-30T17:44:00,valid,,0
ocds-pgraph-T-0510,T-0510,V-Y005,3451655.09,2025-08-30T10:37:00,valid,,1
ocds-pgraph-T-0510,T-0510,V-0118,3566372.57,2025-08-30T10:14:00,valid,,0
ocds-pgraph-T-0511,T-0511,V-0123,2896982.07,2023-11-23T12:26:00,valid,,1
ocds-pgraph-T-0511,T-0511,V-0093,2963044.66,2023-11-23T11:19:00,valid,,0
ocds-pgraph-T-0511,T-0511,V-Y005,3767887.54,2023-11-23T09:58:00,valid,,0
ocds-pgraph-T-0512,T-0512,V-0169,3885843.46,2025-07-09T12:03:00,valid,,0
ocds-pgraph-T-0512,T-0512,V-0069,3538894.55,2025-07-09T17:14:00,valid,,1
ocds-pgraph-T-0512,T-0512,V-0181,3751766.91,2025-07-09T09:51:00,valid,,0
ocds-pgraph-T-0513,T-0513,V-0020,7158940.94,2025-11-03T13:19:00,valid,,0
ocds-pgraph-T-0513,T-0513,V-Y008,6618308.4,2025-11-03T14:55:00,valid,,1
ocds-pgraph-T-0513,T-0513,V-0131,8471444.46,2025-11-03T18:05:00,valid,,0
ocds-pgraph-T-0513,T-0513,V-0182,7784734.82,2025-11-03T16:03:00,valid,,0
ocds-pgraph-T-0513,T-0513,V-0013,7178346.74,2025-11-03T13:59:00,valid,,0
ocds-pgraph-T-0514,T-0514,V-0020,6976334.53,2023-10-22T08:47:00,valid,,1
ocds-pgraph-T-0514,T-0514,V-0155,7564160.63,2023-10-22T12:13:00,valid,,0
ocds-pgraph-T-0514,T-0514,V-0153,7850547.47,2023-10-22T14:03:00,valid,,0
ocds-pgraph-T-0514,T-0514,V-0140,7461684.48,2023-10-22T09:35:00,valid,,0
ocds-pgraph-T-0515,T-0515,V-0093,7444537.94,2023-08-03T14:24:00,valid,,0
ocds-pgraph-T-0515,T-0515,V-0123,7293710.69,2023-08-03T08:18:00,valid,,1
ocds-pgraph-T-0515,T-0515,V-Y005,7856215.11,2023-08-03T15:36:00,valid,,0
ocds-pgraph-T-0515,T-0515,V-0061,8896279.08,2023-08-03T08:54:00,valid,,0
ocds-pgraph-T-0516,T-0516,V-0169,2308480.08,2023-12-04T14:59:00,valid,,0
ocds-pgraph-T-0516,T-0516,V-0238,2497710.92,2023-12-04T11:51:00,valid,,0
ocds-pgraph-T-0516,T-0516,V-0069,2240647.92,2023-12-04T16:20:00,valid,,0
ocds-pgraph-T-0516,T-0516,V-0181,2532236.0,2023-12-04T18:29:00,valid,,0
ocds-pgraph-T-0516,T-0516,V-0227,2526462.96,2023-12-04T08:45:00,valid,,0
ocds-pgraph-T-0516,T-0516,V-0005,2661286.56,2023-12-04T09:40:00,valid,,0
ocds-pgraph-T-0516,T-0516,V-0026,2203821.47,2023-12-04T10:01:00,valid,,1
ocds-pgraph-T-0517,T-0517,V-Y006,11373040.35,2023-03-12T18:01:00,valid,,0
ocds-pgraph-T-0517,T-0517,V-Y005,10695184.08,2023-03-12T08:21:00,valid,,0
ocds-pgraph-T-0517,T-0517,V-0061,11481175.34,2023-03-12T10:50:00,valid,,0
ocds-pgraph-T-0517,T-0517,V-0118,10273506.18,2023-03-12T08:01:00,valid,,0
ocds-pgraph-T-0517,T-0517,V-0218,9306868.61,2023-03-12T11:07:00,valid,,1
ocds-pgraph-T-0518,T-0518,V-0169,328573.64,2023-08-17T16:23:00,valid,,0
ocds-pgraph-T-0518,T-0518,V-0181,332284.75,2023-08-17T10:05:00,valid,,0
ocds-pgraph-T-0518,T-0518,V-0069,372879.74,2023-08-17T16:19:00,valid,,0
ocds-pgraph-T-0518,T-0518,V-0238,319492.53,2023-08-17T18:57:00,valid,,1
ocds-pgraph-T-0519,T-0519,V-0131,10070474.16,2023-03-15T17:58:00,valid,,0
ocds-pgraph-T-0519,T-0519,V-0155,10099475.51,2023-03-15T18:15:00,valid,,0
ocds-pgraph-T-0519,T-0519,V-0153,9789911.45,2023-03-15T17:03:00,valid,,1
ocds-pgraph-T-0520,T-0520,V-0118,8444425.72,2026-02-07T18:46:00,valid,,0
ocds-pgraph-T-0520,T-0520,V-0093,8097290.31,2026-02-07T17:40:00,valid,,0
ocds-pgraph-T-0520,T-0520,V-0061,6922169.46,2026-02-07T15:19:00,valid,,1
ocds-pgraph-T-0520,T-0520,V-Y005,7284109.3,2026-02-07T11:41:00,valid,,0
ocds-pgraph-T-0520,T-0520,V-0218,8141182.2,2026-02-07T08:35:00,valid,,0
ocds-pgraph-T-0521,T-0521,V-0020,3120857.91,2026-04-13T16:15:00,valid,,1
ocds-pgraph-T-0522,T-0522,V-0238,3066623.43,2023-02-23T14:51:00,valid,,1
ocds-pgraph-T-0522,T-0522,V-0181,3552287.04,2023-02-23T11:48:00,valid,,0
ocds-pgraph-T-0522,T-0522,V-0069,3596275.27,2023-02-23T15:44:00,valid,,0
ocds-pgraph-T-0522,T-0522,V-0169,3380823.01,2023-02-23T15:38:00,valid,,0
ocds-pgraph-T-0522,T-0522,V-0098,3230515.77,2023-02-23T16:11:00,valid,,0
ocds-pgraph-T-0522,T-0522,V-0090,3309273.14,2023-02-23T14:20:00,valid,,0
ocds-pgraph-T-0522,T-0522,V-0113,3555357.06,2023-02-23T15:01:00,valid,,0
ocds-pgraph-T-0523,T-0523,V-0181,3651489.63,2024-05-10T18:34:00,valid,,0
ocds-pgraph-T-0523,T-0523,V-0238,2996217.28,2024-05-10T17:54:00,valid,,1
ocds-pgraph-T-0523,T-0523,V-0169,3189560.76,2024-05-10T08:11:00,valid,,0
ocds-pgraph-T-0523,T-0523,V-0069,3373571.17,2024-05-10T10:00:00,valid,,0
ocds-pgraph-T-0523,T-0523,V-0056,3072737.28,2024-05-10T08:48:00,valid,,0
ocds-pgraph-T-0523,T-0523,V-0058,3268615.64,2024-05-10T17:26:00,valid,,0
ocds-pgraph-T-0524,T-0524,V-0069,3500168.67,2024-09-03T12:22:00,valid,,0
ocds-pgraph-T-0524,T-0524,V-0181,3701831.62,2024-09-03T16:17:00,valid,,0
ocds-pgraph-T-0524,T-0524,V-0169,3804394.98,2024-09-03T14:10:00,valid,,0
ocds-pgraph-T-0524,T-0524,V-0238,3922978.72,2024-09-03T08:57:00,valid,,0
ocds-pgraph-T-0524,T-0524,V-0119,3499566.93,2024-09-03T13:05:00,valid,,1
ocds-pgraph-T-0525,T-0525,V-0096,9352935.29,2024-08-11T12:43:00,valid,,0
ocds-pgraph-T-0525,T-0525,V-0140,8020587.89,2024-08-11T08:17:00,valid,,0
ocds-pgraph-T-0525,T-0525,V-Y008,7896765.85,2024-08-11T13:12:00,valid,,0
ocds-pgraph-T-0525,T-0525,V-0155,7742111.66,2024-08-11T09:46:00,valid,,1
ocds-pgraph-T-0526,T-0526,V-Y008,8428792.97,2023-08-08T16:04:00,valid,,1
ocds-pgraph-T-0526,T-0526,V-S001,8683777.59,2023-08-08T16:38:00,valid,,0
ocds-pgraph-T-0526,T-0526,V-0218,8661898.39,2023-08-08T17:34:00,valid,,0
ocds-pgraph-T-0527,T-0527,V-0123,3252614.76,2025-12-21T18:25:00,valid,,1
ocds-pgraph-T-0528,T-0528,V-0140,4950868.74,2025-11-16T14:02:00,valid,,1
ocds-pgraph-T-0529,T-0529,V-0093,10652428.1,2023-09-21T14:21:00,valid,,1
ocds-pgraph-T-0529,T-0529,V-0061,11041830.17,2023-09-21T11:39:00,valid,,0
ocds-pgraph-T-0530,T-0530,V-0155,10468555.09,2023-04-09T11:19:00,valid,,1
ocds-pgraph-T-0530,T-0530,V-0093,11622326.28,2023-04-09T17:13:00,valid,,0
ocds-pgraph-T-0530,T-0530,V-0218,12427959.89,2023-04-09T10:21:00,valid,,0
ocds-pgraph-T-0531,T-0531,V-0069,2728126.08,2025-09-14T10:58:00,valid,,0
ocds-pgraph-T-0531,T-0531,V-0238,3020500.78,2025-09-14T10:23:00,valid,,0
ocds-pgraph-T-0531,T-0531,V-0181,2429119.2,2025-09-14T17:00:00,valid,,0
ocds-pgraph-T-0531,T-0531,V-0169,2421560.76,2025-09-14T16:16:00,valid,,1
ocds-pgraph-T-0531,T-0531,V-0161,2935514.96,2025-09-14T08:16:00,valid,,0
ocds-pgraph-T-0532,T-0532,V-0169,1587103.28,2024-12-27T14:48:00,valid,,1
ocds-pgraph-T-0533,T-0533,V-0140,8963737.12,2025-09-20T15:13:00,valid,,0
ocds-pgraph-T-0533,T-0533,V-0131,9918439.85,2025-09-20T09:01:00,valid,,0
ocds-pgraph-T-0533,T-0533,V-Y008,8362231.13,2025-09-20T11:40:00,valid,,1
ocds-pgraph-T-0533,T-0533,V-0020,10219620.1,2025-09-20T11:40:00,valid,,0
ocds-pgraph-T-0533,T-0533,V-0096,9832668.31,2025-09-20T18:42:00,valid,,0
ocds-pgraph-T-0533,T-0533,V-S001,10204044.02,2025-09-20T14:54:00,valid,,0
ocds-pgraph-T-0534,T-0534,V-0020,4395557.25,2025-12-20T10:27:00,valid,,1
ocds-pgraph-T-0535,T-0535,V-0218,6917297.9,2023-04-09T10:12:00,valid,,0
ocds-pgraph-T-0535,T-0535,V-Y006,7198495.09,2023-04-09T09:19:00,valid,,0
ocds-pgraph-T-0535,T-0535,V-Y005,7417404.1,2023-04-09T09:02:00,valid,,0
ocds-pgraph-T-0535,T-0535,V-0155,6830648.42,2023-04-09T16:43:00,valid,,1
ocds-pgraph-T-0536,T-0536,V-0087,2269340.51,2022-11-04T14:27:00,valid,,1
ocds-pgraph-T-0536,T-0536,V-0154,2376680.74,2022-11-04T17:45:00,valid,,0
ocds-pgraph-T-0536,T-0536,V-0092,2504466.95,2022-11-04T15:33:00,valid,,0
ocds-pgraph-T-0536,T-0536,V-0221,2360755.29,2022-11-04T10:25:00,valid,,0
ocds-pgraph-T-0536,T-0536,V-0130,2301139.38,2022-11-04T08:20:00,valid,,0
ocds-pgraph-T-0536,T-0536,V-0151,2325205.48,2022-11-04T10:37:00,valid,,0
ocds-pgraph-T-0537,T-0537,V-0120,1428545.69,2025-07-20T12:23:00,valid,,0
ocds-pgraph-T-0537,T-0537,V-0152,1448083.39,2025-07-20T18:50:00,valid,,0
ocds-pgraph-T-0537,T-0537,V-0227,1331800.97,2025-07-20T10:14:00,valid,,1
ocds-pgraph-T-0537,T-0537,V-0113,1458662.01,2025-07-20T16:29:00,valid,,0
ocds-pgraph-T-0537,T-0537,V-0058,1546698.44,2025-07-20T14:09:00,valid,,0
ocds-pgraph-T-0538,T-0538,V-0092,9230013.7,2024-10-11T17:56:00,valid,,0
ocds-pgraph-T-0538,T-0538,V-0087,7826026.37,2024-10-11T11:59:00,valid,,1
ocds-pgraph-T-0538,T-0538,V-0154,9879536.6,2024-10-11T18:14:00,valid,,0
ocds-pgraph-T-0539,T-0539,V-Y002,9152335.37,2024-07-14T16:53:00,valid,,1
ocds-pgraph-T-0539,T-0539,V-0196,9302394.78,2024-07-14T17:29:00,valid,,0
ocds-pgraph-T-0539,T-0539,V-0048,10136046.5,2024-07-14T16:29:00,valid,,0
ocds-pgraph-T-0539,T-0539,V-0217,9769857.51,2024-07-14T14:43:00,valid,,0
ocds-pgraph-T-0540,T-0540,V-0087,9407272.59,2023-07-08T13:28:00,valid,,1
ocds-pgraph-T-0540,T-0540,V-0092,10412919.79,2023-07-08T14:16:00,valid,,0
ocds-pgraph-T-0540,T-0540,V-0154,11903734.66,2023-07-08T10:28:00,valid,,0
ocds-pgraph-T-0541,T-0541,V-0092,7238002.3,2024-05-06T15:52:00,valid,,0
ocds-pgraph-T-0541,T-0541,V-Y002,6941088.83,2024-05-06T08:14:00,valid,,1
ocds-pgraph-T-0541,T-0541,V-0109,6948896.71,2024-05-06T13:02:00,valid,,0
ocds-pgraph-T-0541,T-0541,V-0196,7410675.02,2024-05-06T18:34:00,valid,,0
ocds-pgraph-T-0542,T-0542,V-0227,485626.15,2023-09-05T17:31:00,valid,,1
ocds-pgraph-T-0542,T-0542,V-0180,567806.54,2023-09-05T17:08:00,valid,,0
ocds-pgraph-T-0542,T-0542,V-0120,547907.69,2023-09-05T11:27:00,valid,,0
ocds-pgraph-T-0542,T-0542,V-0113,522087.22,2023-09-05T10:11:00,valid,,0
ocds-pgraph-T-0542,T-0542,V-0152,526812.55,2023-09-05T16:07:00,valid,,0
ocds-pgraph-T-0542,T-0542,V-0058,538813.08,2023-09-05T12:37:00,valid,,0
ocds-pgraph-T-0542,T-0542,V-0005,513027.44,2023-09-05T14:42:00,valid,,0
ocds-pgraph-T-0543,T-0543,V-0092,9518705.66,2024-01-10T18:05:00,valid,,0
ocds-pgraph-T-0543,T-0543,V-0087,8793359.65,2024-01-10T11:12:00,valid,,1
ocds-pgraph-T-0544,T-0544,V-0048,8734178.68,2025-12-28T08:42:00,valid,,0
ocds-pgraph-T-0544,T-0544,V-0190,9141277.38,2025-12-28T14:01:00,valid,,0
ocds-pgraph-T-0544,T-0544,V-0057,8427409.7,2025-12-28T13:38:00,valid,,0
ocds-pgraph-T-0544,T-0544,V-0217,7820890.37,2025-12-28T16:22:00,valid,,1
ocds-pgraph-T-0544,T-0544,V-0225,7915887.1,2025-12-28T16:23:00,valid,,0
ocds-pgraph-T-0545,T-0545,V-0092,1235258.1,2023-07-06T14:17:00,valid,,0
ocds-pgraph-T-0545,T-0545,V-0154,1136370.75,2023-07-06T17:21:00,valid,,0
ocds-pgraph-T-0545,T-0545,V-0087,1100954.65,2023-07-06T11:19:00,valid,,1
ocds-pgraph-T-0545,T-0545,V-0071,1120205.06,2023-07-06T10:39:00,valid,,0
ocds-pgraph-T-0546,T-0546,V-0217,8862456.2,2024-03-31T11:28:00,valid,,0
ocds-pgraph-T-0546,T-0546,V-0196,8761059.31,2024-03-31T18:10:00,valid,,1
ocds-pgraph-T-0546,T-0546,V-0225,9660825.28,2024-03-31T14:09:00,valid,,0
ocds-pgraph-T-0546,T-0546,V-0057,9037874.52,2024-03-31T13:51:00,valid,,0
ocds-pgraph-T-0546,T-0546,V-0157,9295973.11,2024-03-31T15:55:00,valid,,0
ocds-pgraph-T-0547,T-0547,V-0217,11817500.86,2025-04-26T11:05:00,valid,,0
ocds-pgraph-T-0547,T-0547,V-Y002,12179245.93,2025-04-26T11:00:00,valid,,0
ocds-pgraph-T-0547,T-0547,V-0196,11370994.86,2025-04-26T13:05:00,valid,,0
ocds-pgraph-T-0547,T-0547,V-0048,9892437.15,2025-04-26T10:08:00,valid,,1
ocds-pgraph-T-0547,T-0547,V-0057,9946419.9,2025-04-26T09:09:00,valid,,0
ocds-pgraph-T-0548,T-0548,V-0196,6541295.04,2024-08-22T09:18:00,valid,,0
ocds-pgraph-T-0548,T-0548,V-0225,6403373.64,2024-08-22T15:37:00,valid,,0
ocds-pgraph-T-0548,T-0548,V-0190,6359449.74,2024-08-22T15:04:00,valid,,1
ocds-pgraph-T-0549,T-0549,V-0109,9479343.81,2026-08-07T14:37:00,valid,,0
ocds-pgraph-T-0549,T-0549,V-0048,9290413.87,2026-08-07T11:19:00,valid,,1
ocds-pgraph-T-0549,T-0549,V-0225,9772049.94,2026-08-07T10:29:00,valid,,0
ocds-pgraph-T-0550,T-0550,V-0092,2003979.52,2025-03-03T11:23:00,valid,,0
ocds-pgraph-T-0550,T-0550,V-0154,1657015.85,2025-03-03T10:50:00,valid,,1
ocds-pgraph-T-0550,T-0550,V-0087,1909616.65,2025-03-03T09:31:00,valid,,0
ocds-pgraph-T-0550,T-0550,V-0077,2049926.23,2025-03-03T08:39:00,valid,,0
ocds-pgraph-T-0551,T-0551,V-0217,3298551.85,2026-06-29T18:11:00,valid,,0
ocds-pgraph-T-0551,T-0551,V-0196,3335636.83,2026-06-29T13:59:00,valid,,0
ocds-pgraph-T-0551,T-0551,V-0057,2904957.85,2026-06-29T09:16:00,valid,,1
ocds-pgraph-T-0551,T-0551,V-Y002,3272738.29,2026-06-29T13:04:00,valid,,0
ocds-pgraph-T-0552,T-0552,V-0109,9375250.57,2022-09-26T10:09:00,valid,,0
ocds-pgraph-T-0552,T-0552,V-0157,8389982.28,2022-09-26T10:06:00,valid,,0
ocds-pgraph-T-0552,T-0552,V-0092,9017968.32,2022-09-26T08:24:00,valid,,0
ocds-pgraph-T-0552,T-0552,V-0048,7777287.17,2022-09-26T10:37:00,valid,,1
ocds-pgraph-T-0552,T-0552,V-0217,8295814.91,2022-09-26T17:11:00,valid,,0
ocds-pgraph-T-0552,T-0552,V-0225,8412614.13,2022-09-26T09:03:00,valid,,0
ocds-pgraph-T-0552,T-0552,V-Y002,9378656.12,2022-09-26T10:12:00,valid,,0
ocds-pgraph-T-0553,T-0553,V-0057,3946972.38,2024-11-20T15:55:00,valid,,0
ocds-pgraph-T-0553,T-0553,V-0048,4088064.67,2024-11-20T14:01:00,valid,,0
ocds-pgraph-T-0553,T-0553,V-Y002,3656199.93,2024-11-20T08:36:00,valid,,1
ocds-pgraph-T-0553,T-0553,V-0217,4240725.79,2024-11-20T08:21:00,valid,,0
ocds-pgraph-T-0553,T-0553,V-0092,3702670.21,2024-11-20T15:01:00,valid,,0
ocds-pgraph-T-0554,T-0554,V-0087,3131228.61,2022-11-07T11:04:00,valid,,1
ocds-pgraph-T-0554,T-0554,V-0154,3911629.87,2022-11-07T18:44:00,valid,,0
ocds-pgraph-T-0554,T-0554,V-0092,3358452.0,2022-11-07T13:54:00,valid,,0
ocds-pgraph-T-0554,T-0554,V-0026,3874871.85,2022-11-07T14:14:00,valid,,0
ocds-pgraph-T-0554,T-0554,V-Y006,3577166.08,2022-11-07T14:34:00,valid,,0
ocds-pgraph-T-0555,T-0555,V-0087,4535850.86,2022-12-20T17:00:00,valid,,0
ocds-pgraph-T-0555,T-0555,V-0092,4449488.85,2022-12-20T18:53:00,valid,,1
ocds-pgraph-T-0555,T-0555,V-0154,4903363.5,2022-12-20T18:28:00,valid,,0
ocds-pgraph-T-0555,T-0555,V-0151,5535633.06,2022-12-20T13:49:00,valid,,0
ocds-pgraph-T-0556,T-0556,V-0092,5029687.76,2023-03-13T13:51:00,valid,,0
ocds-pgraph-T-0556,T-0556,V-0087,4330558.92,2023-03-13T10:34:00,valid,,1
ocds-pgraph-T-0556,T-0556,V-0154,4913800.98,2023-03-13T14:01:00,valid,,0
ocds-pgraph-T-0557,T-0557,V-0196,3168913.67,2025-02-27T13:12:00,valid,,1
ocds-pgraph-T-0557,T-0557,V-0048,3551030.69,2025-02-27T10:05:00,valid,,0
ocds-pgraph-T-0559,T-0559,V-0154,8656263.72,2023-02-26T15:48:00,valid,,0
ocds-pgraph-T-0559,T-0559,V-0087,8510127.34,2023-02-26T16:16:00,valid,,0
ocds-pgraph-T-0559,T-0559,V-0092,7944166.42,2023-02-26T10:36:00,valid,,1
ocds-pgraph-T-0559,T-0559,V-0172,8774696.09,2023-02-26T09:21:00,valid,,0
ocds-pgraph-T-0559,T-0559,V-0218,8107063.91,2023-02-26T10:03:00,valid,,0
ocds-pgraph-T-0560,T-0560,V-0180,2300462.72,2025-07-27T16:03:00,valid,,1
ocds-pgraph-T-0560,T-0560,V-0152,2598552.18,2025-07-27T15:26:00,valid,,0
ocds-pgraph-T-0560,T-0560,V-0227,2589784.13,2025-07-27T08:36:00,valid,,0
ocds-pgraph-T-0561,T-0561,V-0092,923105.58,2023-01-21T09:56:00,valid,,1
ocds-pgraph-T-0562,T-0562,V-0101,45760268.7,2023-08-19T17:47:00,valid,,1
ocds-pgraph-T-0563,T-0563,V-0189,2653151.76,2023-02-27T15:22:00,valid,,1
ocds-pgraph-T-0564,T-0564,V-0189,10716366.25,2024-07-17T16:47:00,valid,,0
ocds-pgraph-T-0564,T-0564,V-0126,10046887.16,2024-07-17T15:30:00,valid,,1
ocds-pgraph-T-0564,T-0564,V-0083,11466632.29,2024-07-17T18:07:00,valid,,0
ocds-pgraph-T-0564,T-0564,V-0062,10767047.82,2024-07-17T13:14:00,valid,,0
ocds-pgraph-T-0564,T-0564,V-0116,12344645.73,2024-07-17T18:42:00,valid,,0
ocds-pgraph-T-0565,T-0565,V-0189,12056008.06,2024-05-31T09:04:00,valid,,0
ocds-pgraph-T-0565,T-0565,V-0126,9792022.34,2024-05-31T09:19:00,valid,,1
ocds-pgraph-T-0565,T-0565,V-0232,10019575.0,2024-05-31T10:21:00,valid,,0
ocds-pgraph-T-0565,T-0565,V-0083,11998921.29,2024-05-31T15:13:00,valid,,0
ocds-pgraph-T-0565,T-0565,V-S005,12198363.15,2024-05-31T13:15:00,valid,,0
ocds-pgraph-T-0566,T-0566,V-0189,4125222.06,2024-07-05T11:11:00,valid,,0
ocds-pgraph-T-0566,T-0566,V-0126,3913685.04,2024-07-05T15:40:00,valid,,1
ocds-pgraph-T-0566,T-0566,V-0112,4744564.44,2024-07-05T11:20:00,valid,,0
ocds-pgraph-T-0567,T-0567,V-0101,23781558.65,2025-03-02T09:49:00,valid,,0
ocds-pgraph-T-0567,T-0567,V-0076,25467046.89,2025-03-02T09:40:00,valid,,0
ocds-pgraph-T-0567,T-0567,V-0030,25782609.06,2025-03-02T15:01:00,valid,,0
ocds-pgraph-T-0567,T-0567,V-0236,29529918.8,2025-03-02T11:14:00,valid,,0
ocds-pgraph-T-0567,T-0567,V-0119,23391333.91,2025-03-02T14:50:00,valid,,1
ocds-pgraph-T-0567,T-0567,V-0160,29244134.21,2025-03-02T15:12:00,valid,,0
ocds-pgraph-T-0567,T-0567,V-0033,27620793.17,2025-03-02T16:01:00,valid,,0
ocds-pgraph-T-0568,T-0568,V-0076,24878145.88,2023-10-07T14:04:00,valid,,0
ocds-pgraph-T-0568,T-0568,V-0101,21799234.13,2023-10-07T13:10:00,valid,,1
ocds-pgraph-T-0569,T-0569,V-0160,7787920.33,2025-06-18T14:55:00,valid,,1
ocds-pgraph-T-0570,T-0570,V-0030,13631210.07,2024-06-13T13:11:00,valid,,1
ocds-pgraph-T-0571,T-0571,V-0101,19111466.6,2023-11-16T15:57:00,valid,,0
ocds-pgraph-T-0571,T-0571,V-0030,18471061.34,2023-11-16T10:37:00,valid,,0
ocds-pgraph-T-0571,T-0571,V-0160,18395288.91,2023-11-16T11:39:00,valid,,0
ocds-pgraph-T-0571,T-0571,V-0236,16278089.46,2023-11-16T16:24:00,valid,,1
ocds-pgraph-T-0571,T-0571,V-0119,16614746.57,2023-11-16T15:42:00,valid,,0
ocds-pgraph-T-0571,T-0571,V-0076,19562993.27,2023-11-16T15:13:00,valid,,0
ocds-pgraph-T-0573,T-0573,V-0189,2897361.76,2025-02-05T15:39:00,valid,,0
ocds-pgraph-T-0573,T-0573,V-0126,2550736.96,2025-02-05T18:30:00,valid,,0
ocds-pgraph-T-0573,T-0573,V-0082,2434486.52,2025-02-05T16:41:00,valid,,1
ocds-pgraph-T-0573,T-0573,V-0145,2524653.53,2025-02-05T16:19:00,valid,,0
ocds-pgraph-T-0573,T-0573,V-0116,2831652.47,2025-02-05T10:42:00,valid,,0
ocds-pgraph-T-0574,T-0574,V-0126,3258352.14,2023-11-25T17:11:00,valid,,0
ocds-pgraph-T-0574,T-0574,V-0189,2772854.48,2023-11-25T14:07:00,valid,,1
ocds-pgraph-T-0574,T-0574,V-0240,3176280.03,2023-11-25T18:28:00,valid,,0
ocds-pgraph-T-0574,T-0574,V-0163,3368064.52,2023-11-25T09:42:00,valid,,0
ocds-pgraph-T-0574,T-0574,V-0204,3142229.42,2023-11-25T15:14:00,valid,,0
ocds-pgraph-T-0574,T-0574,V-0040,3449604.89,2023-11-25T12:49:00,valid,,0
ocds-pgraph-T-0574,T-0574,V-0164,2942432.84,2023-11-25T13:32:00,valid,,0
ocds-pgraph-T-0575,T-0575,V-0189,6377887.95,2026-02-14T11:29:00,valid,,0
ocds-pgraph-T-0575,T-0575,V-0126,5187656.82,2026-02-14T13:36:00,valid,,1
ocds-pgraph-T-0576,T-0576,V-0032,13654603.78,2023-05-08T17:29:00,valid,,1
ocds-pgraph-T-0576,T-0576,V-0033,14997825.69,2023-05-08T08:32:00,valid,,0
ocds-pgraph-T-0576,T-0576,V-0071,15431600.66,2023-05-08T16:57:00,valid,,0
ocds-pgraph-T-0576,T-0576,V-0081,15079077.3,2023-05-08T15:39:00,valid,,0
ocds-pgraph-T-0576,T-0576,V-0187,15755203.13,2023-05-08T18:34:00,valid,,0
ocds-pgraph-T-0577,T-0577,V-0081,6002103.9,2023-02-18T13:44:00,valid,,0
ocds-pgraph-T-0577,T-0577,V-0187,5492064.31,2023-02-18T10:50:00,valid,,1
ocds-pgraph-T-0577,T-0577,V-0053,5910992.34,2023-02-18T14:51:00,valid,,0
ocds-pgraph-T-0577,T-0577,V-0071,6265265.72,2023-02-18T11:51:00,valid,,0
ocds-pgraph-T-0578,T-0578,V-0056,4218809.05,2025-03-07T12:16:00,valid,,0
ocds-pgraph-T-0578,T-0578,V-0231,5148858.32,2025-03-07T16:42:00,valid,,0
ocds-pgraph-T-0578,T-0578,V-0169,5188420.29,2025-03-07T15:13:00,valid,,0
ocds-pgraph-T-0578,T-0578,V-0113,4810644.76,2025-03-07T14:53:00,valid,,0
ocds-pgraph-T-0578,T-0578,V-0006,4475939.35,2025-03-07T12:31:00,valid,,0
ocds-pgraph-T-0578,T-0578,V-S005,4014433.31,2025-03-07T14:58:00,valid,,1
ocds-pgraph-T-0579,T-0579,V-0053,10758170.48,2023-11-29T18:11:00,valid,,0
ocds-pgraph-T-0579,T-0579,V-0081,8736739.61,2023-11-29T12:30:00,valid,,1
ocds-pgraph-T-0580,T-0580,V-0081,9086034.53,2023-12-30T19:00:00,valid,,0
ocds-pgraph-T-0580,T-0580,V-0053,8199223.7,2023-12-30T08:34:00,valid,,0
ocds-pgraph-T-0580,T-0580,V-0032,9335588.59,2023-12-30T09:32:00,valid,,0
ocds-pgraph-T-0580,T-0580,V-0187,8845157.64,2023-12-30T17:05:00,valid,,0
ocds-pgraph-T-0580,T-0580,V-0071,7866475.28,2023-12-30T16:34:00,valid,,1
ocds-pgraph-T-0581,T-0581,V-0231,1411185.87,2023-05-28T13:25:00,valid,,0
ocds-pgraph-T-0581,T-0581,V-0056,1282558.14,2023-05-28T09:53:00,valid,,1
ocds-pgraph-T-0582,T-0582,V-0056,1494219.32,2024-05-23T17:58:00,valid,,0
ocds-pgraph-T-0582,T-0582,V-0231,1872723.86,2024-05-23T09:58:00,valid,,0
ocds-pgraph-T-0582,T-0582,V-0238,1752699.89,2024-05-23T14:26:00,valid,,0
ocds-pgraph-T-0582,T-0582,V-S005,1497390.81,2024-05-23T12:39:00,valid,,0
ocds-pgraph-T-0582,T-0582,V-0152,1435285.15,2024-05-23T14:08:00,valid,,1
ocds-pgraph-T-0583,T-0583,V-0056,3072050.6,2022-10-31T09:55:00,valid,,0
ocds-pgraph-T-0583,T-0583,V-0231,2976916.64,2022-10-31T09:05:00,valid,,0
ocds-pgraph-T-0583,T-0583,V-0238,2966643.17,2022-10-31T17:18:00,valid,,0
ocds-pgraph-T-0583,T-0583,V-0184,2981294.93,2022-10-31T08:32:00,valid,,0
ocds-pgraph-T-0583,T-0583,V-0005,2623284.05,2022-10-31T15:23:00,valid,,1
ocds-pgraph-T-0584,T-0584,V-0187,882331.8,2023-01-07T17:54:00,valid,,0
ocds-pgraph-T-0584,T-0584,V-0071,996680.17,2023-01-07T11:33:00,valid,,0
ocds-pgraph-T-0584,T-0584,V-0033,901597.87,2023-01-07T08:45:00,valid,,0
ocds-pgraph-T-0584,T-0584,V-0032,837672.58,2023-01-07T14:34:00,valid,,1
ocds-pgraph-T-0584,T-0584,V-0053,1007100.27,2023-01-07T14:56:00,valid,,0
ocds-pgraph-T-0585,T-0585,V-0053,7268461.73,2026-03-09T10:38:00,valid,,0
ocds-pgraph-T-0585,T-0585,V-0187,6016196.94,2026-03-09T15:14:00,valid,,1
ocds-pgraph-T-0585,T-0585,V-0071,6227728.01,2026-03-09T14:41:00,valid,,0
ocds-pgraph-T-0585,T-0585,V-0032,7788726.97,2026-03-09T10:23:00,valid,,0
ocds-pgraph-T-0586,T-0586,V-0033,14073987.33,2025-12-01T10:55:00,valid,,0
ocds-pgraph-T-0586,T-0586,V-0071,14411246.62,2025-12-01T13:14:00,valid,,0
ocds-pgraph-T-0586,T-0586,V-0081,14324237.54,2025-12-01T11:05:00,valid,,0
ocds-pgraph-T-0586,T-0586,V-0032,15418852.95,2025-12-01T10:21:00,valid,,0
ocds-pgraph-T-0586,T-0586,V-0053,15688148.29,2025-12-01T11:20:00,valid,,0
ocds-pgraph-T-0586,T-0586,V-0187,13638952.63,2025-12-01T10:20:00,valid,,1
ocds-pgraph-T-0587,T-0587,V-0056,3707097.87,2025-01-29T16:11:00,valid,,0
ocds-pgraph-T-0587,T-0587,V-0231,3330666.6,2025-01-29T15:37:00,valid,,0
ocds-pgraph-T-0587,T-0587,V-0090,3338097.32,2025-01-29T12:14:00,valid,,0
ocds-pgraph-T-0587,T-0587,V-0184,3329729.42,2025-01-29T15:04:00,valid,,0
ocds-pgraph-T-0587,T-0587,V-0180,3386707.15,2025-01-29T09:42:00,valid,,0
ocds-pgraph-T-0587,T-0587,V-0169,3316693.69,2025-01-29T11:29:00,valid,,0
ocds-pgraph-T-0587,T-0587,V-0120,3261624.71,2025-01-29T15:56:00,valid,,1
ocds-pgraph-T-0588,T-0588,V-0187,1430210.93,2024-07-29T09:00:00,valid,,0
ocds-pgraph-T-0588,T-0588,V-0032,1411422.89,2024-07-29T09:07:00,valid,,0
ocds-pgraph-T-0588,T-0588,V-0053,1244598.97,2024-07-29T13:18:00,valid,,1
ocds-pgraph-T-0588,T-0588,V-0071,1245425.62,2024-07-29T13:03:00,valid,,0
ocds-pgraph-T-0589,T-0589,V-0231,3242046.47,2024-04-08T12:28:00,valid,,1
ocds-pgraph-T-0590,T-0590,V-0071,4190083.97,2025-05-08T10:29:00,valid,,1
ocds-pgraph-T-0590,T-0590,V-0053,5352948.79,2025-05-08T10:58:00,valid,,0
ocds-pgraph-T-0590,T-0590,V-0033,5036030.07,2025-05-08T16:42:00,valid,,0
ocds-pgraph-T-0591,T-0591,V-0056,1099814.78,2023-05-28T17:27:00,valid,,1
ocds-pgraph-T-0591,T-0591,V-0231,1169952.07,2023-05-28T10:09:00,valid,,0
ocds-pgraph-T-0592,T-0592,V-0032,4525123.45,2024-06-15T16:23:00,valid,,1
ocds-pgraph-T-0592,T-0592,V-0071,4827962.13,2024-06-15T08:54:00,valid,,0
ocds-pgraph-T-0592,T-0592,V-0081,4552282.92,2024-06-15T18:23:00,valid,,0
ocds-pgraph-T-0592,T-0592,V-0033,4875445.66,2024-06-15T10:05:00,valid,,0
ocds-pgraph-T-0593,T-0593,V-0231,4066367.19,2025-12-03T13:55:00,valid,,1
ocds-pgraph-T-0593,T-0593,V-0056,4099948.83,2025-12-03T10:32:00,valid,,0
ocds-pgraph-T-0593,T-0593,V-0184,4644770.42,2025-12-03T17:27:00,valid,,0
ocds-pgraph-T-0594,T-0594,V-0231,3011567.96,2024-01-28T09:03:00,valid,,0
ocds-pgraph-T-0594,T-0594,V-0056,2866677.58,2024-01-28T18:23:00,valid,,0
ocds-pgraph-T-0594,T-0594,V-0098,3169983.67,2024-01-28T11:22:00,valid,,0
ocds-pgraph-T-0594,T-0594,V-0058,2811777.42,2024-01-28T13:55:00,valid,,1
ocds-pgraph-T-0594,T-0594,V-0119,3288752.05,2024-01-28T17:44:00,valid,,0
ocds-pgraph-T-0594,T-0594,V-0120,3072926.39,2024-01-28T15:34:00,valid,,0
ocds-pgraph-T-0594,T-0594,V-0169,3623430.75,2024-01-28T18:09:00,valid,,0
ocds-pgraph-T-0595,T-0595,V-0056,1664929.66,2023-01-05T15:08:00,valid,,0
ocds-pgraph-T-0595,T-0595,V-0231,1794763.59,2023-01-05T10:05:00,valid,,0
ocds-pgraph-T-0595,T-0595,V-0119,1639058.0,2023-01-05T14:14:00,valid,,0
ocds-pgraph-T-0595,T-0595,V-0069,1428550.34,2023-01-05T09:48:00,valid,,1
ocds-pgraph-T-0595,T-0595,V-0152,1625215.7,2023-01-05T13:13:00,valid,,0
ocds-pgraph-T-0596,T-0596,V-0231,3673181.11,2023-05-29T16:49:00,valid,,1
ocds-pgraph-T-0596,T-0596,V-0056,3811967.48,2023-05-29T12:54:00,valid,,0
ocds-pgraph-T-0596,T-0596,V-S006,3835434.72,2023-05-29T09:36:00,valid,,0
ocds-pgraph-T-0596,T-0596,V-0006,4013068.1,2023-05-29T10:09:00,valid,,0
ocds-pgraph-T-0597,T-0597,V-0231,777642.71,2023-07-10T11:49:00,valid,,0
ocds-pgraph-T-0597,T-0597,V-0056,762509.5,2023-07-10T17:17:00,valid,,0
ocds-pgraph-T-0597,T-0597,V-0119,690253.67,2023-07-10T08:50:00,valid,,1
ocds-pgraph-T-0597,T-0597,V-0113,819922.6,2023-07-10T11:19:00,valid,,0
ocds-pgraph-T-0597,T-0597,V-0180,823575.43,2023-07-10T08:14:00,valid,,0
ocds-pgraph-T-0598,T-0598,V-0187,10034526.25,2024-03-03T14:23:00,valid,,1
ocds-pgraph-T-0598,T-0598,V-0053,10719484.21,2024-03-03T12:45:00,valid,,0
ocds-pgraph-T-0598,T-0598,V-0081,10796140.76,2024-03-03T13:38:00,valid,,0
ocds-pgraph-T-0598,T-0598,V-0032,10965580.54,2024-03-03T08:26:00,valid,,0
ocds-pgraph-T-0599,T-0599,V-0056,1559965.45,2026-07-28T12:12:00,valid,,1
ocds-pgraph-T-0600,T-0600,V-0053,11715718.03,2025-10-24T14:32:00,valid,,0
ocds-pgraph-T-0600,T-0600,V-0032,11347776.93,2025-10-24T08:36:00,valid,,1
ocds-pgraph-T-0600,T-0600,V-0071,13492992.3,2025-10-24T11:01:00,valid,,0
ocds-pgraph-T-0601,T-0601,V-0095,18836510.17,2025-07-14T16:58:00,valid,,1
ocds-pgraph-T-0602,T-0602,V-0096,35106394.35,2024-03-31T08:34:00,valid,,1
ocds-pgraph-T-0603,T-0603,V-0155,7603587.73,2025-01-03T17:16:00,valid,,0
ocds-pgraph-T-0603,T-0603,V-0218,6605893.3,2025-01-03T12:57:00,valid,,0
ocds-pgraph-T-0603,T-0603,V-0123,6318959.88,2025-01-03T17:59:00,valid,,1
ocds-pgraph-T-0603,T-0603,V-0175,6744290.96,2025-01-03T11:10:00,valid,,0
ocds-pgraph-T-0603,T-0603,V-0198,7044855.46,2025-01-03T17:23:00,valid,,0
ocds-pgraph-T-0603,T-0603,V-0109,7303262.09,2025-01-03T15:03:00,valid,,0
ocds-pgraph-T-0604,T-0604,V-0069,10511525.66,2022-11-30T11:37:00,valid,,0
ocds-pgraph-T-0604,T-0604,V-0062,10980882.95,2022-11-30T16:10:00,valid,,0
ocds-pgraph-T-0604,T-0604,V-0140,10444712.74,2022-11-30T10:27:00,valid,,1
ocds-pgraph-T-0604,T-0604,V-0112,13276611.11,2022-11-30T08:24:00,valid,,0
ocds-pgraph-T-0604,T-0604,V-0239,13241581.9,2022-11-30T16:54:00,valid,,0
ocds-pgraph-T-0605,T-0605,V-0095,24753703.39,2025-10-13T14:17:00,valid,,1
ocds-pgraph-T-0605,T-0605,V-0100,25662545.53,2025-10-13T09:43:00,valid,,0
ocds-pgraph-T-0605,T-0605,V-0112,27699470.6,2025-10-13T14:18:00,valid,,0
ocds-pgraph-T-0605,T-0605,V-0124,27923369.19,2025-10-13T18:10:00,valid,,0
ocds-pgraph-T-0605,T-0605,V-0238,27781719.83,2025-10-13T10:18:00,valid,,0
ocds-pgraph-T-0605,T-0605,V-0096,26278938.19,2025-10-13T14:31:00,valid,,0
ocds-pgraph-T-0605,T-0605,V-0129,25182520.56,2025-10-13T10:56:00,valid,,0
ocds-pgraph-T-0606,T-0606,V-0069,10109289.82,2026-07-09T11:20:00,valid,,1
ocds-pgraph-T-0606,T-0606,V-0112,11046537.2,2026-07-09T15:13:00,valid,,0
ocds-pgraph-T-0606,T-0606,V-0239,11061607.52,2026-07-09T18:33:00,valid,,0
ocds-pgraph-T-0606,T-0606,V-0045,10305308.58,2026-07-09T09:43:00,valid,,0
ocds-pgraph-T-0607,T-0607,V-0096,36194399.21,2023-05-10T13:08:00,valid,,0
ocds-pgraph-T-0607,T-0607,V-0095,32778178.85,2023-05-10T14:37:00,valid,,1
ocds-pgraph-T-0607,T-0607,V-0129,36422819.85,2023-05-10T13:35:00,valid,,0
ocds-pgraph-T-0608,T-0608,V-0112,62648358.97,2025-03-08T18:38:00,valid,,1
ocds-pgraph-T-0608,T-0608,V-0124,63049312.04,2025-03-08T16:41:00,valid,,0
ocds-pgraph-T-0608,T-0608,V-0100,67489678.07,2025-03-08T10:13:00,valid,,0
ocds-pgraph-T-0609,T-0609,V-0129,66684769.42,2026-07-02T13:30:00,valid,,0
ocds-pgraph-T-0609,T-0609,V-0238,56168201.89,2026-07-02T18:56:00,valid,,1
ocds-pgraph-T-0609,T-0609,V-0096,72607756.82,2026-07-02T08:14:00,valid,,0
ocds-pgraph-T-0609,T-0609,V-0112,62494974.72,2026-07-02T11:07:00,valid,,0
ocds-pgraph-T-0610,T-0610,V-0155,3473761.52,2023-03-08T17:01:00,valid,,0
ocds-pgraph-T-0610,T-0610,V-0175,3206717.08,2023-03-08T13:00:00,valid,,1
ocds-pgraph-T-0610,T-0610,V-0123,3580462.62,2023-03-08T18:14:00,valid,,0
ocds-pgraph-T-0611,T-0611,V-0175,5028899.31,2026-05-05T17:55:00,valid,,0
ocds-pgraph-T-0611,T-0611,V-0155,5371284.11,2026-05-05T16:32:00,valid,,0
ocds-pgraph-T-0611,T-0611,V-0198,4255646.47,2026-05-05T16:57:00,valid,,1
ocds-pgraph-T-0611,T-0611,V-0218,4354749.67,2026-05-05T09:09:00,valid,,0
ocds-pgraph-T-0611,T-0611,V-0123,5265514.08,2026-05-05T13:15:00,valid,,0
ocds-pgraph-T-0611,T-0611,V-0240,5200360.11,2026-05-05T08:06:00,valid,,0
ocds-pgraph-T-0612,T-0612,V-0112,6736339.97,2024-02-16T13:01:00,valid,,0
ocds-pgraph-T-0612,T-0612,V-0062,6221129.21,2024-02-16T18:41:00,valid,,1
ocds-pgraph-T-0612,T-0612,V-0239,6969011.06,2024-02-16T17:11:00,valid,,0
ocds-pgraph-T-0612,T-0612,V-0045,7044344.49,2024-02-16T16:28:00,valid,,0
ocds-pgraph-T-0613,T-0613,V-0112,9205115.74,2025-03-18T15:36:00,valid,,0
ocds-pgraph-T-0613,T-0613,V-0140,10206286.88,2025-03-18T12:07:00,valid,,0
ocds-pgraph-T-0613,T-0613,V-0062,9824736.39,2025-03-18T16:32:00,valid,,0
ocds-pgraph-T-0613,T-0613,V-0239,8044481.06,2025-03-18T11:14:00,valid,,1
ocds-pgraph-T-0613,T-0613,V-0069,8650505.72,2025-03-18T11:29:00,valid,,0
ocds-pgraph-T-0614,T-0614,V-0198,7916075.38,2024-10-26T14:10:00,valid,,0
ocds-pgraph-T-0614,T-0614,V-0123,8302210.57,2024-10-26T08:34:00,valid,,0
ocds-pgraph-T-0614,T-0614,V-0175,7843240.32,2024-10-26T13:37:00,valid,,0
ocds-pgraph-T-0614,T-0614,V-0218,7101891.24,2024-10-26T08:15:00,valid,,1
ocds-pgraph-T-0615,T-0615,V-0112,72051336.82,2026-06-06T08:16:00,valid,,1
ocds-pgraph-T-0616,T-0616,V-0239,11176709.46,2026-01-15T13:12:00,valid,,1
ocds-pgraph-T-0617,T-0617,V-0129,55045020.8,2022-09-22T16:36:00,valid,,0
ocds-pgraph-T-0617,T-0617,V-0238,54883334.76,2022-09-22T08:03:00,valid,,1
ocds-pgraph-T-0617,T-0617,V-0124,63362885.67,2022-09-22T17:01:00,valid,,0
ocds-pgraph-T-0618,T-0618,V-0112,7018761.2,2024-12-14T15:56:00,valid,,0
ocds-pgraph-T-0618,T-0618,V-0069,6252142.42,2024-12-14T09:17:00,valid,,0
ocds-pgraph-T-0618,T-0618,V-0045,6016683.13,2024-12-14T10:31:00,valid,,1
ocds-pgraph-T-0618,T-0618,V-0239,6602794.31,2024-12-14T14:26:00,valid,,0
ocds-pgraph-T-0618,T-0618,V-0062,7253670.91,2024-12-14T12:10:00,valid,,0
ocds-pgraph-T-0619,T-0619,V-0198,7502893.38,2024-03-14T14:50:00,valid,,0
ocds-pgraph-T-0619,T-0619,V-0175,6944586.33,2024-03-14T10:11:00,valid,,1
ocds-pgraph-T-0619,T-0619,V-0155,7558300.31,2024-03-14T08:50:00,valid,,0
ocds-pgraph-T-0619,T-0619,V-0123,6968830.77,2024-03-14T17:20:00,valid,,0
ocds-pgraph-T-0619,T-0619,V-0218,7435818.04,2024-03-14T13:13:00,valid,,0
ocds-pgraph-T-0620,T-0620,V-0096,10826765.69,2026-02-06T10:52:00,valid,,1
ocds-pgraph-T-0620,T-0620,V-0100,13387766.92,2026-02-06T11:09:00,valid,,0
ocds-pgraph-T-0620,T-0620,V-0112,11257232.14,2026-02-06T14:30:00,valid,,0
ocds-pgraph-T-0621,T-0621,V-0155,7601016.5,2025-03-24T11:50:00,valid,,0
ocds-pgraph-T-0621,T-0621,V-0198,7857156.31,2025-03-24T09:23:00,valid,,0
ocds-pgraph-T-0621,T-0621,V-0175,7613097.15,2025-03-24T16:58:00,valid,,0
ocds-pgraph-T-0621,T-0621,V-0218,6473677.41,2025-03-24T17:29:00,valid,,1
ocds-pgraph-T-0622,T-0622,V-0123,5374440.28,2026-02-25T13:28:00,valid,,0
ocds-pgraph-T-0622,T-0622,V-0155,5664562.83,2026-02-25T08:08:00,valid,,0
ocds-pgraph-T-0622,T-0622,V-0218,5090754.82,2026-02-25T12:41:00,valid,,1
ocds-pgraph-T-0622,T-0622,V-0175,5870940.9,2026-02-25T18:10:00,valid,,0
ocds-pgraph-T-0622,T-0622,V-0198,5879108.02,2026-02-25T14:14:00,valid,,0
ocds-pgraph-T-0623,T-0623,V-0045,4018981.86,2026-02-28T12:57:00,valid,,0
ocds-pgraph-T-0623,T-0623,V-0239,4103547.79,2026-02-28T10:39:00,valid,,0
ocds-pgraph-T-0623,T-0623,V-0069,4010963.74,2026-02-28T08:44:00,valid,,1
ocds-pgraph-T-0623,T-0623,V-0062,4521507.78,2026-02-28T15:24:00,valid,,0
ocds-pgraph-T-0623,T-0623,V-0140,4164182.16,2026-02-28T09:15:00,valid,,0
ocds-pgraph-T-0624,T-0624,V-0175,1855099.03,2026-01-07T08:55:00,valid,,1
ocds-pgraph-T-0624,T-0624,V-0123,2031721.21,2026-01-07T18:53:00,valid,,0
ocds-pgraph-T-0624,T-0624,V-0155,2090856.06,2026-01-07T08:35:00,valid,,0
ocds-pgraph-T-0624,T-0624,V-0218,2032832.12,2026-01-07T15:38:00,valid,,0
ocds-pgraph-T-0625,T-0625,V-0175,9321386.18,2025-10-06T08:47:00,valid,,0
ocds-pgraph-T-0625,T-0625,V-0198,8887924.95,2025-10-06T17:32:00,valid,,0
ocds-pgraph-T-0625,T-0625,V-0155,9103618.84,2025-10-06T13:24:00,valid,,0
ocds-pgraph-T-0625,T-0625,V-0123,9523721.83,2025-10-06T18:32:00,valid,,0
ocds-pgraph-T-0625,T-0625,V-0218,7665855.23,2025-10-06T08:07:00,valid,,0
ocds-pgraph-T-0625,T-0625,V-0221,7487316.57,2025-10-06T13:01:00,valid,,1
ocds-pgraph-T-0626,T-0626,V-0198,5990728.46,2025-09-02T18:12:00,valid,,0
ocds-pgraph-T-0626,T-0626,V-0218,5691851.77,2025-09-02T12:24:00,valid,,0
ocds-pgraph-T-0626,T-0626,V-0175,5476501.21,2025-09-02T18:16:00,valid,,1
ocds-pgraph-T-0627,T-0627,V-0095,5014055.67,2025-12-29T17:38:00,valid,,1
ocds-pgraph-T-0627,T-0627,V-0129,5511349.76,2025-12-29T17:47:00,valid,,0
ocds-pgraph-T-0627,T-0627,V-0112,5482314.91,2025-12-29T10:15:00,valid,,0
ocds-pgraph-T-0627,T-0627,V-0238,5268324.64,2025-12-29T11:24:00,valid,,0
ocds-pgraph-T-0628,T-0628,V-0112,9283122.49,2025-03-10T13:32:00,valid,,1
ocds-pgraph-T-0629,T-0629,V-0042,7336852.26,2026-01-10T13:04:00,valid,,0
ocds-pgraph-T-0629,T-0629,V-0192,6751412.67,2026-01-10T16:38:00,valid,,1
ocds-pgraph-T-0630,T-0630,V-0230,7576707.97,2024-12-03T11:18:00,valid,,0
ocds-pgraph-T-0630,T-0630,V-0076,8015889.34,2024-12-03T11:08:00,valid,,0
ocds-pgraph-T-0630,T-0630,V-0119,6883300.4,2024-12-03T08:22:00,valid,,1
ocds-pgraph-T-0631,T-0631,V-0042,1877494.76,2026-04-19T09:30:00,valid,,0
ocds-pgraph-T-0631,T-0631,V-0235,2020051.9,2026-04-19T14:48:00,valid,,0
ocds-pgraph-T-0631,T-0631,V-0126,1786979.14,2026-04-19T13:11:00,valid,,1
ocds-pgraph-T-0632,T-0632,V-0027,1169394.32,2026-05-14T17:56:00,valid,,0
ocds-pgraph-T-0632,T-0632,V-0221,931926.0,2026-05-14T10:45:00,valid,,1
ocds-pgraph-T-0632,T-0632,V-0126,987239.35,2026-05-14T17:39:00,valid,,0
ocds-pgraph-T-0632,T-0632,V-0192,1082247.92,2026-05-14T15:50:00,valid,,0
ocds-pgraph-T-0632,T-0632,V-0042,984064.64,2026-05-14T13:02:00,valid,,0
ocds-pgraph-T-0633,T-0633,V-0221,6694387.7,2025-09-12T16:27:00,valid,,0
ocds-pgraph-T-0633,T-0633,V-0051,5500813.12,2025-09-12T15:31:00,valid,,0
ocds-pgraph-T-0633,T-0633,V-0042,5422074.0,2025-09-12T15:58:00,valid,,1
ocds-pgraph-T-0634,T-0634,V-0119,8289718.97,2023-08-21T14:31:00,valid,,1
ocds-pgraph-T-0635,T-0635,V-0090,3897062.86,2025-11-11T16:46:00,valid,,0
ocds-pgraph-T-0635,T-0635,V-0161,3952186.09,2025-11-11T11:43:00,valid,,0
ocds-pgraph-T-0635,T-0635,V-0119,3872158.3,2025-11-11T13:22:00,valid,,0
ocds-pgraph-T-0635,T-0635,V-0181,3337553.51,2025-11-11T11:30:00,valid,,0
ocds-pgraph-T-0635,T-0635,V-0110,3333385.75,2025-11-11T11:03:00,valid,,0
ocds-pgraph-T-0635,T-0635,V-0026,3117706.73,2025-11-11T09:01:00,valid,,1
ocds-pgraph-T-0635,T-0635,V-Y003,3165819.25,2025-11-11T16:29:00,valid,,0
ocds-pgraph-T-0636,T-0636,V-0221,1781114.91,2023-09-14T17:00:00,valid,,1
ocds-pgraph-T-0636,T-0636,V-0042,1941240.01,2023-09-14T09:04:00,valid,,0
ocds-pgraph-T-0636,T-0636,V-0051,2063516.19,2023-09-14T16:03:00,valid,,0
ocds-pgraph-T-0636,T-0636,V-0126,2196058.56,2023-09-14T16:39:00,valid,,0
ocds-pgraph-T-0636,T-0636,V-0235,2198209.37,2023-09-14T15:02:00,valid,,0
ocds-pgraph-T-0636,T-0636,V-0192,2012565.01,2023-09-14T14:33:00,valid,,0
ocds-pgraph-T-0636,T-0636,V-0027,1904719.39,2023-09-14T18:07:00,valid,,0
ocds-pgraph-T-0637,T-0637,V-0042,3084604.79,2023-07-04T18:42:00,valid,,1
ocds-pgraph-T-0637,T-0637,V-0235,3288342.64,2023-07-04T18:20:00,valid,,0
ocds-pgraph-T-0637,T-0637,V-0192,3296150.95,2023-07-04T11:12:00,valid,,0
ocds-pgraph-T-0637,T-0637,V-0027,3121279.77,2023-07-04T10:59:00,valid,,0
ocds-pgraph-T-0637,T-0637,V-0051,3518813.98,2023-07-04T12:42:00,valid,,0
ocds-pgraph-T-0638,T-0638,V-0051,4145911.65,2022-11-30T18:55:00,valid,,1
ocds-pgraph-T-0639,T-0639,V-0161,1425598.13,2026-07-15T11:56:00,valid,,1
ocds-pgraph-T-0639,T-0639,V-0090,1447238.4,2026-07-15T10:05:00,valid,,0
ocds-pgraph-T-0639,T-0639,V-0119,1806953.75,2026-07-15T12:31:00,valid,,0
ocds-pgraph-T-0639,T-0639,V-0184,1644749.28,2026-07-15T15:20:00,valid,,0
ocds-pgraph-T-0640,T-0640,V-0161,1689303.02,2024-08-23T13:09:00,valid,,0
ocds-pgraph-T-0640,T-0640,V-0090,1631965.96,2024-08-23T09:15:00,valid,,1
ocds-pgraph-T-0641,T-0641,V-0224,4908309.06,2025-08-13T14:44:00,valid,,1
ocds-pgraph-T-0641,T-0641,V-0230,5147237.2,2025-08-13T11:02:00,valid,,0
ocds-pgraph-T-0641,T-0641,V-0103,4981197.81,2025-08-13T11:16:00,valid,,0
ocds-pgraph-T-0642,T-0642,V-0119,1573803.09,2024-10-03T16:24:00,valid,,0
ocds-pgraph-T-0642,T-0642,V-0161,1744046.76,2024-10-03T11:15:00,valid,,0
ocds-pgraph-T-0642,T-0642,V-0090,1570946.81,2024-10-03T14:58:00,valid,,0
ocds-pgraph-T-0642,T-0642,V-0005,1420840.55,2024-10-03T09:46:00,valid,,0
ocds-pgraph-T-0642,T-0642,V-0058,1412728.58,2024-10-03T10:14:00,valid,,1
ocds-pgraph-T-0643,T-0643,V-0221,5343411.46,2025-10-10T18:01:00,valid,,0
ocds-pgraph-T-0643,T-0643,V-0042,4883629.23,2025-10-10T11:41:00,valid,,0
ocds-pgraph-T-0643,T-0643,V-0192,4591689.45,2025-10-10T18:42:00,valid,,0
ocds-pgraph-T-0643,T-0643,V-0235,4936328.64,2025-10-10T17:28:00,valid,,0
ocds-pgraph-T-0643,T-0643,V-0126,4118438.98,2025-10-10T17:31:00,valid,,1
ocds-pgraph-T-0643,T-0643,V-0051,4493193.59,2025-10-10T17:46:00,valid,,0
ocds-pgraph-T-0643,T-0643,V-0027,5087034.67,2025-10-10T14:01:00,valid,,0
ocds-pgraph-T-0644,T-0644,V-0165,4808366.38,2026-04-24T16:59:00,valid,,0
ocds-pgraph-T-0644,T-0644,V-0103,4858639.63,2026-04-24T18:41:00,valid,,0
ocds-pgraph-T-0644,T-0644,V-0076,4530085.52,2026-04-24T09:12:00,valid,,1
ocds-pgraph-T-0645,T-0645,V-0090,2117471.18,2022-10-24T08:48:00,valid,,1
ocds-pgraph-T-0645,T-0645,V-0161,2499030.21,2022-10-24T14:25:00,valid,,0
ocds-pgraph-T-0646,T-0646,V-0164,10756710.5,2023-01-02T18:31:00,valid,,0
ocds-pgraph-T-0646,T-0646,V-S005,10018118.43,2023-01-02T11:49:00,valid,,1
ocds-pgraph-T-0647,T-0647,V-0001,65061043.02,2025-07-20T18:06:00,valid,,0
ocds-pgraph-T-0647,T-0647,V-0172,63170773.58,2025-07-20T13:43:00,valid,,0
ocds-pgraph-T-0647,T-0647,V-0138,56960299.65,2025-07-20T08:08:00,valid,,0
ocds-pgraph-T-0647,T-0647,V-0125,56019572.24,2025-07-20T13:34:00,valid,,1
ocds-pgraph-T-0647,T-0647,V-0200,66296427.16,2025-07-20T17:44:00,valid,,0
ocds-pgraph-T-0647,T-0647,V-0112,58229430.75,2025-07-20T16:18:00,valid,,0
ocds-pgraph-T-0648,T-0648,V-0145,2175270.71,2023-02-07T13:41:00,valid,,0
ocds-pgraph-T-0648,T-0648,V-0223,2450151.6,2023-02-07T17:54:00,valid,,0
ocds-pgraph-T-0648,T-0648,V-0040,2307523.49,2023-02-07T10:10:00,valid,,0
ocds-pgraph-T-0648,T-0648,V-0164,1949815.66,2023-02-07T17:59:00,valid,,0
ocds-pgraph-T-0648,T-0648,V-S005,1933963.69,2023-02-07T17:39:00,valid,,1
ocds-pgraph-T-0648,T-0648,V-S010,2483109.92,2023-02-07T08:02:00,valid,,0
ocds-pgraph-T-0649,T-0649,V-0138,6553774.79,2023-11-16T14:11:00,valid,,0
ocds-pgraph-T-0649,T-0649,V-0029,5570896.65,2023-11-16T18:16:00,valid,,0
ocds-pgraph-T-0649,T-0649,V-S004,5502359.96,2023-11-16T18:28:00,valid,,1
ocds-pgraph-T-0649,T-0649,V-0080,6295960.22,2023-11-16T12:21:00,valid,,0
ocds-pgraph-T-0650,T-0650,V-0138,47552540.8,2024-01-26T12:35:00,valid,,0
ocds-pgraph-T-0650,T-0650,V-0001,45357700.44,2024-01-26T17:23:00,valid,,1
ocds-pgraph-T-0651,T-0651,V-0145,12563623.66,2025-01-09T11:55:00,valid,,0
ocds-pgraph-T-0651,T-0651,V-S007,14593703.2,2025-01-09T09:49:00,valid,,0
ocds-pgraph-T-0651,T-0651,V-0223,12375865.31,2025-01-09T16:22:00,valid,,1
ocds-pgraph-T-0651,T-0651,V-0040,13128483.65,2025-01-09T09:30:00,valid,,0
ocds-pgraph-T-0651,T-0651,V-S005,13472106.5,2025-01-09T09:30:00,valid,,0
ocds-pgraph-T-0652,T-0652,V-0029,5824648.12,2023-09-13T10:33:00,valid,,0
ocds-pgraph-T-0652,T-0652,V-S004,5980984.26,2023-09-13T15:54:00,valid,,0
ocds-pgraph-T-0652,T-0652,V-0080,6441310.56,2023-09-13T14:02:00,valid,,0
ocds-pgraph-T-0652,T-0652,V-0138,5574969.54,2023-09-13T08:46:00,valid,,0
ocds-pgraph-T-0652,T-0652,V-0099,5559229.75,2023-09-13T12:13:00,valid,,1
ocds-pgraph-T-0652,T-0652,V-Y003,5594413.0,2023-09-13T08:55:00,valid,,0
ocds-pgraph-T-0652,T-0652,V-0027,6675785.61,2023-09-13T11:30:00,valid,,0
ocds-pgraph-T-0653,T-0653,V-0138,32218223.14,2026-04-09T15:53:00,valid,,0
ocds-pgraph-T-0653,T-0653,V-0125,27299619.64,2026-04-09T16:49:00,valid,,1
ocds-pgraph-T-0653,T-0653,V-0172,31178531.12,2026-04-09T12:21:00,valid,,0
ocds-pgraph-T-0654,T-0654,V-0001,48278069.07,2024-03-02T13:01:00,valid,,0
ocds-pgraph-T-0654,T-0654,V-0172,47721425.97,2024-03-02T10:32:00,valid,,0
ocds-pgraph-T-0654,T-0654,V-0125,45763526.13,2024-03-02T10:24:00,valid,,1
ocds-pgraph-T-0654,T-0654,V-0138,49915597.32,2024-03-02T18:41:00,valid,,0
ocds-pgraph-T-0654,T-0654,V-0220,59039071.37,2024-03-02T14:03:00,valid,,0
ocds-pgraph-T-0654,T-0654,V-0190,49724377.78,2024-03-02T10:27:00,valid,,0
ocds-pgraph-T-0654,T-0654,V-0238,49554534.52,2024-03-02T17:42:00,valid,,0
ocds-pgraph-T-0655,T-0655,V-S007,14154806.96,2025-11-09T08:16:00,valid,,1
ocds-pgraph-T-0656,T-0656,V-0029,6152423.45,2024-01-13T15:05:00,valid,,0
ocds-pgraph-T-0656,T-0656,V-0138,6076188.1,2024-01-13T10:19:00,valid,,1
ocds-pgraph-T-0656,T-0656,V-S004,6121099.48,2024-01-13T15:51:00,valid,,0
ocds-pgraph-T-0656,T-0656,V-Y003,7683562.34,2024-01-13T12:44:00,valid,,0
ocds-pgraph-T-0657,T-0657,V-0185,5503087.2,2024-01-27T18:14:00,valid,,0
ocds-pgraph-T-0657,T-0657,V-S005,4883765.28,2024-01-27T12:01:00,valid,,0
ocds-pgraph-T-0657,T-0657,V-0040,4680745.69,2024-01-27T15:03:00,valid,,1
ocds-pgraph-T-0658,T-0658,V-0099,966367.77,2024-12-04T10:53:00,valid,,1
ocds-pgraph-T-0658,T-0658,V-S004,1060195.29,2024-12-04T17:31:00,valid,,0
ocds-pgraph-T-0659,T-0659,V-0099,3548480.84,2022-12-02T12:04:00,valid,,0
ocds-pgraph-T-0659,T-0659,V-Y003,3679275.09,2022-12-02T14:29:00,valid,,0
ocds-pgraph-T-0659,T-0659,V-0138,3157204.95,2022-12-02T15:47:00,valid,,1
ocds-pgraph-T-0660,T-0660,V-0138,30858762.07,2026-06-01T09:30:00,valid,,0
ocds-pgraph-T-0660,T-0660,V-0172,35469555.59,2026-06-01T18:54:00,valid,,0
ocds-pgraph-T-0660,T-0660,V-0125,33853293.51,2026-06-01T14:49:00,valid,,0
ocds-pgraph-T-0660,T-0660,V-0001,29412390.83,2026-06-01T13:12:00,valid,,1
ocds-pgraph-T-0661,T-0661,V-0099,2379459.3,2025-06-01T10:53:00,valid,,0
ocds-pgraph-T-0661,T-0661,V-0138,2361282.15,2025-06-01T11:10:00,valid,,0
ocds-pgraph-T-0661,T-0661,V-Y003,2260962.5,2025-06-01T13:58:00,valid,,0
ocds-pgraph-T-0661,T-0661,V-0029,2168136.71,2025-06-01T17:21:00,valid,,1
ocds-pgraph-T-0661,T-0661,V-0080,2545746.14,2025-06-01T10:42:00,valid,,0
ocds-pgraph-T-0661,T-0661,V-S004,2353926.56,2025-06-01T17:33:00,valid,,0
ocds-pgraph-T-0662,T-0662,V-0145,4076003.65,2023-04-29T14:58:00,valid,,0
ocds-pgraph-T-0662,T-0662,V-0223,3123502.22,2023-04-29T18:22:00,valid,,1
ocds-pgraph-T-0663,T-0663,V-0001,13943737.08,2024-08-29T08:17:00,valid,,0
ocds-pgraph-T-0663,T-0663,V-0172,12445307.86,2024-08-29T08:59:00,valid,,0
ocds-pgraph-T-0663,T-0663,V-0138,13237247.59,2024-08-29T11:27:00,valid,,0
ocds-pgraph-T-0663,T-0663,V-0125,12074034.21,2024-08-29T15:13:00,valid,,0
ocds-pgraph-T-0663,T-0663,V-S008,12217313.9,2024-08-29T10:36:00,valid,,0
ocds-pgraph-T-0663,T-0663,V-0096,11670599.76,2024-08-29T17:17:00,valid,,1
ocds-pgraph-T-0664,T-0664,V-0172,59833629.73,2024-09-20T17:38:00,valid,,0
ocds-pgraph-T-0664,T-0664,V-0138,47132114.87,2024-09-20T14:37:00,valid,,0
ocds-pgraph-T-0664,T-0664,V-0001,46154602.06,2024-09-20T16:36:00,valid,,1
ocds-pgraph-T-0664,T-0664,V-0125,51591038.75,2024-09-20T15:06:00,valid,,0
ocds-pgraph-T-0665,T-0665,V-0080,3631770.54,2023-02-23T15:40:00,valid,,1
ocds-pgraph-T-0665,T-0665,V-0099,3992020.83,2023-02-23T10:35:00,valid,,0
ocds-pgraph-T-0665,T-0665,V-Y003,4091147.88,2023-02-23T11:13:00,valid,,0
ocds-pgraph-T-0666,T-0666,V-0125,18789311.54,2023-07-29T17:01:00,valid,,0
ocds-pgraph-T-0666,T-0666,V-0138,18357263.78,2023-07-29T09:37:00,valid,,0
ocds-pgraph-T-0666,T-0666,V-0172,20161393.94,2023-07-29T18:50:00,valid,,0
ocds-pgraph-T-0666,T-0666,V-0001,16305233.64,2023-07-29T16:08:00,valid,,1
ocds-pgraph-T-0666,T-0666,V-0051,16969089.75,2023-07-29T16:28:00,valid,,0
ocds-pgraph-T-0666,T-0666,V-0076,20953790.72,2023-07-29T13:47:00,valid,,0
ocds-pgraph-T-0666,T-0666,V-0112,17566828.26,2023-07-29T10:13:00,valid,,0
ocds-pgraph-T-0667,T-0667,V-0029,2619463.26,2024-11-13T18:46:00,valid,,0
ocds-pgraph-T-0667,T-0667,V-0138,2273783.6,2024-11-13T08:00:00,valid,,1
ocds-pgraph-T-0667,T-0667,V-0099,2454641.64,2024-11-13T13:50:00,valid,,0
ocds-pgraph-T-0667,T-0667,V-S004,2324047.69,2024-11-13T14:35:00,valid,,0
ocds-pgraph-T-0668,T-0668,V-S005,581760.66,2023-05-11T11:17:00,valid,,0
ocds-pgraph-T-0668,T-0668,V-0145,605132.93,2023-05-11T12:11:00,valid,,0
ocds-pgraph-T-0668,T-0668,V-0040,661214.63,2023-05-11T14:32:00,valid,,0
ocds-pgraph-T-0668,T-0668,V-S010,701588.69,2023-05-11T10:57:00,valid,,0
ocds-pgraph-T-0668,T-0668,V-0179,599612.03,2023-05-11T14:57:00,valid,,0
ocds-pgraph-T-0668,T-0668,V-0164,579989.89,2023-05-11T17:03:00,valid,,1
ocds-pgraph-T-0668,T-0668,V-S007,682046.88,2023-05-11T12:22:00,valid,,0
ocds-pgraph-T-0669,T-0669,V-Y004,33705008.68,2025-03-02T18:42:00,valid,,0
ocds-pgraph-T-0669,T-0669,V-0034,37531979.81,2025-03-02T08:29:00,valid,,0
ocds-pgraph-T-0669,T-0669,V-0091,34913010.47,2025-03-02T18:50:00,valid,,0
ocds-pgraph-T-0669,T-0669,V-0153,29039859.74,2025-03-02T14:31:00,valid,,1
ocds-pgraph-T-0669,T-0669,V-0239,33542975.22,2025-03-02T17:13:00,valid,,0
ocds-pgraph-T-0669,T-0669,V-0046,36143390.55,2025-03-02T13:45:00,valid,,0
ocds-pgraph-T-0670,T-0670,V-0046,2134260.26,2024-10-24T11:35:00,valid,,0
ocds-pgraph-T-0670,T-0670,V-0034,2012387.6,2024-10-24T18:42:00,valid,,1
ocds-pgraph-T-0671,T-0671,V-0112,11264643.83,2023-05-05T16:48:00,valid,,1
ocds-pgraph-T-0671,T-0671,V-0069,11813297.86,2023-05-05T08:25:00,valid,,0
ocds-pgraph-T-0671,T-0671,V-0239,11512789.52,2023-05-05T15:38:00,valid,,0
ocds-pgraph-T-0671,T-0671,V-0045,12177253.79,2023-05-05T16:42:00,valid,,0
ocds-pgraph-T-0671,T-0671,V-0062,12861978.41,2023-05-05T12:55:00,valid,,0
ocds-pgraph-T-0672,T-0672,V-0046,4915291.24,2024-01-24T15:21:00,valid,,1
ocds-pgraph-T-0673,T-0673,V-0239,11093484.68,2023-06-05T16:44:00,valid,,0
ocds-pgraph-T-0673,T-0673,V-0045,10981904.41,2023-06-05T16:43:00,valid,,0
ocds-pgraph-T-0673,T-0673,V-0112,11247810.32,2023-06-05T13:09:00,valid,,0
ocds-pgraph-T-0673,T-0673,V-0069,10484004.51,2023-06-05T14:19:00,valid,,0
ocds-pgraph-T-0673,T-0673,V-0062,9380053.71,2023-06-05T12:40:00,valid,,1
ocds-pgraph-T-0673,T-0673,V-0140,9507917.89,2023-06-05T15:47:00,valid,,0
ocds-pgraph-T-0674,T-0674,V-0239,2951894.16,2025-11-04T16:47:00,valid,,1
ocds-pgraph-T-0674,T-0674,V-0045,2968889.75,2025-11-04T16:19:00,valid,,0
ocds-pgraph-T-0674,T-0674,V-0112,2987553.37,2025-11-04T14:57:00,valid,,0
ocds-pgraph-T-0674,T-0674,V-0069,3074889.51,2025-11-04T14:03:00,valid,,0
ocds-pgraph-T-0675,T-0675,V-0140,10265270.33,2024-01-14T17:10:00,valid,,0
ocds-pgraph-T-0675,T-0675,V-0069,10193414.87,2024-01-14T13:31:00,valid,,1
ocds-pgraph-T-0676,T-0676,V-0069,6247464.65,2023-07-18T08:29:00,valid,,1
ocds-pgraph-T-0676,T-0676,V-0140,6678350.29,2023-07-18T10:15:00,valid,,0
ocds-pgraph-T-0677,T-0677,V-Y004,22051534.72,2026-05-26T18:20:00,valid,,0
ocds-pgraph-T-0677,T-0677,V-0239,23588255.29,2026-05-26T18:30:00,valid,,0
ocds-pgraph-T-0677,T-0677,V-0046,20739129.01,2026-05-26T15:53:00,valid,,1
ocds-pgraph-T-0677,T-0677,V-0153,21338687.67,2026-05-26T10:07:00,valid,,0
ocds-pgraph-T-0677,T-0677,V-0034,23869413.59,2026-05-26T13:56:00,valid,,0
ocds-pgraph-T-0678,T-0678,V-0069,5931845.0,2025-05-21T12:18:00,valid,,0
ocds-pgraph-T-0678,T-0678,V-0045,6590686.84,2025-05-21T16:17:00,valid,,0
ocds-pgraph-T-0678,T-0678,V-0112,6957888.96,2025-05-21T15:12:00,valid,,0
ocds-pgraph-T-0678,T-0678,V-0239,5532717.31,2025-05-21T15:42:00,valid,,1
ocds-pgraph-T-0678,T-0678,V-0140,6660351.13,2025-05-21T13:06:00,valid,,0
ocds-pgraph-T-0678,T-0678,V-0062,6291288.53,2025-05-21T12:11:00,valid,,0
ocds-pgraph-T-0678,T-0678,V-0164,5846291.25,2025-05-21T17:02:00,valid,,0
ocds-pgraph-T-0679,T-0679,V-Y004,10543985.83,2025-05-24T14:37:00,valid,,0
ocds-pgraph-T-0679,T-0679,V-0091,10991615.95,2025-05-24T18:32:00,valid,,0
ocds-pgraph-T-0679,T-0679,V-0239,9976679.25,2025-05-24T13:50:00,valid,,0
ocds-pgraph-T-0679,T-0679,V-0153,10545141.18,2025-05-24T16:26:00,valid,,0
ocds-pgraph-T-0679,T-0679,V-0046,8754651.55,2025-05-24T16:02:00,valid,,1
ocds-pgraph-T-0680,T-0680,V-0045,3973371.24,2025-10-16T11:43:00,valid,,0
ocds-pgraph-T-0680,T-0680,V-0062,4115362.67,2025-10-16T12:02:00,valid,,0
ocds-pgraph-T-0680,T-0680,V-0069,3425459.67,2025-10-16T17:58:00,valid,,0
ocds-pgraph-T-0680,T-0680,V-0140,3304368.04,2025-10-16T08:16:00,valid,,1
ocds-pgraph-T-0680,T-0680,V-0112,3873358.69,2025-10-16T17:41:00,valid,,0
ocds-pgraph-T-0681,T-0681,V-0140,8867596.9,2024-09-18T18:09:00,valid,,1
ocds-pgraph-T-0682,T-0682,V-0140,8668243.86,2026-02-01T14:52:00,valid,,0
ocds-pgraph-T-0682,T-0682,V-0112,7600722.73,2026-02-01T10:01:00,valid,,0
ocds-pgraph-T-0682,T-0682,V-0062,7377862.2,2026-02-01T18:18:00,valid,,1
ocds-pgraph-T-0683,T-0683,V-0045,4544092.84,2023-07-12T18:55:00,valid,,1
ocds-pgraph-T-0683,T-0683,V-0140,4778379.27,2023-07-12T10:06:00,valid,,0
ocds-pgraph-T-0684,T-0684,V-0034,15022685.88,2025-05-03T18:14:00,valid,,0
ocds-pgraph-T-0684,T-0684,V-0091,14557532.06,2025-05-03T15:10:00,valid,,1
ocds-pgraph-T-0684,T-0684,V-Y004,16482130.77,2025-05-03T12:28:00,valid,,0
ocds-pgraph-T-0685,T-0685,V-0045,8421529.69,2024-01-02T12:17:00,valid,,0
ocds-pgraph-T-0685,T-0685,V-0069,10571667.17,2024-01-02T18:06:00,valid,,0
ocds-pgraph-T-0685,T-0685,V-0062,9994420.11,2024-01-02T13:34:00,valid,,0
ocds-pgraph-T-0685,T-0685,V-0140,8406024.49,2024-01-02T11:14:00,valid,,1
ocds-pgraph-T-0686,T-0686,V-Y004,27027735.5,2025-06-18T17:50:00,valid,,1
ocds-pgraph-T-0686,T-0686,V-0091,31762709.39,2025-06-18T14:21:00,valid,,0
ocds-pgraph-T-0686,T-0686,V-0153,28757447.21,2025-06-18T17:33:00,valid,,0
ocds-pgraph-T-0687,T-0687,V-0112,7956495.03,2024-11-10T09:15:00,valid,,0
ocds-pgraph-T-0687,T-0687,V-0239,7836810.78,2024-11-10T16:14:00,valid,,0
ocds-pgraph-T-0687,T-0687,V-0062,7090419.38,2024-11-10T16:42:00,valid,,1
ocds-pgraph-T-0688,T-0688,V-0153,22505484.65,2024-05-06T18:22:00,valid,,0
ocds-pgraph-T-0688,T-0688,V-0046,21274622.08,2024-05-06T13:26:00,valid,,0
ocds-pgraph-T-0688,T-0688,V-Y004,22524263.78,2024-05-06T13:40:00,valid,,0
ocds-pgraph-T-0688,T-0688,V-0239,22826165.59,2024-05-06T14:54:00,valid,,0
ocds-pgraph-T-0688,T-0688,V-0034,17692667.25,2024-05-06T10:59:00,valid,,1
ocds-pgraph-T-0689,T-0689,V-0112,11346234.75,2022-11-11T17:54:00,valid,,0
ocds-pgraph-T-0689,T-0689,V-0239,9379910.84,2022-11-11T10:38:00,valid,,1
ocds-pgraph-T-0690,T-0690,V-0239,8276876.65,2024-08-10T11:43:00,valid,,1
ocds-pgraph-T-0691,T-0691,V-0153,23033693.49,2022-10-26T12:06:00,valid,,0
ocds-pgraph-T-0691,T-0691,V-0239,21146859.97,2022-10-26T09:40:00,valid,,0
ocds-pgraph-T-0691,T-0691,V-0091,20971783.09,2022-10-26T18:47:00,valid,,0
ocds-pgraph-T-0691,T-0691,V-0034,20111398.11,2022-10-26T10:16:00,valid,,1
ocds-pgraph-T-0692,T-0692,V-0046,33289630.67,2023-08-03T13:08:00,valid,,0
ocds-pgraph-T-0692,T-0692,V-0239,30885789.11,2023-08-03T13:04:00,valid,,0
ocds-pgraph-T-0692,T-0692,V-0034,38828331.54,2023-08-03T08:36:00,valid,,0
ocds-pgraph-T-0692,T-0692,V-Y004,30561861.94,2023-08-03T08:52:00,valid,,0
ocds-pgraph-T-0692,T-0692,V-0153,36195378.45,2023-08-03T12:56:00,valid,,0
ocds-pgraph-T-0692,T-0692,V-0091,29572436.31,2023-08-03T13:10:00,valid,,1
ocds-pgraph-T-0692,T-0692,V-0200,37435351.39,2023-08-03T18:38:00,valid,,0
ocds-pgraph-T-0693,T-0693,V-0045,2443658.66,2023-11-18T15:31:00,valid,,0
ocds-pgraph-T-0693,T-0693,V-0239,2401432.6,2023-11-18T10:01:00,valid,,0
ocds-pgraph-T-0693,T-0693,V-0069,2295490.71,2023-11-18T18:07:00,valid,,0
ocds-pgraph-T-0693,T-0693,V-0062,2245366.58,2023-11-18T12:37:00,valid,,1
ocds-pgraph-T-0694,T-0694,V-0069,5636569.52,2026-05-28T10:27:00,valid,,0
ocds-pgraph-T-0694,T-0694,V-0062,5623981.48,2026-05-28T16:04:00,valid,,0
ocds-pgraph-T-0694,T-0694,V-0140,5502951.31,2026-05-28T17:12:00,valid,,0
ocds-pgraph-T-0694,T-0694,V-0239,5956530.38,2026-05-28T14:28:00,valid,,0
ocds-pgraph-T-0694,T-0694,V-0112,5491243.41,2026-05-28T09:37:00,valid,,1
ocds-pgraph-T-0694,T-0694,V-0045,6688668.39,2026-05-28T09:25:00,valid,,0
ocds-pgraph-T-0694,T-0694,V-0086,5997138.76,2026-05-28T10:02:00,valid,,0
ocds-pgraph-T-0696,T-0696,V-Y004,3483032.48,2024-05-14T18:58:00,valid,,1
ocds-pgraph-T-0696,T-0696,V-0046,3755891.03,2024-05-14T09:08:00,valid,,0
ocds-pgraph-T-0696,T-0696,V-0153,3590741.69,2024-05-14T15:56:00,valid,,0
ocds-pgraph-T-0697,T-0697,V-0044,970296.04,2025-09-28T17:52:00,valid,,0
ocds-pgraph-T-0697,T-0697,V-0079,842651.36,2025-09-28T11:12:00,valid,,0
ocds-pgraph-T-0697,T-0697,V-0022,825233.34,2025-09-28T10:21:00,valid,,0
ocds-pgraph-T-0697,T-0697,V-0052,824942.89,2025-09-28T12:52:00,valid,,1
ocds-pgraph-T-0697,T-0697,V-0036,1016795.82,2025-09-28T08:56:00,valid,,0
ocds-pgraph-T-0698,T-0698,V-0006,3506691.43,2023-07-16T16:10:00,valid,,0
ocds-pgraph-T-0698,T-0698,V-0133,3127624.08,2023-07-16T12:37:00,valid,,1
ocds-pgraph-T-0698,T-0698,V-0184,4085238.47,2023-07-16T17:34:00,valid,,0
ocds-pgraph-T-0699,T-0699,V-0006,3997380.52,2025-04-03T15:20:00,valid,,0
ocds-pgraph-T-0699,T-0699,V-0005,3917083.36,2025-04-03T11:48:00,valid,,0
ocds-pgraph-T-0699,T-0699,V-0184,3526335.68,2025-04-03T15:14:00,valid,,0
ocds-pgraph-T-0699,T-0699,V-0133,3527803.22,2025-04-03T13:15:00,valid,,0
ocds-pgraph-T-0699,T-0699,V-0058,3978443.81,2025-04-03T16:57:00,valid,,0
ocds-pgraph-T-0699,T-0699,V-S005,3327142.56,2025-04-03T18:50:00,valid,,1
ocds-pgraph-T-0700,T-0700,V-0184,581882.07,2024-07-07T14:38:00,valid,,1
ocds-pgraph-T-0700,T-0700,V-0005,694390.05,2024-07-07T17:12:00,valid,,0
ocds-pgraph-T-0701,T-0701,V-0149,2705117.19,2026-06-22T18:12:00,valid,,0
ocds-pgraph-T-0701,T-0701,V-0156,2191561.23,2026-06-22T11:40:00,valid,,1
ocds-pgraph-T-0701,T-0701,V-0197,2523549.21,2026-06-22T10:53:00,valid,,0
ocds-pgraph-T-0701,T-0701,V-0021,2728961.68,2026-06-22T16:21:00,valid,,0
ocds-pgraph-T-0701,T-0701,V-0210,2231367.21,2026-06-22T11:59:00,valid,,0
ocds-pgraph-T-0701,T-0701,V-Y002,2409320.08,2026-06-22T12:01:00,valid,,0
ocds-pgraph-T-0702,T-0702,V-0052,2284864.76,2023-02-26T10:15:00,valid,,0
ocds-pgraph-T-0702,T-0702,V-0044,2140257.8,2023-02-26T17:51:00,valid,,0
ocds-pgraph-T-0702,T-0702,V-0079,1976216.51,2023-02-26T11:41:00,valid,,1
ocds-pgraph-T-0702,T-0702,V-0036,2006644.44,2023-02-26T12:36:00,valid,,0
ocds-pgraph-T-0703,T-0703,V-0005,548705.33,2024-09-05T13:05:00,valid,,0
ocds-pgraph-T-0703,T-0703,V-0184,517595.6,2024-09-05T17:33:00,valid,,1
ocds-pgraph-T-0703,T-0703,V-0133,568235.11,2024-09-05T13:04:00,valid,,0
ocds-pgraph-T-0703,T-0703,V-0006,588024.98,2024-09-05T15:58:00,valid,,0
ocds-pgraph-T-0703,T-0703,V-S006,574036.42,2024-09-05T12:06:00,valid,,0
ocds-pgraph-T-0704,T-0704,V-0052,5303969.79,2024-03-28T11:31:00,valid,,0
ocds-pgraph-T-0704,T-0704,V-0022,4993353.69,2024-03-28T14:53:00,valid,,0
ocds-pgraph-T-0704,T-0704,V-0036,4196828.32,2024-03-28T18:34:00,valid,,1
ocds-pgraph-T-0704,T-0704,V-0079,5049200.89,2024-03-28T08:37:00,valid,,0
ocds-pgraph-T-0704,T-0704,V-0044,5079455.69,2024-03-28T16:54:00,valid,,0
ocds-pgraph-T-0705,T-0705,V-0079,1677233.57,2024-12-06T12:44:00,valid,,1
ocds-pgraph-T-0705,T-0705,V-0022,1747685.12,2024-12-06T13:14:00,valid,,0
ocds-pgraph-T-0705,T-0705,V-0052,1979238.42,2024-12-06T18:44:00,valid,,0
ocds-pgraph-T-0705,T-0705,V-0044,1836767.47,2024-12-06T17:19:00,valid,,0
ocds-pgraph-T-0706,T-0706,V-0044,1664406.41,2025-02-08T08:23:00,valid,,1
ocds-pgraph-T-0706,T-0706,V-0079,2054636.68,2025-02-08T11:17:00,valid,,0
ocds-pgraph-T-0706,T-0706,V-0022,1732288.31,2025-02-08T15:37:00,valid,,0
ocds-pgraph-T-0706,T-0706,V-0052,1727265.73,2025-02-08T09:53:00,valid,,0
ocds-pgraph-T-0706,T-0706,V-0036,1809616.93,2025-02-08T18:18:00,valid,,0
ocds-pgraph-T-0706,T-0706,V-0221,1676988.27,2025-02-08T11:59:00,valid,,0
ocds-pgraph-T-0707,T-0707,V-0149,10757709.35,2023-11-05T08:35:00,valid,,0
ocds-pgraph-T-0707,T-0707,V-0197,10897151.04,2023-11-05T10:25:00,valid,,0
ocds-pgraph-T-0707,T-0707,V-0210,9673175.03,2023-11-05T08:31:00,valid,,0
ocds-pgraph-T-0707,T-0707,V-0021,9658306.68,2023-11-05T14:09:00,valid,,1
ocds-pgraph-T-0707,T-0707,V-0156,11194668.93,2023-11-05T08:24:00,valid,,0
ocds-pgraph-T-0707,T-0707,V-Y006,9800820.83,2023-11-05T18:21:00,valid,,0
ocds-pgraph-T-0708,T-0708,V-0022,6282720.72,2023-04-11T14:56:00,valid,,1
ocds-pgraph-T-0708,T-0708,V-0044,6427821.88,2023-04-11T17:18:00,valid,,0
ocds-pgraph-T-0709,T-0709,V-0021,6148818.5,2023-10-20T13:30:00,valid,,0
ocds-pgraph-T-0709,T-0709,V-0197,5726589.04,2023-10-20T15:44:00,valid,,1
ocds-pgraph-T-0709,T-0709,V-0156,5818100.81,2023-10-20T16:00:00,valid,,0
ocds-pgraph-T-0710,T-0710,V-0005,2020633.01,2024-08-26T11:48:00,valid,,1
ocds-pgraph-T-0710,T-0710,V-0133,2399324.0,2024-08-26T16:02:00,valid,,0
ocds-pgraph-T-0710,T-0710,V-0184,2061270.51,2024-08-26T16:16:00,valid,,0
ocds-pgraph-T-0710,T-0710,V-0006,2196462.74,2024-08-26T17:00:00,valid,,0
ocds-pgraph-T-0711,T-0711,V-0210,5659404.97,2024-07-24T15:09:00,valid,,0
ocds-pgraph-T-0711,T-0711,V-0021,4668300.52,2024-07-24T14:10:00,valid,,1
ocds-pgraph-T-0712,T-0712,V-0005,785956.01,2025-12-23T10:52:00,valid,,1
ocds-pgraph-T-0712,T-0712,V-0133,862682.69,2025-12-23T14:12:00,valid,,0
ocds-pgraph-T-0712,T-0712,V-0006,840261.47,2025-12-23T08:18:00,valid,,0
ocds-pgraph-T-0712,T-0712,V-0184,941335.57,2025-12-23T18:32:00,valid,,0
ocds-pgraph-T-0712,T-0712,V-0069,987908.3,2025-12-23T12:43:00,valid,,0
ocds-pgraph-T-0712,T-0712,V-Y003,836444.26,2025-12-23T16:30:00,valid,,0
ocds-pgraph-T-0712,T-0712,V-0058,815581.64,2025-12-23T18:41:00,valid,,0
ocds-pgraph-T-0714,T-0714,V-0177,2926775.33,2023-10-19T09:43:00,valid,,0
ocds-pgraph-T-0714,T-0714,V-0102,2355707.89,2023-10-19T08:59:00,valid,,1
ocds-pgraph-T-0714,T-0714,V-0030,2492583.81,2023-10-19T13:48:00,valid,,0
ocds-pgraph-T-0715,T-0715,V-0224,6840966.33,2023-06-21T17:58:00,valid,,0
ocds-pgraph-T-0715,T-0715,V-0235,7082332.86,2023-06-21T12:20:00,valid,,0
ocds-pgraph-T-0715,T-0715,V-0102,6034950.15,2023-06-21T15:04:00,valid,,1
ocds-pgraph-T-0715,T-0715,V-0189,7503217.38,2023-06-21T18:17:00,valid,,0
ocds-pgraph-T-0715,T-0715,V-0177,6880390.54,2023-06-21T14:10:00,valid,,0
ocds-pgraph-T-0716,T-0716,V-0189,3371907.5,2024-02-20T13:48:00,valid,,0
ocds-pgraph-T-0716,T-0716,V-0030,3404387.48,2024-02-20T18:35:00,valid,,0
ocds-pgraph-T-0716,T-0716,V-0177,3432005.82,2024-02-20T13:51:00,valid,,0
ocds-pgraph-T-0716,T-0716,V-0102,2906278.63,2024-02-20T15:57:00,valid,,1
ocds-pgraph-T-0717,T-0717,V-0161,2165201.01,2024-03-31T15:10:00,valid,,1
ocds-pgraph-T-0718,T-0718,V-0119,3506006.4,2024-12-12T10:51:00,valid,,1
ocds-pgraph-T-0719,T-0719,V-0177,3433021.84,2024-02-24T13:52:00,valid,,1
ocds-pgraph-T-0720,T-0720,V-0119,2944321.88,2025-07-22T10:40:00,valid,,1
ocds-pgraph-T-0720,T-0720,V-0161,3143401.66,2025-07-22T13:37:00,valid,,0
ocds-pgraph-T-0721,T-0721,V-0119,2718298.76,2024-08-22T16:42:00,valid,,0
ocds-pgraph-T-0721,T-0721,V-0161,2269369.44,2024-08-22T10:41:00,valid,,1
ocds-pgraph-T-0721,T-0721,V-0090,2614600.98,2024-08-22T18:18:00,valid,,0
ocds-pgraph-T-0722,T-0722,V-0119,790626.81,2024-09-08T09:08:00,valid,,1
ocds-pgraph-T-0723,T-0723,V-0235,11674336.21,2025-10-18T10:14:00,valid,,0
ocds-pgraph-T-0723,T-0723,V-0102,11352174.71,2025-10-18T15:33:00,valid,,1
ocds-pgraph-T-0723,T-0723,V-0224,12475731.53,2025-10-18T16:45:00,valid,,0
ocds-pgraph-T-0723,T-0723,V-0189,12600254.55,2025-10-18T08:20:00,valid,,0
ocds-pgraph-T-0724,T-0724,V-0090,3886365.67,2025-08-29T15:00:00,valid,,0
ocds-pgraph-T-0724,T-0724,V-0161,3848710.07,2025-08-29T11:19:00,valid,,0
ocds-pgraph-T-0724,T-0724,V-0119,3960506.32,2025-08-29T13:23:00,valid,,0
ocds-pgraph-T-0724,T-0724,V-S006,3485729.64,2025-08-29T16:47:00,valid,,1
ocds-pgraph-T-0725,T-0725,V-0119,1884151.1,2025-06-02T17:57:00,valid,,1
ocds-pgraph-T-0726,T-0726,V-0161,4410446.82,2026-05-22T15:38:00,valid,,0
ocds-pgraph-T-0726,T-0726,V-0119,3950938.27,2026-05-22T16:41:00,valid,,1
ocds-pgraph-T-0726,T-0726,V-0090,4315599.23,2026-05-22T08:34:00,valid,,0
ocds-pgraph-T-0726,T-0726,V-0058,4535236.09,2026-05-22T13:41:00,valid,,0
ocds-pgraph-T-0726,T-0726,V-0184,4778360.33,2026-05-22T09:21:00,valid,,0
ocds-pgraph-T-0726,T-0726,V-S006,4323899.95,2026-05-22T16:58:00,valid,,0
ocds-pgraph-T-0726,T-0726,V-0133,4837599.52,2026-05-22T12:10:00,valid,,0
ocds-pgraph-T-0727,T-0727,V-0030,6694538.83,2022-10-12T09:35:00,valid,,1
ocds-pgraph-T-0728,T-0728,V-0090,915975.25,2023-10-06T17:49:00,valid,,0
ocds-pgraph-T-0728,T-0728,V-0119,763257.01,2023-10-06T18:12:00,valid,,1
ocds-pgraph-T-0728,T-0728,V-0161,828048.5,2023-10-06T16:53:00,valid,,0
ocds-pgraph-T-0728,T-0728,V-0227,892313.58,2023-10-06T13:26:00,valid,,0
ocds-pgraph-T-0728,T-0728,V-Y003,895346.28,2023-10-06T11:52:00,valid,,0
ocds-pgraph-T-0728,T-0728,V-0058,950531.64,2023-10-06T10:31:00,valid,,0
ocds-pgraph-T-0729,T-0729,V-0161,3630120.09,2026-05-20T09:45:00,valid,,0
ocds-pgraph-T-0729,T-0729,V-0090,3049886.0,2026-05-20T08:12:00,valid,,1
ocds-pgraph-T-0730,T-0730,V-0090,419083.88,2023-10-30T13:44:00,valid,,0
ocds-pgraph-T-0730,T-0730,V-0119,408408.54,2023-10-30T12:35:00,valid,,0
ocds-pgraph-T-0730,T-0730,V-0161,322601.51,2023-10-30T14:18:00,valid,,1
ocds-pgraph-T-0731,T-0731,V-0235,14079654.98,2024-12-09T13:44:00,valid,,0
ocds-pgraph-T-0731,T-0731,V-0102,13599267.27,2024-12-09T16:57:00,valid,,1
ocds-pgraph-T-0731,T-0731,V-0189,14430820.03,2024-12-09T10:36:00,valid,,0
ocds-pgraph-T-0732,T-0732,V-0224,13773810.32,2023-09-10T11:13:00,valid,,1
ocds-pgraph-T-0732,T-0732,V-0102,15426918.33,2023-09-10T10:31:00,valid,,0
ocds-pgraph-T-0733,T-0733,V-0161,587542.92,2024-06-04T13:18:00,valid,,0
ocds-pgraph-T-0733,T-0733,V-0090,541663.67,2024-06-04T15:55:00,valid,,0
ocds-pgraph-T-0733,T-0733,V-0119,551182.23,2024-06-04T10:04:00,valid,,0
ocds-pgraph-T-0733,T-0733,V-0180,524541.95,2024-06-04T15:04:00,valid,,1
ocds-pgraph-T-0734,T-0734,V-0119,511380.7,2025-07-30T10:00:00,valid,,1
ocds-pgraph-T-0734,T-0734,V-0161,552984.57,2025-07-30T15:46:00,valid,,0
ocds-pgraph-T-0735,T-0735,V-0161,1934809.51,2023-10-21T11:29:00,valid,,0
ocds-pgraph-T-0735,T-0735,V-0119,1828695.1,2023-10-21T13:30:00,valid,,1
ocds-pgraph-T-0735,T-0735,V-0090,2011646.44,2023-10-21T16:16:00,valid,,0
ocds-pgraph-T-0735,T-0735,V-0056,2115309.18,2023-10-21T16:29:00,valid,,0
ocds-pgraph-T-0736,T-0736,V-0235,14026057.69,2022-10-06T08:07:00,valid,,1
ocds-pgraph-T-0737,T-0737,V-0102,2359537.45,2026-03-04T14:54:00,valid,,1
ocds-pgraph-T-0737,T-0737,V-0030,2511676.5,2026-03-04T17:35:00,valid,,0
ocds-pgraph-T-0737,T-0737,V-0224,2899124.03,2026-03-04T16:34:00,valid,,0
ocds-pgraph-T-0737,T-0737,V-0235,2494561.44,2026-03-04T12:47:00,valid,,0
ocds-pgraph-T-0738,T-0738,V-0090,4057388.43,2024-09-06T16:11:00,valid,,0
ocds-pgraph-T-0738,T-0738,V-0119,4384525.13,2024-09-06T13:40:00,valid,,0
ocds-pgraph-T-0738,T-0738,V-0161,3699471.31,2024-09-06T18:30:00,valid,,1
ocds-pgraph-T-0738,T-0738,V-S006,4661376.73,2024-09-06T08:54:00,valid,,0
ocds-pgraph-T-0739,T-0739,V-0161,3800811.8,2024-12-11T11:35:00,valid,,0
ocds-pgraph-T-0739,T-0739,V-0119,4243364.05,2024-12-11T09:59:00,valid,,0
ocds-pgraph-T-0739,T-0739,V-0090,3879474.3,2024-12-11T14:06:00,valid,,0
ocds-pgraph-T-0739,T-0739,V-S005,3778725.28,2024-12-11T12:58:00,valid,,1
ocds-pgraph-T-0739,T-0739,V-0227,4338994.11,2024-12-11T16:30:00,valid,,0
ocds-pgraph-T-0740,T-0740,V-0030,2084793.36,2024-05-29T15:53:00,valid,,0
ocds-pgraph-T-0740,T-0740,V-0189,1849075.87,2024-05-29T18:04:00,valid,,0
ocds-pgraph-T-0740,T-0740,V-0177,1646418.33,2024-05-29T14:19:00,valid,,1
ocds-pgraph-T-0740,T-0740,V-0235,1908786.7,2024-05-29T13:00:00,valid,,0
ocds-pgraph-T-0740,T-0740,V-0224,1919231.65,2024-05-29T16:40:00,valid,,0
ocds-pgraph-T-0740,T-0740,V-0102,1781927.67,2024-05-29T17:49:00,valid,,0
ocds-pgraph-T-0742,T-0742,V-0161,2129956.31,2022-12-09T18:10:00,valid,,0
ocds-pgraph-T-0742,T-0742,V-0119,2272300.77,2022-12-09T09:48:00,valid,,0
ocds-pgraph-T-0742,T-0742,V-0090,1933386.53,2022-12-09T10:39:00,valid,,0
ocds-pgraph-T-0742,T-0742,V-0180,2320025.81,2022-12-09T17:51:00,valid,,0
ocds-pgraph-T-0742,T-0742,V-0169,1810428.77,2022-12-09T14:34:00,valid,,1
ocds-pgraph-T-0742,T-0742,V-0238,2316369.36,2022-12-09T10:17:00,valid,,0
ocds-pgraph-T-0743,T-0743,V-0018,33335905.58,2024-01-27T14:16:00,valid,,0
ocds-pgraph-T-0743,T-0743,V-0019,30612415.82,2024-01-27T14:16:00,valid,,0
ocds-pgraph-T-0743,T-0743,V-0104,29740691.82,2024-01-27T12:02:00,valid,,0
ocds-pgraph-T-0743,T-0743,V-0135,25669814.46,2024-01-27T09:45:00,valid,,1
ocds-pgraph-T-0743,T-0743,V-S008,28891717.62,2024-01-27T13:42:00,valid,,0
ocds-pgraph-T-0743,T-0743,V-0097,26077887.56,2024-01-27T14:43:00,valid,,0
ocds-pgraph-T-0744,T-0744,V-0207,5410259.7,2024-05-24T17:40:00,valid,,0
ocds-pgraph-T-0744,T-0744,V-0085,6118337.16,2024-05-24T08:13:00,valid,,0
ocds-pgraph-T-0744,T-0744,V-0240,5942804.11,2024-05-24T08:01:00,valid,,0
ocds-pgraph-T-0744,T-0744,V-0235,5053499.58,2024-05-24T09:58:00,valid,,1
ocds-pgraph-T-0744,T-0744,V-0198,5292905.69,2024-05-24T18:44:00,valid,,0
ocds-pgraph-T-0745,T-0745,V-0207,4565967.18,2024-02-19T15:05:00,valid,,0
ocds-pgraph-T-0745,T-0745,V-0079,5322161.84,2024-02-19T13:14:00,valid,,0
ocds-pgraph-T-0745,T-0745,V-0022,4509677.12,2024-02-19T11:43:00,valid,,0
ocds-pgraph-T-0745,T-0745,V-0036,5162899.02,2024-02-19T08:00:00,valid,,0
ocds-pgraph-T-0745,T-0745,V-0175,4913314.11,2024-02-19T12:36:00,valid,,0
ocds-pgraph-T-0745,T-0745,V-0099,4336814.17,2024-02-19T15:41:00,valid,,1
ocds-pgraph-T-0746,T-0746,V-0097,29476488.5,2023-02-25T18:01:00,valid,,1
ocds-pgraph-T-0747,T-0747,V-0016,3278635.38,2023-10-21T14:01:00,valid,,1
ocds-pgraph-T-0747,T-0747,V-0083,3375937.29,2023-10-21T09:16:00,valid,,0
ocds-pgraph-T-0747,T-0747,V-0128,3477713.26,2023-10-21T08:27:00,valid,,0
ocds-pgraph-T-0748,T-0748,V-0082,5140961.31,2025-04-19T13:50:00,valid,,0
ocds-pgraph-T-0748,T-0748,V-0231,5512357.96,2025-04-19T13:15:00,valid,,0
ocds-pgraph-T-0748,T-0748,V-0016,5405247.19,2025-04-19T11:01:00,valid,,0
ocds-pgraph-T-0748,T-0748,V-0083,4382355.71,2025-04-19T08:36:00,valid,,1
ocds-pgraph-T-0749,T-0749,V-0207,1556648.85,2024-03-10T13:20:00,valid,,0
ocds-pgraph-T-0749,T-0749,V-0072,1326309.13,2024-03-10T09:57:00,valid,,0
ocds-pgraph-T-0749,T-0749,V-0044,1422339.55,2024-03-10T09:28:00,valid,,0
ocds-pgraph-T-0749,T-0749,V-Y003,1555567.02,2024-03-10T18:15:00,valid,,0
ocds-pgraph-T-0749,T-0749,V-0109,1257205.18,2024-03-10T14:31:00,valid,,0
ocds-pgraph-T-0749,T-0749,V-0085,1217186.91,2024-03-10T15:27:00,valid,,1
ocds-pgraph-T-0749,T-0749,V-0117,1599495.76,2024-03-10T10:36:00,valid,,0
ocds-pgraph-T-0750,T-0750,V-0018,23596419.44,2024-09-06T09:02:00,valid,,0
ocds-pgraph-T-0750,T-0750,V-0200,20686112.85,2024-09-06T12:24:00,valid,,0
ocds-pgraph-T-0750,T-0750,V-0135,23456851.97,2024-09-06T14:32:00,valid,,0
ocds-pgraph-T-0750,T-0750,V-0104,21671589.99,2024-09-06T14:55:00,valid,,0
ocds-pgraph-T-0750,T-0750,V-S008,19360276.57,2024-09-06T15:55:00,valid,,1
ocds-pgraph-T-0750,T-0750,V-0097,22588725.99,2024-09-06T18:33:00,valid,,0
ocds-pgraph-T-0751,T-0751,V-0135,60118859.39,2024-01-09T18:59:00,valid,,0
ocds-pgraph-T-0751,T-0751,V-0200,52193361.53,2024-01-09T11:41:00,valid,,0
ocds-pgraph-T-0751,T-0751,V-S008,58391484.74,2024-01-09T11:19:00,valid,,0
ocds-pgraph-T-0751,T-0751,V-0104,57646137.71,2024-01-09T14:26:00,valid,,0
ocds-pgraph-T-0751,T-0751,V-0019,48799334.74,2024-01-09T11:04:00,valid,,1
ocds-pgraph-T-0751,T-0751,V-0018,63581526.62,2024-01-09T14:53:00,valid,,0
ocds-pgraph-T-0752,T-0752,V-0016,700021.89,2024-09-05T10:21:00,valid,,0
ocds-pgraph-T-0752,T-0752,V-0082,668849.89,2024-09-05T18:22:00,valid,,0
ocds-pgraph-T-0752,T-0752,V-0231,646287.83,2024-09-05T16:17:00,valid,,1
ocds-pgraph-T-0752,T-0752,V-0128,688896.56,2024-09-05T10:21:00,valid,,0
ocds-pgraph-T-0753,T-0753,V-0204,6280571.1,2026-03-09T12:02:00,valid,,0
ocds-pgraph-T-0753,T-0753,V-0082,5632008.72,2026-03-09T16:06:00,valid,,1
ocds-pgraph-T-0753,T-0753,V-0231,6420675.13,2026-03-09T11:14:00,valid,,0
ocds-pgraph-T-0754,T-0754,V-0135,59206341.24,2023-04-08T13:57:00,valid,,0
ocds-pgraph-T-0754,T-0754,V-S008,59016034.25,2023-04-08T18:39:00,valid,,0
ocds-pgraph-T-0754,T-0754,V-0104,56150707.67,2023-04-08T16:24:00,valid,,0
ocds-pgraph-T-0754,T-0754,V-0018,49715910.95,2023-04-08T17:48:00,valid,,1
ocds-pgraph-T-0754,T-0754,V-0200,49829358.06,2023-04-08T18:27:00,valid,,0
ocds-pgraph-T-0754,T-0754,V-0019,59260043.14,2023-04-08T17:36:00,valid,,0
ocds-pgraph-T-0755,T-0755,V-0207,4535904.22,2026-02-12T18:07:00,valid,,0
ocds-pgraph-T-0755,T-0755,V-0218,4588066.28,2026-02-12T17:22:00,valid,,0
ocds-pgraph-T-0755,T-0755,V-0109,4285568.17,2026-02-12T10:09:00,valid,,0
ocds-pgraph-T-0755,T-0755,V-0217,4697211.81,2026-02-12T18:05:00,valid,,0
ocds-pgraph-T-0755,T-0755,V-0099,3966475.86,2026-02-12T18:06:00,valid,,1
ocds-pgraph-T-0755,T-0755,V-0051,4089073.04,2026-02-12T17:04:00,valid,,0
ocds-pgraph-T-0756,T-0756,V-S008,61611150.96,2025-01-14T08:05:00,valid,,1
ocds-pgraph-T-0757,T-0757,V-0207,4409549.31,2024-04-16T08:14:00,valid,,1
ocds-pgraph-T-0758,T-0758,V-0083,15365971.7,2025-05-01T12:17:00,valid,,0
ocds-pgraph-T-0758,T-0758,V-0128,15061877.18,2025-05-01T11:41:00,valid,,0
ocds-pgraph-T-0758,T-0758,V-0016,13715289.88,2025-05-01T16:11:00,valid,,1
ocds-pgraph-T-0759,T-0759,V-0097,8306359.47,2026-03-15T18:13:00,valid,,0
ocds-pgraph-T-0759,T-0759,V-0018,6826964.49,2026-03-15T09:57:00,valid,,0
ocds-pgraph-T-0759,T-0759,V-S008,6667138.94,2026-03-15T18:24:00,valid,,1
ocds-pgraph-T-0759,T-0759,V-0019,7797321.41,2026-03-15T16:52:00,valid,,0
ocds-pgraph-T-0759,T-0759,V-0104,8017564.82,2026-03-15T18:37:00,valid,,0
ocds-pgraph-T-0759,T-0759,V-0200,7717105.12,2026-03-15T08:03:00,valid,,0
ocds-pgraph-T-0760,T-0760,V-0082,8237504.89,2025-12-14T18:31:00,valid,,0
ocds-pgraph-T-0760,T-0760,V-0231,7558176.78,2025-12-14T08:03:00,valid,,0
ocds-pgraph-T-0760,T-0760,V-0128,7541448.39,2025-12-14T17:39:00,valid,,1
ocds-pgraph-T-0761,T-0761,V-0207,1411513.24,2025-06-24T09:01:00,valid,,0
ocds-pgraph-T-0761,T-0761,V-0192,1281214.38,2025-06-24T12:32:00,valid,,1
ocds-pgraph-T-0761,T-0761,V-0072,1343503.01,2025-06-24T14:20:00,valid,,0
ocds-pgraph-T-0762,T-0762,V-0082,5307492.19,2023-02-09T11:10:00,valid,,0
ocds-pgraph-T-0762,T-0762,V-0128,5315074.4,2023-02-09T18:35:00,valid,,0
ocds-pgraph-T-0762,T-0762,V-0204,4674992.47,2023-02-09T13:05:00,valid,,1
ocds-pgraph-T-0762,T-0762,V-0083,4742849.92,2023-02-09T14:05:00,valid,,0
ocds-pgraph-T-0763,T-0763,V-0083,3054184.94,2023-08-20T08:00:00,valid,,0
ocds-pgraph-T-0763,T-0763,V-0082,2531875.83,2023-08-20T10:00:00,valid,,1
ocds-pgraph-T-0763,T-0763,V-0016,2537138.39,2023-08-20T10:15:00,valid,,0
ocds-pgraph-T-0763,T-0763,V-0231,2735974.07,2023-08-20T11:42:00,valid,,0
ocds-pgraph-T-0763,T-0763,V-0128,2603869.54,2023-08-20T09:04:00,valid,,0
ocds-pgraph-T-0764,T-0764,V-0231,4054841.22,2025-05-13T16:09:00,valid,,0
ocds-pgraph-T-0764,T-0764,V-0128,3889908.77,2025-05-13T11:06:00,valid,,1
ocds-pgraph-T-0764,T-0764,V-0083,4732870.34,2025-05-13T15:54:00,valid,,0
ocds-pgraph-T-0764,T-0764,V-0204,4614248.09,2025-05-13T12:05:00,valid,,0
ocds-pgraph-T-0764,T-0764,V-0016,4872813.26,2025-05-13T14:46:00,valid,,0
ocds-pgraph-T-0765,T-0765,V-0019,48783744.97,2024-01-16T16:42:00,valid,,0
ocds-pgraph-T-0765,T-0765,V-0135,52315072.7,2024-01-16T16:20:00,valid,,0
ocds-pgraph-T-0765,T-0765,V-0018,52439025.47,2024-01-16T13:44:00,valid,,0
ocds-pgraph-T-0765,T-0765,V-0200,44025967.79,2024-01-16T12:02:00,valid,,1
ocds-pgraph-T-0765,T-0765,V-0097,50335622.64,2024-01-16T14:11:00,valid,,0
ocds-pgraph-T-0765,T-0765,V-S008,46712583.63,2024-01-16T09:49:00,valid,,0
ocds-pgraph-T-0765,T-0765,V-0104,48042771.08,2024-01-16T11:24:00,valid,,0
ocds-pgraph-T-0766,T-0766,V-0207,1783181.52,2025-11-23T08:04:00,valid,,1
ocds-pgraph-T-0766,T-0766,V-0036,1830253.57,2025-11-23T18:06:00,valid,,0
ocds-pgraph-T-0766,T-0766,V-0146,1870766.3,2025-11-23T16:57:00,valid,,0
ocds-pgraph-T-0766,T-0766,V-0052,1910433.96,2025-11-23T15:35:00,valid,,0
ocds-pgraph-T-0766,T-0766,V-S004,2010949.23,2025-11-23T13:08:00,valid,,0
ocds-pgraph-T-0767,T-0767,V-0083,12226361.73,2023-01-27T12:56:00,valid,,1
ocds-pgraph-T-0767,T-0767,V-0016,13639880.81,2023-01-27T18:07:00,valid,,0
ocds-pgraph-T-0767,T-0767,V-0204,12737517.93,2023-01-27T16:47:00,valid,,0
ocds-pgraph-T-0767,T-0767,V-0128,13749397.64,2023-01-27T13:04:00,valid,,0
ocds-pgraph-T-0767,T-0767,V-0231,14060965.14,2023-01-27T17:34:00,valid,,0
ocds-pgraph-T-0767,T-0767,V-0082,12291668.01,2023-01-27T12:43:00,valid,,0
ocds-pgraph-T-0768,T-0768,V-0207,6194177.57,2023-01-13T18:35:00,valid,,1
ocds-pgraph-T-0769,T-0769,V-0207,6427636.24,2023-04-02T17:33:00,valid,,1
ocds-pgraph-T-0769,T-0769,V-SPV01,8071885.99,2023-04-02T13:17:00,valid,,0
ocds-pgraph-T-0770,T-0770,V-0016,6634046.73,2025-03-19T11:16:00,valid,,0
ocds-pgraph-T-0770,T-0770,V-0231,6503014.25,2025-03-19T14:17:00,valid,,1
ocds-pgraph-T-0770,T-0770,V-0082,7008763.58,2025-03-19T17:13:00,valid,,0
ocds-pgraph-T-0771,T-0771,V-0110,3354740.58,2023-11-18T08:56:00,valid,,0
ocds-pgraph-T-0771,T-0771,V-Y003,2948756.03,2023-11-18T13:56:00,valid,,0
ocds-pgraph-T-0771,T-0771,V-S005,3016532.04,2023-11-18T18:41:00,valid,,0
ocds-pgraph-T-0771,T-0771,V-0026,2712554.09,2023-11-18T11:44:00,valid,,1
ocds-pgraph-T-0772,T-0772,V-S010,12827181.83,2023-03-22T11:42:00,valid,,0
ocds-pgraph-T-0772,T-0772,V-0237,12376243.25,2023-03-22T09:23:00,valid,,0
ocds-pgraph-T-0772,T-0772,V-0206,10619604.75,2023-03-22T12:06:00,valid,,1
ocds-pgraph-T-0773,T-0773,V-0003,2484934.52,2026-05-19T08:14:00,valid,,0
ocds-pgraph-T-0773,T-0773,V-Y003,2306075.33,2026-05-19T15:09:00,valid,,0
ocds-pgraph-T-0773,T-0773,V-0026,2168984.96,2026-05-19T13:38:00,valid,,1
ocds-pgraph-T-0773,T-0773,V-0110,2490088.25,2026-05-19T18:55:00,valid,,0
ocds-pgraph-T-0773,T-0773,V-S006,2496246.84,2026-05-19T18:14:00,valid,,0
ocds-pgraph-T-0773,T-0773,V-0098,2180171.7,2026-05-19T08:11:00,valid,,0
ocds-pgraph-T-0774,T-0774,V-0098,4059839.91,2022-10-21T17:14:00,valid,,0
ocds-pgraph-T-0774,T-0774,V-S006,3964332.3,2022-10-21T08:27:00,valid,,0
ocds-pgraph-T-0774,T-0774,V-0105,3709805.98,2022-10-21T12:47:00,valid,,0
ocds-pgraph-T-0774,T-0774,V-0110,3195926.7,2022-10-21T15:19:00,valid,,1
ocds-pgraph-T-0775,T-0775,V-0237,4228525.29,2023-08-20T14:06:00,valid,,0
ocds-pgraph-T-0775,T-0775,V-S010,4076415.46,2023-08-20T12:50:00,valid,,1
ocds-pgraph-T-0776,T-0776,V-0080,3475999.4,2025-12-13T09:54:00,valid,,0
ocds-pgraph-T-0776,T-0776,V-0099,3222282.72,2025-12-13T11:03:00,valid,,1
ocds-pgraph-T-0776,T-0776,V-0138,3300817.94,2025-12-13T18:10:00,valid,,0
ocds-pgraph-T-0777,T-0777,V-0110,823434.51,2024-08-30T11:29:00,valid,,0
ocds-pgraph-T-0777,T-0777,V-Y003,773610.31,2024-08-30T11:18:00,valid,,1
ocds-pgraph-T-0777,T-0777,V-0003,972439.91,2024-08-30T18:22:00,valid,,0
ocds-pgraph-T-0778,T-0778,V-Y003,4135499.77,2025-07-18T13:57:00,valid,,0
ocds-pgraph-T-0778,T-0778,V-0029,3941564.39,2025-07-18T12:47:00,valid,,1
ocds-pgraph-T-0778,T-0778,V-0080,4564565.59,2025-07-18T15:27:00,valid,,0
ocds-pgraph-T-0778,T-0778,V-0138,4185105.18,2025-07-18T13:33:00,valid,,0
ocds-pgraph-T-0778,T-0778,V-0099,4944360.45,2025-07-18T08:36:00,valid,,0
ocds-pgraph-T-0779,T-0779,V-0110,703090.77,2025-07-23T14:17:00,valid,,0
ocds-pgraph-T-0779,T-0779,V-0003,757103.63,2025-07-23T08:11:00,valid,,0
ocds-pgraph-T-0779,T-0779,V-0026,588595.15,2025-07-23T16:41:00,valid,,1
ocds-pgraph-T-0780,T-0780,V-0003,3700350.22,2026-04-17T12:19:00,valid,,0
ocds-pgraph-T-0780,T-0780,V-S005,4278510.02,2026-04-17T12:15:00,valid,,0
ocds-pgraph-T-0780,T-0780,V-S006,3872769.13,2026-04-17T16:45:00,valid,,0
ocds-pgraph-T-0780,T-0780,V-0105,3716362.61,2026-04-17T14:32:00,valid,,0
ocds-pgraph-T-0780,T-0780,V-0098,3342136.14,2026-04-17T10:07:00,valid,,1
ocds-pgraph-T-0780,T-0780,V-Y003,4289474.61,2026-04-17T10:50:00,valid,,0
ocds-pgraph-T-0781,T-0781,V-0099,3071878.93,2023-06-16T13:59:00,valid,,1
ocds-pgraph-T-0781,T-0781,V-S004,3739784.28,2023-06-16T17:50:00,valid,,0
ocds-pgraph-T-0781,T-0781,V-0080,3430625.02,2023-06-16T13:14:00,valid,,0
ocds-pgraph-T-0781,T-0781,V-0029,3732426.05,2023-06-16T16:19:00,valid,,0
ocds-pgraph-T-0781,T-0781,V-Y003,3186690.8,2023-06-16T12:13:00,valid,,0
ocds-pgraph-T-0782,T-0782,V-0138,3720897.89,2024-04-04T14:11:00,valid,,0
ocds-pgraph-T-0782,T-0782,V-S004,3913105.69,2024-04-04T16:11:00,valid,,0
ocds-pgraph-T-0782,T-0782,V-0080,3423219.46,2024-04-04T08:18:00,valid,,1
ocds-pgraph-T-0783,T-0783,V-0237,10526643.49,2023-11-07T14:44:00,valid,,0
ocds-pgraph-T-0783,T-0783,V-0206,10502452.84,2023-11-07T18:39:00,valid,,1
ocds-pgraph-T-0783,T-0783,V-S010,10991285.75,2023-11-07T17:12:00,valid,,0
ocds-pgraph-T-0783,T-0783,V-S001,11460418.48,2023-11-07T17:51:00,valid,,0
ocds-pgraph-T-0783,T-0783,V-Y008,10958824.54,2023-11-07T12:57:00,valid,,0
ocds-pgraph-T-0783,T-0783,V-0076,11307320.18,2023-11-07T16:54:00,valid,,0
ocds-pgraph-T-0784,T-0784,V-0029,3622674.76,2026-02-20T12:32:00,valid,,0
ocds-pgraph-T-0784,T-0784,V-S004,3490166.72,2026-02-20T15:29:00,valid,,1
ocds-pgraph-T-0784,T-0784,V-0080,3690736.05,2026-02-20T09:00:00,valid,,0
ocds-pgraph-T-0784,T-0784,V-0138,3535097.67,2026-02-20T11:04:00,valid,,0
ocds-pgraph-T-0784,T-0784,V-Y003,3783985.46,2026-02-20T08:59:00,valid,,0
ocds-pgraph-T-0784,T-0784,V-0099,3895066.55,2026-02-20T11:02:00,valid,,0
ocds-pgraph-T-0784,T-0784,V-0221,4143619.32,2026-02-20T09:52:00,valid,,0
ocds-pgraph-T-0785,T-0785,V-0105,1676058.57,2024-07-18T11:38:00,valid,,0
ocds-pgraph-T-0785,T-0785,V-0026,1851712.79,2024-07-18T10:20:00,valid,,0
ocds-pgraph-T-0785,T-0785,V-0003,1519711.09,2024-07-18T11:22:00,valid,,1
ocds-pgraph-T-0785,T-0785,V-Y003,1782949.12,2024-07-18T15:36:00,valid,,0
ocds-pgraph-T-0786,T-0786,V-0029,6765425.2,2025-06-01T08:26:00,valid,,1
ocds-pgraph-T-0786,T-0786,V-S004,6994810.24,2025-06-01T16:30:00,valid,,0
ocds-pgraph-T-0787,T-0787,V-Y003,5998937.4,2023-06-14T10:39:00,valid,,0
ocds-pgraph-T-0787,T-0787,V-0138,5775380.62,2023-06-14T15:07:00,valid,,0
ocds-pgraph-T-0787,T-0787,V-S004,5748991.7,2023-06-14T15:20:00,valid,,0
ocds-pgraph-T-0787,T-0787,V-0080,5425557.62,2023-06-14T11:16:00,valid,,1
ocds-pgraph-T-0788,T-0788,V-Y003,3592950.8,2022-10-25T16:51:00,valid,,0
ocds-pgraph-T-0788,T-0788,V-0026,3781108.56,2022-10-25T16:36:00,valid,,0
ocds-pgraph-T-0788,T-0788,V-0105,3751920.1,2022-10-25T10:36:00,valid,,0
ocds-pgraph-T-0788,T-0788,V-S005,3159173.02,2022-10-25T18:50:00,valid,,1
ocds-pgraph-T-0788,T-0788,V-0110,3628455.38,2022-10-25T12:01:00,valid,,0
ocds-pgraph-T-0789,T-0789,V-0237,4705130.46,2022-10-10T13:07:00,valid,,1
ocds-pgraph-T-0789,T-0789,V-0206,5110737.15,2022-10-10T17:59:00,valid,,0
ocds-pgraph-T-0789,T-0789,V-S010,5738698.35,2022-10-10T16:36:00,valid,,0
ocds-pgraph-T-0789,T-0789,V-0013,5865138.6,2022-10-10T14:16:00,valid,,0
ocds-pgraph-T-0789,T-0789,V-0140,6141172.83,2022-10-10T09:35:00,valid,,0
ocds-pgraph-T-0789,T-0789,V-0119,5237930.59,2022-10-10T18:10:00,valid,,0
ocds-pgraph-T-0789,T-0789,V-0020,5629923.1,2022-10-10T08:10:00,valid,,0
ocds-pgraph-T-0790,T-0790,V-0099,6269315.3,2024-11-28T13:27:00,valid,,0
ocds-pgraph-T-0790,T-0790,V-0029,6255575.48,2024-11-28T09:02:00,valid,,0
ocds-pgraph-T-0790,T-0790,V-0080,6244528.84,2024-11-28T18:31:00,valid,,0
ocds-pgraph-T-0790,T-0790,V-S004,6370795.32,2024-11-28T13:54:00,valid,,0
ocds-pgraph-T-0790,T-0790,V-Y003,6083629.51,2024-11-28T18:03:00,valid,,0
ocds-pgraph-T-0790,T-0790,V-0138,5213636.2,2024-11-28T08:28:00,valid,,1
ocds-pgraph-T-0791,T-0791,V-0099,2801053.37,2024-01-26T13:37:00,valid,,0
ocds-pgraph-T-0791,T-0791,V-0080,2753109.97,2024-01-26T17:00:00,valid,,0
ocds-pgraph-T-0791,T-0791,V-Y003,2823276.29,2024-01-26T16:42:00,valid,,0
ocds-pgraph-T-0791,T-0791,V-0029,2887913.62,2024-01-26T08:08:00,valid,,0
ocds-pgraph-T-0791,T-0791,V-S004,3232185.05,2024-01-26T14:11:00,valid,,0
ocds-pgraph-T-0791,T-0791,V-0138,2525299.38,2024-01-26T08:04:00,valid,,1
ocds-pgraph-T-0791,T-0791,V-0217,2828645.8,2024-01-26T12:31:00,valid,,0
ocds-pgraph-T-0792,T-0792,V-0111,8780648.84,2024-06-01T15:53:00,valid,,1
ocds-pgraph-T-0792,T-0792,V-0144,10781447.87,2024-06-01T15:43:00,valid,,0
ocds-pgraph-T-0792,T-0792,V-S002,10907242.73,2024-06-01T09:49:00,valid,,0
ocds-pgraph-T-0792,T-0792,V-0208,11377051.66,2024-06-01T12:33:00,valid,,0
ocds-pgraph-T-0792,T-0792,V-0229,10022314.81,2024-06-01T16:05:00,valid,,0
ocds-pgraph-T-0792,T-0792,V-0102,9783126.12,2024-06-01T13:35:00,valid,,0
ocds-pgraph-T-0793,T-0793,V-0144,7938774.98,2023-12-15T09:33:00,valid,,1
ocds-pgraph-T-0793,T-0793,V-0208,8364285.1,2023-12-15T11:18:00,valid,,0
ocds-pgraph-T-0793,T-0793,V-S002,8610461.29,2023-12-15T14:33:00,valid,,0
ocds-pgraph-T-0793,T-0793,V-0111,8958649.72,2023-12-15T16:13:00,valid,,0
ocds-pgraph-T-0794,T-0794,V-S002,6374081.23,2022-12-14T16:33:00,valid,,0
ocds-pgraph-T-0794,T-0794,V-0208,7546565.13,2022-12-14T14:34:00,valid,,0
ocds-pgraph-T-0794,T-0794,V-0111,6887638.66,2022-12-14T14:27:00,valid,,0
ocds-pgraph-T-0794,T-0794,V-0144,8019761.56,2022-12-14T15:44:00,valid,,0
ocds-pgraph-T-0794,T-0794,V-0125,7456677.71,2022-12-14T15:01:00,valid,,0
ocds-pgraph-T-0794,T-0794,V-0224,6207419.15,2022-12-14T18:49:00,valid,,1
ocds-pgraph-T-0795,T-0795,V-0006,1928478.16,2025-09-30T14:11:00,valid,,1
ocds-pgraph-T-0795,T-0795,V-0133,1983456.05,2025-09-30T14:21:00,valid,,0
ocds-pgraph-T-0795,T-0795,V-0005,2148912.76,2025-09-30T16:03:00,valid,,0
ocds-pgraph-T-0795,T-0795,V-0184,2255459.8,2025-09-30T10:33:00,valid,,0
ocds-pgraph-T-0796,T-0796,V-0006,3882306.34,2026-02-04T09:26:00,valid,,0
ocds-pgraph-T-0796,T-0796,V-0184,3755985.82,2026-02-04T12:12:00,valid,,0
ocds-pgraph-T-0796,T-0796,V-0005,3436304.38,2026-02-04T14:53:00,valid,,1
ocds-pgraph-T-0797,T-0797,V-0111,11630977.82,2025-10-17T16:49:00,valid,,0
ocds-pgraph-T-0797,T-0797,V-S002,11052096.96,2025-10-17T13:55:00,valid,,1
ocds-pgraph-T-0798,T-0798,V-0184,893030.4,2024-04-17T18:35:00,valid,,0
ocds-pgraph-T-0798,T-0798,V-0133,964323.8,2024-04-17T10:49:00,valid,,0
ocds-pgraph-T-0798,T-0798,V-0006,779502.85,2024-04-17T17:51:00,valid,,1
ocds-pgraph-T-0799,T-0799,V-0006,1429482.06,2024-07-15T08:30:00,valid,,0
ocds-pgraph-T-0799,T-0799,V-0184,1486455.23,2024-07-15T08:46:00,valid,,0
ocds-pgraph-T-0799,T-0799,V-0005,1466258.64,2024-07-15T14:49:00,valid,,0
ocds-pgraph-T-0799,T-0799,V-0133,1216922.6,2024-07-15T08:27:00,valid,,1
ocds-pgraph-T-0800,T-0800,V-0133,1821237.01,2022-10-24T15:56:00,valid,,0
ocds-pgraph-T-0800,T-0800,V-0006,2201578.79,2022-10-24T16:00:00,valid,,0
ocds-pgraph-T-0800,T-0800,V-0005,1897635.37,2022-10-24T15:21:00,valid,,0
ocds-pgraph-T-0800,T-0800,V-0184,2348719.25,2022-10-24T14:23:00,valid,,0
ocds-pgraph-T-0800,T-0800,V-0161,1865961.18,2022-10-24T16:19:00,valid,,0
ocds-pgraph-T-0800,T-0800,V-0227,1804670.99,2022-10-24T15:05:00,valid,,1
ocds-pgraph-T-0801,T-0801,V-S002,11190434.34,2023-11-24T12:05:00,valid,,1
ocds-pgraph-T-0801,T-0801,V-0144,12695959.54,2023-11-24T10:53:00,valid,,0
ocds-pgraph-T-0801,T-0801,V-0111,13372130.05,2023-11-24T16:11:00,valid,,0
ocds-pgraph-T-0801,T-0801,V-0208,13183796.58,2023-11-24T18:32:00,valid,,0
ocds-pgraph-T-0801,T-0801,V-Y001,13221303.02,2023-11-24T18:12:00,valid,,0
ocds-pgraph-T-0802,T-0802,V-0133,2707773.94,2025-11-13T18:16:00,valid,,1
ocds-pgraph-T-0802,T-0802,V-0006,3456980.99,2025-11-13T10:02:00,valid,,0
ocds-pgraph-T-0803,T-0803,V-0111,1114637.83,2023-08-25T18:52:00,valid,,0
ocds-pgraph-T-0803,T-0803,V-0144,1228522.1,2023-08-25T13:47:00,valid,,0
ocds-pgraph-T-0803,T-0803,V-S002,1170804.34,2023-08-25T10:06:00,valid,,0
ocds-pgraph-T-0803,T-0803,V-0208,969409.68,2023-08-25T13:07:00,valid,,1
ocds-pgraph-T-0803,T-0803,V-0059,1242819.05,2023-08-25T09:33:00,valid,,0
ocds-pgraph-T-0803,T-0803,V-0194,1014394.17,2023-08-25T10:07:00,valid,,0
ocds-pgraph-T-0803,T-0803,V-0189,1268725.54,2023-08-25T17:26:00,valid,,0
ocds-pgraph-T-0804,T-0804,V-0184,2139109.55,2025-08-28T11:05:00,valid,,1
ocds-pgraph-T-0805,T-0805,V-0133,845208.32,2025-02-15T10:40:00,valid,,0
ocds-pgraph-T-0805,T-0805,V-0005,953738.63,2025-02-15T13:20:00,valid,,0
ocds-pgraph-T-0805,T-0805,V-0006,809558.76,2025-02-15T11:50:00,valid,,1
ocds-pgraph-T-0805,T-0805,V-0184,920132.54,2025-02-15T10:07:00,valid,,0
ocds-pgraph-T-0806,T-0806,V-0006,3992823.63,2023-06-16T17:19:00,valid,,0
ocds-pgraph-T-0806,T-0806,V-0133,3498083.97,2023-06-16T18:19:00,valid,,1
ocds-pgraph-T-0806,T-0806,V-0005,4250146.78,2023-06-16T15:44:00,valid,,0
ocds-pgraph-T-0807,T-0807,V-0133,610849.44,2024-04-29T15:14:00,valid,,1
ocds-pgraph-T-0808,T-0808,V-S002,10548485.5,2025-08-15T13:18:00,valid,,0
ocds-pgraph-T-0808,T-0808,V-0144,10353207.7,2025-08-15T10:16:00,valid,,1
ocds-pgraph-T-0808,T-0808,V-0111,12930638.54,2025-08-15T18:58:00,valid,,0
ocds-pgraph-T-0809,T-0809,V-0144,12710980.62,2024-08-20T08:11:00,valid,,1
ocds-pgraph-T-0810,T-0810,V-0184,3831014.34,2024-12-29T14:06:00,valid,,0
ocds-pgraph-T-0810,T-0810,V-0005,4001262.21,2024-12-29T16:19:00,valid,,0
ocds-pgraph-T-0810,T-0810,V-0006,4403548.88,2024-12-29T15:36:00,valid,,0
ocds-pgraph-T-0810,T-0810,V-0133,4298618.86,2024-12-29T13:32:00,valid,,0
ocds-pgraph-T-0810,T-0810,V-0120,3776985.81,2024-12-29T17:47:00,valid,,1
ocds-pgraph-T-0810,T-0810,V-0152,4485801.96,2024-12-29T15:31:00,valid,,0
ocds-pgraph-T-0810,T-0810,V-0105,4440277.49,2024-12-29T15:11:00,valid,,0
ocds-pgraph-T-0811,T-0811,V-0048,10063516.09,2025-04-06T16:32:00,valid,,1
ocds-pgraph-T-0811,T-0811,V-0190,12738381.41,2025-04-06T13:39:00,valid,,0
ocds-pgraph-T-0811,T-0811,V-0057,12552240.15,2025-04-06T17:43:00,valid,,0
ocds-pgraph-T-0811,T-0811,V-0196,12253865.75,2025-04-06T08:38:00,valid,,0
ocds-pgraph-T-0812,T-0812,V-0227,802056.6,2024-03-06T16:52:00,valid,,1
ocds-pgraph-T-0812,T-0812,V-0120,828735.1,2024-03-06T15:43:00,valid,,0
ocds-pgraph-T-0812,T-0812,V-0152,843892.48,2024-03-06T13:27:00,valid,,0
ocds-pgraph-T-0812,T-0812,V-0113,906779.7,2024-03-06T15:29:00,valid,,0
ocds-pgraph-T-0812,T-0812,V-0180,858685.95,2024-03-06T18:31:00,valid,,0
ocds-pgraph-T-0813,T-0813,V-0180,777257.85,2026-01-12T18:31:00,valid,,0
ocds-pgraph-T-0813,T-0813,V-0227,758395.9,2026-01-12T11:12:00,valid,,1
ocds-pgraph-T-0813,T-0813,V-0058,770759.01,2026-01-12T08:33:00,valid,,0
ocds-pgraph-T-0813,T-0813,V-0152,896486.9,2026-01-12T09:50:00,valid,,0
ocds-pgraph-T-0813,T-0813,V-0120,909730.98,2026-01-12T09:42:00,valid,,0
ocds-pgraph-T-0813,T-0813,V-0113,946552.27,2026-01-12T08:12:00,valid,,0
ocds-pgraph-T-0813,T-0813,V-0026,828252.6,2026-01-12T09:46:00,valid,,0
ocds-pgraph-T-0814,T-0814,V-0154,10657141.51,2024-03-31T08:48:00,valid,,1
ocds-pgraph-T-0814,T-0814,V-0092,13073010.87,2024-03-31T08:11:00,valid,,0
ocds-pgraph-T-0814,T-0814,V-0087,11957453.3,2024-03-31T17:47:00,valid,,0
ocds-pgraph-T-0814,T-0814,V-0077,12743143.19,2024-03-31T13:11:00,valid,,0
ocds-pgraph-T-0815,T-0815,V-0113,776668.12,2023-04-24T16:46:00,valid,,1
ocds-pgraph-T-0816,T-0816,V-Y002,8027712.7,2023-01-04T08:47:00,valid,,0
ocds-pgraph-T-0816,T-0816,V-0196,7297326.82,2023-01-04T14:37:00,valid,,1
ocds-pgraph-T-0816,T-0816,V-0157,7927948.8,2023-01-04T13:02:00,valid,,0
ocds-pgraph-T-0816,T-0816,V-0057,8046835.63,2023-01-04T10:11:00,valid,,0
ocds-pgraph-T-0817,T-0817,V-0087,5984740.53,2024-07-09T14:14:00,valid,,0
ocds-pgraph-T-0817,T-0817,V-0092,6759265.87,2024-07-09T09:49:00,valid,,0
ocds-pgraph-T-0817,T-0817,V-0154,5709727.03,2024-07-09T16:31:00,valid,,1
ocds-pgraph-T-0818,T-0818,V-0109,8568979.97,2023-12-10T13:23:00,valid,,0
ocds-pgraph-T-0818,T-0818,V-0225,8544334.21,2023-12-10T15:28:00,valid,,1
ocds-pgraph-T-0819,T-0819,V-0180,3220717.39,2025-05-12T17:41:00,valid,,0
ocds-pgraph-T-0819,T-0819,V-0113,3091633.49,2025-05-12T17:51:00,valid,,0
ocds-pgraph-T-0819,T-0819,V-0227,3308808.91,2025-05-12T13:34:00,valid,,0
ocds-pgraph-T-0819,T-0819,V-0058,3188478.11,2025-05-12T09:00:00,valid,,0
ocds-pgraph-T-0819,T-0819,V-0120,3007813.73,2025-05-12T08:18:00,valid,,1
ocds-pgraph-T-0819,T-0819,V-0152,3262108.85,2025-05-12T10:42:00,valid,,0
ocds-pgraph-T-0819,T-0819,V-0006,3203834.68,2025-05-12T16:51:00,valid,,0
ocds-pgraph-T-0820,T-0820,V-0092,7188930.2,2025-03-16T08:01:00,valid,,1
ocds-pgraph-T-0820,T-0820,V-0087,8188807.14,2025-03-16T18:59:00,valid,,0
ocds-pgraph-T-0820,T-0820,V-0154,8142587.15,2025-03-16T13:15:00,valid,,0
ocds-pgraph-T-0820,T-0820,V-0071,8835719.62,2025-03-16T17:45:00,valid,,0
ocds-pgraph-T-0821,T-0821,V-0225,6696194.17,2025-09-05T17:57:00,valid,,1
ocds-pgraph-T-0821,T-0821,V-0157,7273542.23,2025-09-05T15:06:00,valid,,0
ocds-pgraph-T-0821,T-0821,V-0190,7682243.64,2025-09-05T10:41:00,valid,,0
ocds-pgraph-T-0821,T-0821,V-0092,6790180.75,2025-09-05T08:37:00,valid,,0
ocds-pgraph-T-0822,T-0822,V-Y002,6125642.31,2024-12-21T16:07:00,valid,,0
ocds-pgraph-T-0822,T-0822,V-0109,5368874.41,2024-12-21T10:02:00,valid,,0
ocds-pgraph-T-0822,T-0822,V-0196,5658737.05,2024-12-21T16:51:00,valid,,0
ocds-pgraph-T-0822,T-0822,V-0048,6216483.04,2024-12-21T12:51:00,valid,,0
ocds-pgraph-T-0822,T-0822,V-0190,5846985.5,2024-12-21T15:01:00,valid,,0
ocds-pgraph-T-0822,T-0822,V-0157,6242761.09,2024-12-21T11:00:00,valid,,0
ocds-pgraph-T-0822,T-0822,V-0092,5312705.96,2024-12-21T11:43:00,valid,,1
ocds-pgraph-T-0823,T-0823,V-0196,8080035.1,2023-10-10T08:10:00,valid,,0
ocds-pgraph-T-0823,T-0823,V-0157,8137092.88,2023-10-10T17:25:00,valid,,0
ocds-pgraph-T-0823,T-0823,V-0048,6994484.85,2023-10-10T10:17:00,valid,,0
ocds-pgraph-T-0823,T-0823,V-0092,6442769.45,2023-10-10T09:46:00,valid,,1
ocds-pgraph-T-0823,T-0823,V-0225,8346104.69,2023-10-10T13:42:00,valid,,0
ocds-pgraph-T-0823,T-0823,V-0109,6711316.99,2023-10-10T17:14:00,valid,,0
ocds-pgraph-T-0824,T-0824,V-0087,11272189.4,2024-10-21T18:31:00,valid,,0
ocds-pgraph-T-0824,T-0824,V-0092,12168168.77,2024-10-21T15:02:00,valid,,0
ocds-pgraph-T-0824,T-0824,V-0154,10741007.36,2024-10-21T10:29:00,valid,,0
ocds-pgraph-T-0824,T-0824,V-0026,9627010.95,2024-10-21T16:04:00,valid,,0
ocds-pgraph-T-0824,T-0824,V-Y005,10841283.15,2024-10-21T14:53:00,valid,,0
ocds-pgraph-T-0824,T-0824,V-Y007,9552664.51,2024-10-21T13:26:00,valid,,1
ocds-pgraph-T-0824,T-0824,V-Y006,11766545.3,2024-10-21T10:02:00,valid,,0
ocds-pgraph-T-0825,T-0825,V-0154,8123366.45,2026-03-01T08:04:00,valid,,1
ocds-pgraph-T-0825,T-0825,V-0087,8186244.74,2026-03-01T15:05:00,valid,,0
ocds-pgraph-T-0825,T-0825,V-0092,9420106.3,2026-03-01T16:09:00,valid,,0
ocds-pgraph-T-0825,T-0825,V-0071,10601373.05,2026-03-01T16:55:00,valid,,0
ocds-pgraph-T-0826,T-0826,V-0058,3031458.81,2025-10-29T09:43:00,valid,,0
ocds-pgraph-T-0826,T-0826,V-0113,2714154.34,2025-10-29T14:41:00,valid,,0
ocds-pgraph-T-0826,T-0826,V-0227,2498542.09,2025-10-29T14:26:00,valid,,1
ocds-pgraph-T-0826,T-0826,V-0180,2842937.29,2025-10-29T15:01:00,valid,,0
ocds-pgraph-T-0826,T-0826,V-0120,2919509.13,2025-10-29T11:34:00,valid,,0
ocds-pgraph-T-0827,T-0827,V-0120,3663278.57,2026-07-20T15:36:00,valid,,1
ocds-pgraph-T-0828,T-0828,V-0087,9601306.83,2023-11-09T14:19:00,valid,,0
ocds-pgraph-T-0828,T-0828,V-0154,8185748.01,2023-11-09T11:25:00,valid,,1
ocds-pgraph-T-0829,T-0829,V-0113,3671634.24,2025-04-03T10:55:00,valid,,0
ocds-pgraph-T-0829,T-0829,V-0180,3840711.57,2025-04-03T18:57:00,valid,,0
ocds-pgraph-T-0829,T-0829,V-0120,3608489.57,2025-04-03T08:34:00,valid,,0
ocds-pgraph-T-0829,T-0829,V-0227,3707354.41,2025-04-03T17:09:00,valid,,0
ocds-pgraph-T-0829,T-0829,V-0152,3286343.87,2025-04-03T17:59:00,valid,,1
ocds-pgraph-T-0829,T-0829,V-0058,4024005.42,2025-04-03T10:59:00,valid,,0
ocds-pgraph-T-0829,T-0829,V-0238,3319839.77,2025-04-03T10:56:00,valid,,0
ocds-pgraph-T-0830,T-0830,V-0078,4548958.23,2024-12-05T12:26:00,valid,,0
ocds-pgraph-T-0830,T-0830,V-0180,4553440.47,2024-12-05T18:20:00,valid,,0
ocds-pgraph-T-0830,T-0830,V-Y008,3961777.92,2024-12-05T16:06:00,valid,,1
ocds-pgraph-T-0830,T-0830,V-0128,4441599.06,2024-12-05T18:43:00,valid,,0
ocds-pgraph-T-0830,T-0830,V-0108,4388193.72,2024-12-05T18:38:00,valid,,0
ocds-pgraph-T-0830,T-0830,V-0082,4226417.52,2024-12-05T10:02:00,valid,,0
ocds-pgraph-T-0831,T-0831,V-0180,3171830.61,2024-05-02T12:44:00,valid,,1
ocds-pgraph-T-0831,T-0831,V-0078,3272275.46,2024-05-02T18:52:00,valid,,0
ocds-pgraph-T-0832,T-0832,V-0154,6239037.64,2024-05-23T12:14:00,valid,,1
ocds-pgraph-T-0832,T-0832,V-0087,6821427.13,2024-05-23T17:37:00,valid,,0
ocds-pgraph-T-0833,T-0833,V-0180,4770095.5,2025-06-29T13:20:00,valid,,0
ocds-pgraph-T-0833,T-0833,V-0078,3963854.51,2025-06-29T14:12:00,valid,,1
ocds-pgraph-T-0833,T-0833,V-0041,3997343.99,2025-06-29T12:15:00,valid,,0
ocds-pgraph-T-0834,T-0834,V-0154,5161843.78,2024-07-08T15:33:00,valid,,0
ocds-pgraph-T-0834,T-0834,V-0092,5144586.77,2024-07-08T12:58:00,valid,,0
ocds-pgraph-T-0834,T-0834,V-0087,4529717.81,2024-07-08T15:03:00,valid,,0
ocds-pgraph-T-0834,T-0834,V-0172,4128730.55,2024-07-08T17:48:00,valid,,1
ocds-pgraph-T-0834,T-0834,V-0026,5345345.01,2024-07-08T12:19:00,valid,,0
ocds-pgraph-T-0834,T-0834,V-0071,5251936.83,2024-07-08T16:46:00,valid,,0
ocds-pgraph-T-0834,T-0834,V-Y006,4752612.77,2024-07-08T08:49:00,valid,,0
ocds-pgraph-T-0835,T-0835,V-0180,2776254.74,2025-12-28T13:21:00,valid,,0
ocds-pgraph-T-0835,T-0835,V-0078,2680546.77,2025-12-28T10:59:00,valid,,0
ocds-pgraph-T-0835,T-0835,V-0214,2643286.41,2025-12-28T15:51:00,valid,,1
ocds-pgraph-T-0836,T-0836,V-0225,10570941.98,2025-09-17T16:13:00,valid,,0
ocds-pgraph-T-0836,T-0836,V-0217,11308730.77,2025-09-17T10:04:00,valid,,0
ocds-pgraph-T-0836,T-0836,V-0092,10669061.59,2025-09-17T08:43:00,valid,,0
ocds-pgraph-T-0836,T-0836,V-0190,9757669.69,2025-09-17T16:59:00,valid,,1
ocds-pgraph-T-0836,T-0836,V-0057,10961077.68,2025-09-17T18:18:00,valid,,0
ocds-pgraph-T-0837,T-0837,V-0180,2898610.37,2023-04-12T10:22:00,valid,,1
ocds-pgraph-T-0837,T-0837,V-0078,3069224.57,2023-04-12T11:08:00,valid,,0
ocds-pgraph-T-0837,T-0837,V-0102,3645160.12,2023-04-12T16:59:00,valid,,0
ocds-pgraph-T-0838,T-0838,V-0190,6550380.42,2022-10-10T08:44:00,valid,,1
ocds-pgraph-T-0839,T-0839,V-0078,2804776.48,2025-02-19T08:34:00,valid,,1
ocds-pgraph-T-0840,T-0840,V-0078,5563031.43,2026-02-28T13:02:00,valid,,0
ocds-pgraph-T-0840,T-0840,V-0180,6391904.96,2026-02-28T16:46:00,valid,,0
ocds-pgraph-T-0840,T-0840,V-0111,5447343.44,2026-02-28T10:35:00,valid,,1
ocds-pgraph-T-0841,T-0841,V-0217,4327240.13,2024-07-23T13:02:00,valid,,0
ocds-pgraph-T-0841,T-0841,V-0092,4473702.99,2024-07-23T13:48:00,valid,,0
ocds-pgraph-T-0841,T-0841,V-0109,4037445.08,2024-07-23T09:28:00,valid,,1
ocds-pgraph-T-0841,T-0841,V-0196,5028774.04,2024-07-23T10:28:00,valid,,0
ocds-pgraph-T-0841,T-0841,V-Y002,4228403.89,2024-07-23T17:14:00,valid,,0
ocds-pgraph-T-0842,T-0842,V-0154,5199954.33,2026-01-04T18:39:00,valid,,0
ocds-pgraph-T-0842,T-0842,V-0092,4811428.12,2026-01-04T11:47:00,valid,,0
ocds-pgraph-T-0842,T-0842,V-0087,4275543.97,2026-01-04T11:29:00,valid,,1
ocds-pgraph-T-0842,T-0842,V-0018,4907919.55,2026-01-04T12:33:00,valid,,0
ocds-pgraph-T-0842,T-0842,V-0221,4607066.17,2026-01-04T09:52:00,valid,,0
ocds-pgraph-T-0843,T-0843,V-0157,4623764.16,2025-04-23T09:07:00,valid,,1
ocds-pgraph-T-0843,T-0843,V-0109,5253220.71,2025-04-23T15:24:00,valid,,0
ocds-pgraph-T-0844,T-0844,V-0087,3481549.7,2025-09-16T08:52:00,valid,,0
ocds-pgraph-T-0844,T-0844,V-0154,3157469.21,2025-09-16T09:48:00,valid,,0
ocds-pgraph-T-0844,T-0844,V-0092,3082020.38,2025-09-16T12:35:00,valid,,1
ocds-pgraph-T-0844,T-0844,V-0151,3349278.4,2025-09-16T12:20:00,valid,,0
ocds-pgraph-T-0844,T-0844,V-0188,3737228.99,2025-09-16T10:30:00,valid,,0
ocds-pgraph-T-0845,T-0845,V-0154,4966331.13,2024-09-02T17:07:00,valid,,1
ocds-pgraph-T-0845,T-0845,V-0087,5500049.95,2024-09-02T17:11:00,valid,,0
ocds-pgraph-T-0846,T-0846,V-0209,15978768.65,2025-04-27T15:03:00,valid,,0
ocds-pgraph-T-0846,T-0846,V-0218,15217874.9,2025-04-27T15:17:00,valid,,1
ocds-pgraph-T-0846,T-0846,V-S001,16739662.39,2025-04-27T18:58:00,valid,,0
ocds-pgraph-T-0846,T-0846,V-0096,17500556.14,2025-04-27T15:00:00,valid,,0
ocds-pgraph-T-0847,T-0847,V-S001,3281590.97,2026-07-03T08:39:00,valid,,0
ocds-pgraph-T-0847,T-0847,V-0209,3278304.13,2026-07-03T15:01:00,valid,,0
ocds-pgraph-T-0847,T-0847,V-0096,3287209.56,2026-07-03T16:29:00,valid,,0
ocds-pgraph-T-0847,T-0847,V-0218,2779390.05,2026-07-03T09:23:00,valid,,1
ocds-pgraph-T-0848,T-0848,V-0218,8158512.19,2023-09-21T12:40:00,valid,,1
ocds-pgraph-T-0848,T-0848,V-S001,8566437.8,2023-09-21T16:11:00,valid,,0
ocds-pgraph-T-0848,T-0848,V-0096,8974363.41,2023-09-21T15:01:00,valid,,0
ocds-pgraph-T-0849,T-0849,V-0096,5120368.98,2024-03-16T18:53:00,valid,,0
ocds-pgraph-T-0849,T-0849,V-0218,4480350.06,2024-03-16T14:33:00,valid,,1
ocds-pgraph-T-0849,T-0849,V-S001,5097343.89,2024-03-16T14:17:00,valid,,0
ocds-pgraph-T-0849,T-0849,V-0209,5142763.42,2024-03-16T13:41:00,valid,,0
ocds-pgraph-T-0850,T-0850,V-0218,6433645.32,2023-06-30T12:44:00,valid,,1
ocds-pgraph-T-0850,T-0850,V-S001,7338695.37,2023-06-30T15:01:00,valid,,0
ocds-pgraph-T-0850,T-0850,V-0096,7334963.81,2023-06-30T10:46:00,valid,,0
ocds-pgraph-T-0851,T-0851,V-0218,2601437.52,2023-09-08T13:44:00,valid,,1
ocds-pgraph-T-0851,T-0851,V-0096,3079215.99,2023-09-08T09:53:00,valid,,0
ocds-pgraph-T-0851,T-0851,V-S001,3068903.92,2023-09-08T10:28:00,valid,,0
ocds-pgraph-T-0852,T-0852,V-S001,6114485.36,2024-11-04T10:05:00,valid,,0
ocds-pgraph-T-0852,T-0852,V-0209,6405651.33,2024-11-04T18:06:00,valid,,0
ocds-pgraph-T-0852,T-0852,V-0218,5823319.39,2024-11-04T16:18:00,valid,,1
ocds-pgraph-T-0852,T-0852,V-0096,6696817.3,2024-11-04T15:07:00,valid,,0
ocds-pgraph-T-0853,T-0853,V-0096,11760348.77,2025-06-28T15:03:00,disqualified,EMD not submitted,0
ocds-pgraph-T-0853,T-0853,V-S001,11783089.02,2025-06-28T15:02:00,valid,,0
ocds-pgraph-T-0853,T-0853,V-0218,9768231.56,2025-06-28T11:06:00,valid,,1
ocds-pgraph-T-0853,T-0853,V-0209,11706383.01,2025-06-28T08:04:00,valid,,0
ocds-pgraph-T-0854,T-0854,V-0218,2182320.55,2025-01-23T14:14:00,valid,,1
ocds-pgraph-T-0854,T-0854,V-S001,2291436.57,2025-01-23T08:04:00,valid,,0
ocds-pgraph-T-0854,T-0854,V-0096,2400552.6,2025-01-23T15:01:00,valid,,0
ocds-pgraph-T-0855,T-0855,V-0053,13514261.13,2025-10-03T11:39:00,valid,,1
ocds-pgraph-T-0855,T-0855,V-0229,15705051.35,2025-10-03T15:46:00,valid,,0
ocds-pgraph-T-0855,T-0855,V-S002,15629091.4,2025-10-03T15:03:00,disqualified,Bid form unsigned,0
ocds-pgraph-T-0856,T-0856,V-0033,13700630.21,2023-08-30T15:00:00,valid,,0
ocds-pgraph-T-0856,T-0856,V-0053,11412390.27,2023-08-30T15:24:00,valid,,1
ocds-pgraph-T-0856,T-0856,V-S002,13710943.5,2023-08-30T15:00:00,valid,,0
ocds-pgraph-T-0856,T-0856,V-0229,13788497.63,2023-08-30T11:34:00,valid,,0
ocds-pgraph-T-0857,T-0857,V-0053,17089519.54,2025-11-15T12:15:00,valid,,1
ocds-pgraph-T-0857,T-0857,V-S002,20401652.16,2025-11-15T13:05:00,valid,,0
ocds-pgraph-T-0857,T-0857,V-0033,20397647.72,2025-11-15T15:00:00,valid,,0
ocds-pgraph-T-0858,T-0858,V-0033,17332007.91,2024-04-25T11:50:00,valid,,0
ocds-pgraph-T-0858,T-0858,V-S002,18157341.62,2024-04-25T13:35:00,valid,,0
ocds-pgraph-T-0858,T-0858,V-0053,16506674.2,2024-04-25T15:35:00,valid,,1
ocds-pgraph-T-0859,T-0859,V-0053,15290933.11,2025-12-13T15:44:00,valid,,1
ocds-pgraph-T-0859,T-0859,V-S002,17835887.81,2025-12-13T15:50:00,valid,,0
ocds-pgraph-T-0859,T-0859,V-0229,17779892.22,2025-12-13T16:45:00,disqualified,EMD not submitted,0
ocds-pgraph-T-0860,T-0860,V-0053,9685666.43,2023-11-28T18:21:00,valid,,1
ocds-pgraph-T-0860,T-0860,V-S002,11123818.45,2023-11-28T15:00:00,valid,,0
ocds-pgraph-T-0860,T-0860,V-0033,11131244.14,2023-11-28T15:02:00,valid,,0
ocds-pgraph-T-0861,T-0861,V-0053,15341486.97,2026-06-26T10:13:00,valid,,1
ocds-pgraph-T-0861,T-0861,V-0229,18237331.2,2026-06-26T14:51:00,valid,,0
ocds-pgraph-T-0861,T-0861,V-S002,18278752.31,2026-06-26T14:15:00,valid,,0
ocds-pgraph-T-0862,T-0862,V-S002,17858334.74,2024-11-05T15:01:00,valid,,0
ocds-pgraph-T-0862,T-0862,V-0102,17873356.91,2024-11-05T10:27:00,valid,,0
ocds-pgraph-T-0862,T-0862,V-0229,17914155.21,2024-11-05T15:02:00,valid,,0
ocds-pgraph-T-0862,T-0862,V-0053,15169736.59,2024-11-05T13:20:00,valid,,1
ocds-pgraph-T-0863,T-0863,V-0053,15493116.44,2025-06-18T11:08:00,valid,,1
ocds-pgraph-T-0863,T-0863,V-0102,17908952.67,2025-06-18T10:31:00,valid,,0
ocds-pgraph-T-0863,T-0863,V-0033,17959745.95,2025-06-18T09:23:00,valid,,0
ocds-pgraph-T-0864,T-0864,V-0229,14390496.86,2026-03-16T16:32:00,valid,,0
ocds-pgraph-T-0864,T-0864,V-0053,12197855.78,2026-03-16T09:31:00,valid,,1
ocds-pgraph-T-0864,T-0864,V-0033,14421818.42,2026-03-16T16:03:00,valid,,0
ocds-pgraph-T-0864,T-0864,V-S002,14279852.46,2026-03-16T10:09:00,valid,,0
ocds-pgraph-T-0865,T-0865,V-0102,2533514.53,2024-06-21T17:42:00,valid,,0
ocds-pgraph-T-0865,T-0865,V-S002,2530353.24,2024-06-21T17:22:00,valid,,0
ocds-pgraph-T-0865,T-0865,V-0053,2223301.94,2024-06-21T11:45:00,valid,,1
ocds-pgraph-T-0865,T-0865,V-0229,2532828.14,2024-06-21T15:03:00,valid,,0
ocds-pgraph-T-0866,T-0866,V-0235,5935443.45,2025-12-26T13:23:00,valid,,1
ocds-pgraph-T-0866,T-0866,V-S003,7159422.17,2025-12-26T15:03:00,valid,,0
ocds-pgraph-T-0866,T-0866,V-0042,7157406.67,2025-12-26T15:00:00,disqualified,EMD not submitted,0
ocds-pgraph-T-0867,T-0867,V-0030,43988515.2,2025-03-17T15:01:00,valid,,0
ocds-pgraph-T-0867,T-0867,V-0235,36212384.52,2025-03-17T17:35:00,valid,,1
ocds-pgraph-T-0867,T-0867,V-0042,44071063.59,2025-03-17T11:04:00,valid,,0
ocds-pgraph-T-0868,T-0868,V-0030,37236255.89,2023-09-22T15:00:00,valid,,0
ocds-pgraph-T-0868,T-0868,V-0042,37163397.53,2023-09-22T15:02:00,valid,,0
ocds-pgraph-T-0868,T-0868,V-0235,30940755.05,2023-09-22T10:15:00,valid,,1
ocds-pgraph-T-0868,T-0868,V-S003,37276921.64,2023-09-22T10:14:00,valid,,0
ocds-pgraph-T-0869,T-0869,V-0030,29115289.32,2024-05-20T15:01:00,valid,,0
ocds-pgraph-T-0869,T-0869,V-0042,30501731.67,2024-05-20T15:01:00,valid,,0
ocds-pgraph-T-0869,T-0869,V-0235,27728846.97,2024-05-20T08:50:00,valid,,1
ocds-pgraph-T-0869,T-0869,V-S003,31888174.01,2024-05-20T09:06:00,valid,,0
ocds-pgraph-T-0871,T-0871,V-0030,11737482.04,2023-07-31T15:02:00,valid,,0
ocds-pgraph-T-0871,T-0871,V-0235,9627686.19,2023-07-31T14:57:00,valid,,1
ocds-pgraph-T-0871,T-0871,V-S003,11705412.74,2023-07-31T15:03:00,valid,,0
ocds-pgraph-T-0871,T-0871,V-0042,11750427.42,2023-07-31T08:58:00,valid,,0
ocds-pgraph-T-0872,T-0872,V-0235,16995083.34,2026-01-04T09:10:00,valid,,1
ocds-pgraph-T-0872,T-0872,V-0030,19919330.3,2026-01-04T15:02:00,disqualified,Bid form unsigned,0
ocds-pgraph-T-0872,T-0872,V-S003,20001571.31,2026-01-04T11:04:00,valid,,0
ocds-pgraph-T-0873,T-0873,V-0235,10589193.14,2023-12-26T10:32:00,valid,,1
ocds-pgraph-T-0873,T-0873,V-S003,12640345.39,2023-12-26T15:01:00,valid,,0
ocds-pgraph-T-0873,T-0873,V-0030,12626706.06,2023-12-26T15:01:00,valid,,0
ocds-pgraph-T-0873,T-0873,V-0042,12674081.66,2023-12-26T11:29:00,disqualified,Bid form unsigned,0
ocds-pgraph-T-0874,T-0874,V-S003,38746385.12,2024-05-30T15:05:00,valid,,0
ocds-pgraph-T-0874,T-0874,V-0235,36901319.16,2024-05-30T14:06:00,valid,,1
ocds-pgraph-T-0874,T-0874,V-0030,40591451.08,2024-05-30T18:27:00,valid,,0
ocds-pgraph-T-0874,T-0874,V-0042,42436517.04,2024-05-30T15:01:00,valid,,0
ocds-pgraph-T-0875,T-0875,V-0235,32761119.07,2024-05-03T13:55:00,valid,,1
ocds-pgraph-T-0875,T-0875,V-0030,39492873.05,2024-05-03T15:00:00,valid,,0
ocds-pgraph-T-0875,T-0875,V-0042,39384302.52,2024-05-03T15:02:00,valid,,0
ocds-pgraph-T-0876,T-0876,V-S003,32703296.82,2023-12-07T11:20:00,valid,,0
ocds-pgraph-T-0876,T-0876,V-0042,32535785.99,2023-12-07T14:29:00,valid,,0
ocds-pgraph-T-0876,T-0876,V-0235,27077923.18,2023-12-07T18:04:00,valid,,1
ocds-pgraph-T-0876,T-0876,V-0030,32736036.55,2023-12-07T15:00:00,valid,,0
ocds-pgraph-T-0877,T-0877,V-0042,6416605.96,2026-01-03T15:01:00,valid,,0
ocds-pgraph-T-0877,T-0877,V-0030,6414738.35,2026-01-03T10:07:00,valid,,0
ocds-pgraph-T-0877,T-0877,V-0235,5347713.72,2026-01-03T13:38:00,valid,,1
ocds-pgraph-T-0878,T-0878,V-S004,4532664.11,2024-11-01T15:01:00,valid,,0
ocds-pgraph-T-0878,T-0878,V-0029,3951509.47,2024-11-01T11:17:00,valid,,1
ocds-pgraph-T-0878,T-0878,V-0138,4531292.16,2024-11-01T16:51:00,valid,,0
ocds-pgraph-T-0879,T-0879,V-S004,4881678.55,2023-11-02T15:01:00,valid,,0
ocds-pgraph-T-0879,T-0879,V-0029,4130154.15,2023-11-02T13:57:00,valid,,1
ocds-pgraph-T-0879,T-0879,V-0138,4896681.47,2023-11-02T15:00:00,valid,,0
ocds-pgraph-T-0880,T-0880,V-0029,3779403.54,2025-03-17T11:49:00,valid,,1
ocds-pgraph-T-0880,T-0880,V-0080,4581484.31,2025-03-17T15:52:00,valid,,0
ocds-pgraph-T-0880,T-0880,V-0138,4576133.16,2025-03-17T11:30:00,valid,,0
ocds-pgraph-T-0882,T-0882,V-S004,3017225.71,2024-03-14T15:02:00,valid,,0
ocds-pgraph-T-0882,T-0882,V-0138,3018810.65,2024-03-14T15:00:00,valid,,0
ocds-pgraph-T-0882,T-0882,V-0029,2538234.3,2024-03-14T16:49:00,valid,,1
ocds-pgraph-T-0883,T-0883,V-0029,5546682.53,2025-11-29T15:38:00,valid,,1
ocds-pgraph-T-0883,T-0883,V-0080,6642788.48,2025-11-29T14:36:00,valid,,0
ocds-pgraph-T-0883,T-0883,V-S004,6605833.61,2025-11-29T08:56:00,valid,,0
ocds-pgraph-T-0884,T-0884,V-0138,7899805.79,2025-09-17T15:03:00,valid,,0
ocds-pgraph-T-0884,T-0884,V-S004,7858515.16,2025-09-17T15:02:00,valid,,0
ocds-pgraph-T-0884,T-0884,V-0080,7894142.03,2025-09-17T15:01:00,valid,,0
ocds-pgraph-T-0884,T-0884,V-0029,6711646.26,2025-09-17T11:04:00,valid,,1
ocds-pgraph-T-0885,T-0885,V-0138,3026223.76,2026-01-02T15:00:00,valid,,0
ocds-pgraph-T-0885,T-0885,V-S004,3029689.52,2026-01-02T13:39:00,valid,,0
ocds-pgraph-T-0885,T-0885,V-0029,2599844.8,2026-01-02T16:33:00,valid,,1
ocds-pgraph-T-0885,T-0885,V-0080,3022396.81,2026-01-02T14:59:00,valid,,0
ocds-pgraph-T-0886,T-0886,V-0138,3400439.41,2025-10-10T17:30:00,valid,,0
ocds-pgraph-T-0886,T-0886,V-0029,2924113.89,2025-10-10T16:52:00,valid,,1
ocds-pgraph-T-0886,T-0886,V-0080,3396422.16,2025-10-10T15:52:00,valid,,0
ocds-pgraph-T-0886,T-0886,V-S004,3384230.76,2025-10-10T15:34:00,valid,,0
ocds-pgraph-T-0887,T-0887,V-0029,1584331.74,2023-11-25T13:05:00,valid,,1
ocds-pgraph-T-0887,T-0887,V-0138,1859099.81,2023-11-25T15:02:00,valid,,0
ocds-pgraph-T-0887,T-0887,V-S004,1859271.74,2023-11-25T15:00:00,disqualified,Bid form unsigned,0
ocds-pgraph-T-0888,T-0888,V-0128,30511340.54,2024-09-11T10:08:00,valid,,0
ocds-pgraph-T-0888,T-0888,V-0204,29058419.56,2024-09-11T10:23:00,valid,,1
ocds-pgraph-T-0888,T-0888,V-0187,31964261.51,2024-09-11T15:00:00,valid,,0
ocds-pgraph-T-0889,T-0889,V-0187,43581262.88,2025-02-18T12:06:00,valid,,0
ocds-pgraph-T-0889,T-0889,V-0204,41505964.65,2025-02-18T13:16:00,valid,,1
ocds-pgraph-T-0889,T-0889,V-0128,45656561.12,2025-02-18T15:00:00,valid,,0
ocds-pgraph-T-0890,T-0890,V-0204,8273555.99,2024-05-13T19:00:00,valid,,1
ocds-pgraph-T-0890,T-0890,V-0128,9739912.82,2024-05-13T12:27:00,disqualified,EMD not submitted,0
ocds-pgraph-T-0890,T-0890,V-0187,9770566.37,2024-05-13T15:02:00,valid,,0
ocds-pgraph-T-0891,T-0891,V-0187,7068970.59,2023-09-18T15:48:00,valid,,0
ocds-pgraph-T-0891,T-0891,V-0204,6732352.94,2023-09-18T17:58:00,valid,,1
ocds-pgraph-T-0891,T-0891,V-0128,7405588.23,2023-09-18T15:02:00,valid,,0
ocds-pgraph-T-0892,T-0892,V-0128,25952934.86,2025-07-01T15:03:00,valid,,0
ocds-pgraph-T-0892,T-0892,V-0204,21395045.12,2025-07-01T12:11:00,valid,,1
ocds-pgraph-T-0892,T-0892,V-0187,26072558.31,2025-07-01T15:52:00,valid,,0
ocds-pgraph-T-0893,T-0893,V-0128,30020519.94,2025-03-20T12:09:00,valid,,0
ocds-pgraph-T-0893,T-0893,V-0187,31450068.51,2025-03-20T15:01:00,valid,,0
ocds-pgraph-T-0893,T-0893,V-0204,28590971.37,2025-03-20T09:22:00,valid,,1
ocds-pgraph-T-0894,T-0894,V-0187,23312224.49,2025-12-04T15:02:00,valid,,0
ocds-pgraph-T-0894,T-0894,V-0204,22202118.56,2025-12-04T16:07:00,valid,,1
ocds-pgraph-T-0894,T-0894,V-0128,24422330.41,2025-12-04T15:00:00,valid,,0
ocds-pgraph-T-0895,T-0895,V-0187,26772557.24,2025-06-24T15:01:00,valid,,0
ocds-pgraph-T-0895,T-0895,V-0128,28047440.92,2025-06-24T10:48:00,valid,,0
ocds-pgraph-T-0895,T-0895,V-0204,25497673.56,2025-06-24T17:40:00,valid,,1
ocds-pgraph-T-0896,T-0896,V-0093,1417070.43,2025-01-24T14:37:00,valid,,0
ocds-pgraph-T-0896,T-0896,V-0061,1409362.82,2025-01-24T17:15:00,valid,,0
ocds-pgraph-T-0896,T-0896,V-0155,1371265.35,2025-01-24T12:31:00,valid,,0
ocds-pgraph-T-0896,T-0896,V-0123,1329530.01,2025-01-24T09:21:00,valid,,1
ocds-pgraph-T-0897,T-0897,V-0061,6170417.24,2024-06-25T10:10:00,valid,,0
ocds-pgraph-T-0897,T-0897,V-0123,5988765.0,2024-06-25T13:57:00,valid,,0
ocds-pgraph-T-0897,T-0897,V-0093,5347227.32,2024-06-25T16:11:00,valid,,1
ocds-pgraph-T-0897,T-0897,V-0155,5571815.87,2024-06-25T18:36:00,valid,,0
ocds-pgraph-T-0898,T-0898,V-0093,1708399.08,2023-11-12T08:04:00,valid,,0
ocds-pgraph-T-0898,T-0898,V-0155,1583643.75,2023-11-12T09:41:00,valid,,1
ocds-pgraph-T-0898,T-0898,V-0123,1718548.19,2023-11-12T16:27:00,valid,,0
ocds-pgraph-T-0898,T-0898,V-0061,1696066.42,2023-11-12T17:29:00,valid,,0
ocds-pgraph-T-0899,T-0899,V-0123,12688064.43,2025-11-15T15:41:00,valid,,0
ocds-pgraph-T-0899,T-0899,V-0061,11307928.91,2025-11-15T13:32:00,valid,,1
ocds-pgraph-T-0899,T-0899,V-0093,12237938.73,2025-11-15T09:20:00,valid,,0
ocds-pgraph-T-0899,T-0899,V-0155,11778750.84,2025-11-15T13:09:00,valid,,0
ocds-pgraph-T-0900,T-0900,V-0093,1479409.89,2024-10-18T12:19:00,valid,,0
ocds-pgraph-T-0900,T-0900,V-0061,1532097.53,2024-10-18T11:10:00,valid,,0
ocds-pgraph-T-0900,T-0900,V-0123,1410972.05,2024-10-18T11:38:00,valid,,1
ocds-pgraph-T-0900,T-0900,V-0155,1609521.82,2024-10-18T11:39:00,valid,,0
ocds-pgraph-T-0901,T-0901,V-0123,6245209.25,2025-10-09T14:42:00,valid,,0
ocds-pgraph-T-0901,T-0901,V-0093,5395083.08,2025-10-09T13:29:00,valid,,1
ocds-pgraph-T-0901,T-0901,V-0061,5843847.62,2025-10-09T08:44:00,valid,,0
ocds-pgraph-T-0901,T-0901,V-0155,6141049.34,2025-10-09T14:00:00,valid,,0
ocds-pgraph-T-0902,T-0902,V-0061,7950752.54,2025-02-09T08:09:00,valid,,0
ocds-pgraph-T-0902,T-0902,V-0093,7870950.37,2025-02-09T14:01:00,valid,,0
ocds-pgraph-T-0902,T-0902,V-0155,7073341.94,2025-02-09T12:39:00,valid,,1
ocds-pgraph-T-0902,T-0902,V-0123,7488835.34,2025-02-09T09:26:00,valid,,0
ocds-pgraph-T-0903,T-0903,V-0093,11166374.97,2023-08-14T08:59:00,valid,,0
ocds-pgraph-T-0903,T-0903,V-0155,10979548.92,2023-08-14T10:08:00,valid,,0
ocds-pgraph-T-0903,T-0903,V-0061,10408390.43,2023-08-14T16:37:00,valid,,1
ocds-pgraph-T-0903,T-0903,V-0123,11061646.49,2023-08-14T11:19:00,valid,,0
ocds-pgraph-T-0904,T-0904,V-0093,7084159.87,2023-12-22T11:02:00,valid,,0
ocds-pgraph-T-0904,T-0904,V-0155,7560321.61,2023-12-22T18:11:00,valid,,0
ocds-pgraph-T-0904,T-0904,V-0123,6631456.15,2023-12-22T16:59:00,valid,,1
ocds-pgraph-T-0904,T-0904,V-0061,6868908.42,2023-12-22T15:30:00,valid,,0
ocds-pgraph-T-0906,T-0906,V-0123,1324037.62,2026-08-02T14:50:00,valid,,0
ocds-pgraph-T-0906,T-0906,V-0061,1357945.27,2026-08-02T14:06:00,valid,,0
ocds-pgraph-T-0906,T-0906,V-0093,1439621.05,2026-08-02T09:15:00,valid,,0
ocds-pgraph-T-0906,T-0906,V-0155,1284276.86,2026-08-02T12:55:00,valid,,1
ocds-pgraph-T-0907,T-0907,V-0208,4300982.63,2025-09-27T10:22:00,valid,,0
ocds-pgraph-T-0907,T-0907,V-0211,4170062.95,2025-09-27T09:55:00,valid,,0
ocds-pgraph-T-0907,T-0907,V-0144,4068459.16,2025-09-27T15:04:00,valid,,0
ocds-pgraph-T-0907,T-0907,V-0111,4322203.99,2025-09-27T14:50:00,valid,,0
ocds-pgraph-T-0907,T-0907,V-0073,3941045.45,2025-09-27T12:53:00,valid,,1
ocds-pgraph-T-0908,T-0908,V-0144,6297534.54,2023-11-23T15:57:00,valid,,0
ocds-pgraph-T-0908,T-0908,V-0073,6642575.26,2023-11-23T09:24:00,valid,,0
ocds-pgraph-T-0908,T-0908,V-0211,6665682.84,2023-11-23T14:25:00,valid,,0
ocds-pgraph-T-0908,T-0908,V-0111,6035232.95,2023-11-23T13:45:00,valid,,0
ocds-pgraph-T-0908,T-0908,V-0208,5781652.12,2023-11-23T11:49:00,valid,,1
ocds-pgraph-T-0909,T-0909,V-0208,1528517.18,2023-03-24T17:26:00,valid,,0
ocds-pgraph-T-0909,T-0909,V-0211,1320543.5,2023-03-24T15:16:00,valid,,1
ocds-pgraph-T-0909,T-0909,V-0144,1413606.62,2023-03-24T16:27:00,valid,,0
ocds-pgraph-T-0909,T-0909,V-0111,1383594.94,2023-03-24T08:59:00,valid,,0
ocds-pgraph-T-0909,T-0909,V-0073,1391631.0,2023-03-24T09:05:00,valid,,0
ocds-pgraph-T-0910,T-0910,V-0073,5232579.05,2024-05-23T09:08:00,valid,,0
ocds-pgraph-T-0910,T-0910,V-0111,5663121.14,2024-05-23T09:15:00,valid,,0
ocds-pgraph-T-0910,T-0910,V-0211,5379956.49,2024-05-23T13:04:00,valid,,0
ocds-pgraph-T-0910,T-0910,V-0144,4969530.56,2024-05-23T15:24:00,valid,,1
ocds-pgraph-T-0910,T-0910,V-0208,5496520.59,2024-05-23T12:12:00,valid,,0
ocds-pgraph-T-0912,T-0912,V-0211,1117860.79,2024-10-26T15:16:00,valid,,0
ocds-pgraph-T-0912,T-0912,V-0208,1200186.9,2024-10-26T13:13:00,valid,,0
ocds-pgraph-T-0912,T-0912,V-0144,1249872.3,2024-10-26T10:07:00,valid,,0
ocds-pgraph-T-0912,T-0912,V-0111,1177705.97,2024-10-26T08:48:00,valid,,0
ocds-pgraph-T-0912,T-0912,V-0073,1078613.44,2024-10-26T16:11:00,valid,,1
ocds-pgraph-T-0913,T-0913,V-0073,5347274.17,2024-01-06T15:44:00,valid,,0
ocds-pgraph-T-0913,T-0913,V-0111,5706614.83,2024-01-06T12:55:00,valid,,0
ocds-pgraph-T-0913,T-0913,V-0208,5141888.64,2024-01-06T12:31:00,valid,,1
ocds-pgraph-T-0913,T-0913,V-0144,5821879.92,2024-01-06T15:23:00,valid,,0
ocds-pgraph-T-0913,T-0913,V-0211,5488070.45,2024-01-06T11:20:00,valid,,0
ocds-pgraph-T-0914,T-0914,V-0111,4789357.86,2026-06-25T11:06:00,valid,,0
ocds-pgraph-T-0914,T-0914,V-0073,4811765.65,2026-06-25T17:09:00,valid,,0
ocds-pgraph-T-0914,T-0914,V-0208,5285585.24,2026-06-25T12:41:00,valid,,0
ocds-pgraph-T-0914,T-0914,V-0211,4641783.26,2026-06-25T09:06:00,valid,,1
ocds-pgraph-T-0914,T-0914,V-0144,5143536.94,2026-06-25T09:24:00,valid,,0
ocds-pgraph-T-0915,T-0915,V-0144,3933673.15,2025-09-12T11:08:00,valid,,1
ocds-pgraph-T-0915,T-0915,V-0073,4175405.51,2025-09-12T12:15:00,valid,,0
ocds-pgraph-T-0915,T-0915,V-0211,4446884.15,2025-09-12T14:16:00,valid,,0
ocds-pgraph-T-0915,T-0915,V-0111,4467837.8,2025-09-12T09:29:00,valid,,0
ocds-pgraph-T-0915,T-0915,V-0208,4156754.06,2025-09-12T08:32:00,valid,,0
ocds-pgraph-T-0916,T-0916,V-0111,4025096.99,2023-08-16T11:22:00,valid,,1
ocds-pgraph-T-0916,T-0916,V-0208,4252802.45,2023-08-16T08:57:00,valid,,0
ocds-pgraph-T-0916,T-0916,V-0211,4439116.73,2023-08-16T18:54:00,valid,,0
ocds-pgraph-T-0916,T-0916,V-0073,4641742.26,2023-08-16T09:28:00,valid,,0
ocds-pgraph-T-0916,T-0916,V-0144,4529714.98,2023-08-16T08:00:00,valid,,0
ocds-pgraph-T-0917,T-0917,V-0211,3563593.16,2023-10-01T16:44:00,valid,,0
ocds-pgraph-T-0917,T-0917,V-0144,3507013.98,2023-10-01T10:37:00,valid,,0
ocds-pgraph-T-0917,T-0917,V-0111,3387608.36,2023-10-01T14:26:00,valid,,0
ocds-pgraph-T-0917,T-0917,V-0208,3591818.9,2023-10-01T17:23:00,valid,,0
ocds-pgraph-T-0917,T-0917,V-0073,3102533.77,2023-10-01T08:15:00,valid,,1
ocds-pgraph-T-0918,T-0918,V-0111,6767803.75,2024-01-15T10:40:00,valid,,0
ocds-pgraph-T-0918,T-0918,V-0208,6555176.05,2024-01-15T14:33:00,valid,,1
ocds-pgraph-T-0918,T-0918,V-0211,7432429.97,2024-01-15T11:48:00,valid,,0
ocds-pgraph-T-0918,T-0918,V-0144,7338897.97,2024-01-15T11:06:00,valid,,0
ocds-pgraph-T-0918,T-0918,V-0073,6987406.02,2024-01-15T08:13:00,valid,,0
ocds-pgraph-T-0919,T-0919,V-0231,2532558.54,2024-05-04T09:04:00,valid,,0
ocds-pgraph-T-0919,T-0919,V-0181,2248255.76,2024-05-04T18:52:00,valid,,1
ocds-pgraph-T-0919,T-0919,V-0003,2328142.71,2024-05-04T18:18:00,valid,,0
ocds-pgraph-T-0919,T-0919,V-0026,2382137.83,2024-05-04T13:23:00,valid,,0
ocds-pgraph-T-0920,T-0920,V-0231,1284875.41,2024-07-27T08:36:00,valid,,0
ocds-pgraph-T-0920,T-0920,V-0003,1179795.29,2024-07-27T14:46:00,valid,,0
ocds-pgraph-T-0920,T-0920,V-0026,1174058.0,2024-07-27T15:43:00,valid,,0
ocds-pgraph-T-0920,T-0920,V-0181,1139151.76,2024-07-27T15:35:00,valid,,1
ocds-pgraph-T-0921,T-0921,V-0026,3518083.37,2023-04-18T11:59:00,valid,,0
ocds-pgraph-T-0921,T-0921,V-0003,3587528.36,2023-04-18T15:30:00,valid,,0
ocds-pgraph-T-0921,T-0921,V-0181,3093364.23,2023-04-18T10:08:00,valid,,1
ocds-pgraph-T-0921,T-0921,V-0231,3511461.25,2023-04-18T14:37:00,valid,,0
ocds-pgraph-T-0922,T-0922,V-0181,4163327.31,2023-05-20T14:32:00,valid,,1
ocds-pgraph-T-0922,T-0922,V-0026,4380668.5,2023-05-20T09:14:00,valid,,0
ocds-pgraph-T-0922,T-0922,V-0003,4513137.38,2023-05-20T15:58:00,valid,,0
ocds-pgraph-T-0922,T-0922,V-0231,4731661.48,2023-05-20T14:21:00,valid,,0
ocds-pgraph-T-0923,T-0923,V-0231,2540657.56,2024-05-17T11:32:00,valid,,1
ocds-pgraph-T-0923,T-0923,V-0026,2929123.45,2024-05-17T10:35:00,valid,,0
ocds-pgraph-T-0923,T-0923,V-0181,2777401.15,2024-05-17T11:23:00,valid,,0
ocds-pgraph-T-0923,T-0923,V-0003,2880750.18,2024-05-17T11:42:00,valid,,0
ocds-pgraph-T-0924,T-0924,V-0231,2554475.18,2025-06-12T12:34:00,valid,,0
ocds-pgraph-T-0924,T-0924,V-0003,2774041.23,2025-06-12T09:08:00,valid,,0
ocds-pgraph-T-0924,T-0924,V-0026,2407737.16,2025-06-12T09:07:00,valid,,1
ocds-pgraph-T-0924,T-0924,V-0181,2725636.45,2025-06-12T10:11:00,valid,,0
ocds-pgraph-T-0925,T-0925,V-0003,2723510.43,2024-08-04T11:46:00,valid,,0
ocds-pgraph-T-0925,T-0925,V-0181,2463140.36,2024-08-04T16:51:00,valid,,1
ocds-pgraph-T-0925,T-0925,V-0026,2537473.11,2024-08-04T18:53:00,valid,,0
ocds-pgraph-T-0925,T-0925,V-0231,2737783.41,2024-08-04T08:11:00,valid,,0
ocds-pgraph-T-0926,T-0926,V-0181,874804.31,2024-10-24T14:43:00,valid,,1
ocds-pgraph-T-0926,T-0926,V-0003,931105.55,2024-10-24T17:39:00,valid,,0
ocds-pgraph-T-0926,T-0926,V-0231,998851.61,2024-10-24T18:21:00,valid,,0
ocds-pgraph-T-0926,T-0926,V-0026,969109.24,2024-10-24T17:07:00,valid,,0
ocds-pgraph-T-0927,T-0927,V-0003,4797350.96,2024-10-16T17:13:00,valid,,1
ocds-pgraph-T-0927,T-0927,V-0181,5485535.58,2024-10-16T17:09:00,valid,,0
ocds-pgraph-T-0927,T-0927,V-0026,5062410.74,2024-10-16T11:17:00,valid,,0
ocds-pgraph-T-0927,T-0927,V-0231,5101049.16,2024-10-16T15:12:00,valid,,0
ocds-pgraph-T-0928,T-0928,V-0026,2049237.74,2026-02-14T15:31:00,valid,,1
ocds-pgraph-T-0928,T-0928,V-0003,2360470.82,2026-02-14T12:34:00,valid,,0
ocds-pgraph-T-0928,T-0928,V-0181,2235355.11,2026-02-14T09:18:00,valid,,0
ocds-pgraph-T-0928,T-0928,V-0231,2176971.6,2026-02-14T14:05:00,valid,,0
ocds-pgraph-T-0929,T-0929,V-0231,1847701.1,2025-01-28T09:25:00,valid,,0
ocds-pgraph-T-0929,T-0929,V-0026,1853901.58,2025-01-28T12:14:00,valid,,0
ocds-pgraph-T-0929,T-0929,V-0003,1838113.51,2025-01-28T11:19:00,valid,,0
ocds-pgraph-T-0929,T-0929,V-0181,1669946.59,2025-01-28T18:19:00,valid,,1
ocds-pgraph-T-0930,T-0930,V-0003,2552796.05,2023-09-11T09:00:00,valid,,0
ocds-pgraph-T-0930,T-0930,V-0181,2501290.15,2023-09-11T15:43:00,valid,,0
ocds-pgraph-T-0930,T-0930,V-0026,2359690.37,2023-09-11T08:59:00,valid,,1
ocds-pgraph-T-0930,T-0930,V-0231,2605049.45,2023-09-11T12:20:00,valid,,0
ocds-pgraph-T-0931,T-0931,V-0231,953228.45,2024-08-07T13:30:00,valid,,1
ocds-pgraph-T-0931,T-0931,V-0181,1104400.14,2024-08-07T15:59:00,valid,,0
ocds-pgraph-T-0931,T-0931,V-0003,1085122.64,2024-08-07T15:54:00,valid,,0
ocds-pgraph-T-0931,T-0931,V-0026,1032450.48,2024-08-07T15:58:00,valid,,0
ocds-pgraph-T-0932,T-0932,V-0003,1758145.07,2025-09-05T17:29:00,valid,,0
ocds-pgraph-T-0932,T-0932,V-0181,1618339.34,2025-09-05T09:57:00,valid,,0
ocds-pgraph-T-0932,T-0932,V-0231,1532085.99,2025-09-05T17:18:00,valid,,1
ocds-pgraph-T-0932,T-0932,V-0026,1750761.02,2025-09-05T11:12:00,valid,,0
ocds-pgraph-T-0933,T-0933,V-0231,951005.47,2024-04-30T15:34:00,valid,,1
ocds-pgraph-T-0933,T-0933,V-0181,1026511.44,2024-04-30T17:29:00,valid,,0
ocds-pgraph-T-0933,T-0933,V-0026,981505.45,2024-04-30T08:26:00,valid,,0
ocds-pgraph-T-0933,T-0933,V-0003,1100362.25,2024-04-30T08:33:00,valid,,0
ocds-pgraph-T-0934,T-0934,V-0026,962472.96,2026-04-22T13:09:00,valid,,0
ocds-pgraph-T-0934,T-0934,V-0231,969620.79,2026-04-22T11:02:00,valid,,0
ocds-pgraph-T-0934,T-0934,V-0181,854252.04,2026-04-22T10:19:00,valid,,1
ocds-pgraph-T-0934,T-0934,V-0003,893175.68,2026-04-22T08:31:00,valid,,0
ocds-pgraph-T-0935,T-0935,V-0003,1208627.61,2026-01-14T14:33:00,valid,,0
ocds-pgraph-T-0935,T-0935,V-0181,1196383.49,2026-01-14T10:08:00,valid,,0
ocds-pgraph-T-0935,T-0935,V-0231,1045202.8,2026-01-14T12:22:00,valid,,1
ocds-pgraph-T-0935,T-0935,V-0026,1119337.12,2026-01-14T14:29:00,valid,,0
ocds-pgraph-T-0936,T-0936,V-0003,522735.64,2024-11-30T15:06:00,valid,,0
ocds-pgraph-T-0936,T-0936,V-0231,460063.53,2024-11-30T14:33:00,valid,,1
ocds-pgraph-T-0936,T-0936,V-0181,521237.55,2024-11-30T09:42:00,valid,,0
ocds-pgraph-T-0936,T-0936,V-0026,530964.49,2024-11-30T17:25:00,valid,,0
ocds-pgraph-T-0937,T-0937,V-S007,9074691.54,2025-05-16T18:45:00,valid,,1
ocds-pgraph-T-0937,T-0937,V-0045,10211054.31,2025-05-16T14:39:00,valid,,0
ocds-pgraph-T-0937,T-0937,V-0140,9492705.86,2025-05-16T10:13:00,valid,,0
ocds-pgraph-T-0938,T-0938,V-S007,8459297.59,2025-02-12T08:52:00,valid,,1
ocds-pgraph-T-0938,T-0938,V-0045,8746216.12,2025-02-12T18:43:00,valid,,0
ocds-pgraph-T-0938,T-0938,V-0239,8892696.82,2025-02-12T17:57:00,valid,,0
ocds-pgraph-T-0939,T-0939,V-S008,3461482.24,2025-04-21T13:38:00,valid,,1
ocds-pgraph-T-0939,T-0939,V-0010,3644208.67,2025-04-21T18:09:00,valid,,0
ocds-pgraph-T-0939,T-0939,V-S005,4152984.9,2025-04-21T12:30:00,valid,,0
ocds-pgraph-T-0940,T-0940,V-S008,5276751.13,2025-12-02T16:35:00,valid,,1
ocds-pgraph-T-0940,T-0940,V-S005,5612680.93,2025-12-02T18:55:00,valid,,0
ocds-pgraph-T-0940,T-0940,V-0010,6748349.91,2025-12-02T09:10:00,valid,,0
ocds-pgraph-T-0941,T-0941,V-S008,4958759.1,2025-04-12T15:33:00,valid,,1
ocds-pgraph-T-0941,T-0941,V-0010,5619590.64,2025-04-12T17:52:00,valid,,0
ocds-pgraph-T-0941,T-0941,V-S005,5242806.27,2025-04-12T16:49:00,valid,,0
ocds-pgraph-T-0942,T-0942,V-Y001,246205.51,2026-05-07T17:55:00,valid,,1
ocds-pgraph-T-0942,T-0942,V-0111,256842.62,2026-05-07T15:49:00,valid,,0
ocds-pgraph-T-0942,T-0942,V-0144,297002.01,2026-05-07T18:46:00,valid,,0
ocds-pgraph-T-0942,T-0942,V-S002,314298.53,2026-05-07T15:06:00,valid,,0
ocds-pgraph-T-0943,T-0943,V-Y001,284890.33,2026-02-26T10:36:00,valid,,1
ocds-pgraph-T-0943,T-0943,V-0144,340108.06,2026-02-26T13:54:00,valid,,0
ocds-pgraph-T-0943,T-0943,V-0208,342998.08,2026-02-26T08:42:00,valid,,0
ocds-pgraph-T-0943,T-0943,V-S002,296748.08,2026-02-26T17:08:00,valid,,0
ocds-pgraph-T-0944,T-0944,V-Y002,25286.33,2026-06-02T11:31:00,valid,,1
ocds-pgraph-T-0944,T-0944,V-0197,28746.03,2026-06-02T10:38:00,valid,,0
ocds-pgraph-T-0944,T-0944,V-0156,29515.94,2026-06-02T10:09:00,valid,,0
ocds-pgraph-T-0944,T-0944,V-0021,31941.39,2026-06-02T17:46:00,valid,,0
ocds-pgraph-T-0945,T-0945,V-Y002,49790.52,2025-11-15T12:29:00,valid,,1
ocds-pgraph-T-0945,T-0945,V-0156,54709.27,2025-11-15T17:00:00,valid,,0
ocds-pgraph-T-0945,T-0945,V-0149,50488.88,2025-11-15T14:47:00,valid,,0
ocds-pgraph-T-0945,T-0945,V-0210,57444.63,2025-11-15T16:24:00,valid,,0
ocds-pgraph-T-0946,T-0946,V-Y004,8945029.99,2025-10-16T13:19:00,valid,,1
ocds-pgraph-T-0946,T-0946,V-0239,10758068.96,2025-10-16T16:20:00,valid,,0
ocds-pgraph-T-0946,T-0946,V-0034,10325307.43,2025-10-16T16:57:00,valid,,0
ocds-pgraph-T-0946,T-0946,V-0091,9506840.45,2025-10-16T16:20:00,valid,,0
ocds-pgraph-T-0947,T-0947,V-Y004,5410204.71,2026-02-08T10:22:00,valid,,1
ocds-pgraph-T-0947,T-0947,V-0046,5560771.1,2026-02-08T09:44:00,valid,,0
ocds-pgraph-T-0947,T-0947,V-0034,6030564.01,2026-02-08T11:58:00,valid,,0
ocds-pgraph-T-0947,T-0947,V-0239,6720956.71,2026-02-08T10:24:00,valid,,0
ocds-pgraph-T-0948,T-0948,V-Y004,10649095.79,2026-07-30T13:32:00,valid,,1
ocds-pgraph-T-0948,T-0948,V-0034,12332261.48,2026-07-30T11:55:00,valid,,0
ocds-pgraph-T-0948,T-0948,V-0239,12180059.57,2026-07-30T17:04:00,valid,,0
ocds-pgraph-T-0948,T-0948,V-0091,11025155.45,2026-07-30T18:56:00,valid,,0
ocds-pgraph-T-0949,T-0949,V-Y005,743248.83,2026-05-04T14:08:00,valid,,1
ocds-pgraph-T-0949,T-0949,V-0092,758553.67,2026-05-04T11:55:00,valid,,0
ocds-pgraph-T-0949,T-0949,V-0154,829330.04,2026-05-04T12:13:00,valid,,0
ocds-pgraph-T-0949,T-0949,V-0087,886502.17,2026-05-04T10:47:00,valid,,0
ocds-pgraph-T-0950,T-0950,V-Y006,3376674.63,2026-01-30T16:59:00,valid,,1
ocds-pgraph-T-0950,T-0950,V-0118,4339753.5,2026-01-30T12:34:00,valid,,0
ocds-pgraph-T-0950,T-0950,V-0218,4131969.78,2026-01-30T17:50:00,valid,,0
ocds-pgraph-T-0950,T-0950,V-0123,3465746.23,2026-01-30T16:10:00,valid,,0
ocds-pgraph-T-0952,T-0952,V-Y006,4161386.1,2025-09-20T17:01:00,valid,,1
ocds-pgraph-T-0952,T-0952,V-0118,4556594.1,2025-09-20T11:52:00,valid,,0
ocds-pgraph-T-0952,T-0952,V-0155,4745727.66,2025-09-20T11:27:00,valid,,0
ocds-pgraph-T-0952,T-0952,V-0123,4633900.54,2025-09-20T15:51:00,valid,,0
ocds-pgraph-T-0953,T-0953,V-Y008,42400238.24,2026-03-27T08:00:00,valid,,1
ocds-pgraph-T-0953,T-0953,V-0214,54059372.02,2026-03-27T15:29:00,valid,,0
ocds-pgraph-T-0953,T-0953,V-0106,43686080.97,2026-03-27T10:48:00,valid,,0
ocds-pgraph-T-0953,T-0953,V-0049,52715608.74,2026-03-27T12:36:00,valid,,0
ocds-pgraph-T-0954,T-0954,V-Y008,31851991.0,2026-04-10T13:30:00,valid,,1
ocds-pgraph-T-0954,T-0954,V-0049,38059633.66,2026-04-10T17:01:00,valid,,0
ocds-pgraph-T-0954,T-0954,V-0106,41300193.19,2026-04-10T10:42:00,valid,,0
ocds-pgraph-T-0954,T-0954,V-0214,39371757.09,2026-04-10T09:17:00,valid,,0
ocds-pgraph-T-0955,T-0955,V-SPV01,2824546.28,2025-12-30T09:09:00,valid,,1
ocds-pgraph-T-0955,T-0955,V-0086,3295610.41,2025-12-30T11:20:00,valid,,0
ocds-pgraph-T-0955,T-0955,V-0146,3183375.65,2025-12-30T12:24:00,valid,,0
ocds-pgraph-T-0955,T-0955,V-0072,3194890.25,2025-12-30T16:07:00,valid,,0
ocds-pgraph-T-0956,T-0956,V-SPV01,1640626.53,2025-06-27T15:00:00,valid,,1
ocds-pgraph-T-0956,T-0956,V-0217,2024864.29,2025-06-27T13:02:00,valid,,0
ocds-pgraph-T-0956,T-0956,V-0009,1668790.52,2025-06-27T10:35:00,valid,,0
ocds-pgraph-T-0956,T-0956,V-0117,1687106.39,2025-06-27T16:07:00,valid,,0
ocds-pgraph-T-0957,T-0957,V-0128,1367610.46,2026-03-06T09:28:00,valid,,1
ocds-pgraph-T-0958,T-0958,V-0128,1376751.35,2026-03-20T11:30:00,valid,,1
ocds-pgraph-T-0959,T-0959,V-0128,1593756.11,2026-04-05T09:52:00,valid,,1
ocds-pgraph-T-0960,T-0960,V-0128,1675577.21,2026-04-19T18:39:00,valid,,1
ocds-pgraph-T-0961,T-0961,V-0075,2064087.62,2024-08-01T14:59:00,valid,,1
ocds-pgraph-T-0962,T-0962,V-0075,1952615.48,2024-07-29T16:49:00,valid,,1
ocds-pgraph-T-0963,T-0963,V-0075,1859835.73,2024-08-08T12:52:00,valid,,1
ocds-pgraph-T-0964,T-0964,V-0075,2195455.92,2024-08-31T17:06:00,valid,,1
ocds-pgraph-T-0965,T-0965,V-0075,1900000.58,2024-09-07T10:05:00,valid,,1
ocds-pgraph-T-0966,T-0966,V-0005,4547828.3,2025-04-16T13:07:00,valid,,1
ocds-pgraph-T-0967,T-0967,V-0005,3893295.46,2025-05-04T16:59:00,valid,,1
ocds-pgraph-T-0968,T-0968,V-0005,3740776.39,2025-05-27T10:07:00,valid,,1
ocds-pgraph-T-0969,T-0969,V-0005,3733463.61,2025-06-05T08:43:00,valid,,1
ocds-pgraph-T-0970,T-0970,V-0005,4373432.29,2025-06-06T13:16:00,valid,,1
ocds-pgraph-T-0971,T-0971,V-0155,1025695.19,2025-08-20T08:55:00,valid,,1
ocds-pgraph-T-0972,T-0972,V-0155,1082659.01,2025-09-04T12:52:00,valid,,1
ocds-pgraph-T-0973,T-0973,V-0155,1051254.35,2025-09-26T18:37:00,valid,,1
ocds-pgraph-T-0974,T-0974,V-0155,991909.91,2025-10-13T09:43:00,valid,,1
ocds-pgraph-T-0975,T-0975,V-0155,929792.78,2025-09-26T17:57:00,valid,,1
ocds-pgraph-T-0976,T-0976,V-0038,5326919.41,2022-11-15T13:42:00,valid,,1
ocds-pgraph-T-0977,T-0977,V-0038,8021162.3,2023-10-24T09:17:00,valid,,1
ocds-pgraph-T-0978,T-0978,V-0038,1903823.65,2024-10-15T13:48:00,valid,,1
ocds-pgraph-T-0979,T-0979,V-0038,1902594.2,2025-09-30T13:50:00,valid,,1
ocds-pgraph-T-0980,T-0980,V-0223,26118258.24,2025-08-22T16:32:00,valid,,0
ocds-pgraph-T-0980,T-0980,V-0028,24065698.84,2025-08-22T14:00:00,valid,,1
ocds-pgraph-T-0981,T-0981,V-0099,15959835.64,2025-08-20T08:18:00,valid,,0
ocds-pgraph-T-0981,T-0981,V-S010,12752948.84,2025-08-20T15:03:00,valid,,1
ocds-pgraph-T-0981,T-0981,V-0115,13159832.65,2025-08-20T10:00:00,valid,,0
ocds-pgraph-T-0982,T-0982,V-0172,21382855.02,2025-09-24T13:12:00,valid,,0
ocds-pgraph-T-0982,T-0982,V-0026,21080563.49,2025-09-24T08:25:00,valid,,1
ocds-pgraph-T-0983,T-0983,V-0138,92372451.69,2025-09-01T16:49:00,valid,,1
ocds-pgraph-T-0983,T-0983,V-0125,104180356.12,2025-09-01T10:11:00,valid,,0
ocds-pgraph-T-0984,T-0984,V-0217,3181803.4,2024-10-25T10:46:00,valid,,1
ocds-pgraph-T-0985,T-0985,V-0217,23757756.98,2025-04-11T08:41:00,valid,,1
ocds-pgraph-T-0986,T-0986,V-0217,14066836.74,2025-01-31T08:04:00,valid,,1
ocds-pgraph-T-0987,T-0987,V-0217,26623063.14,2025-08-12T13:44:00,valid,,1
ocds-pgraph-T-0988,T-0988,V-0217,6673882.85,2024-08-26T17:26:00,valid,,1
ocds-pgraph-T-0989,T-0989,V-0217,5774481.08,2026-08-18T13:24:00,valid,,1
ocds-pgraph-T-0990,T-0990,V-0239,7525789.71,2024-02-20T16:54:00,valid,,0
ocds-pgraph-T-0990,T-0990,V-0140,10699390.21,2024-02-20T12:21:00,valid,,1
ocds-pgraph-T-0991,T-0991,V-0062,715683.74,2024-07-20T14:23:00,valid,,0
ocds-pgraph-T-0991,T-0991,V-0069,1093940.68,2024-07-20T14:32:00,valid,,1
ocds-pgraph-T-0991,T-0991,V-0140,715445.02,2024-07-20T08:21:00,valid,,0
ocds-pgraph-T-0991,T-0991,V-0239,779393.26,2024-07-20T11:35:00,valid,,0
ocds-pgraph-T-0992,T-0992,V-0219,15519578.56,2025-03-17T14:51:00,valid,,1
ocds-pgraph-T-0992,T-0992,V-0051,8412338.73,2025-03-17T17:15:00,valid,,0
ocds-pgraph-T-0993,T-0993,V-0029,3120818.69,2024-07-31T11:10:00,valid,,0
ocds-pgraph-T-0993,T-0993,V-0099,5114214.79,2024-07-31T13:01:00,valid,,1
ocds-pgraph-T-0994,T-0994,V-0071,2410207.98,2026-05-06T12:36:00,valid,,0
ocds-pgraph-T-0994,T-0994,V-0187,4682132.06,2026-05-06T17:46:00,valid,,1
ocds-pgraph-T-0995,T-0995,V-0056,646787.03,2025-02-26T16:10:00,valid,,0
ocds-pgraph-T-0995,T-0995,V-0231,558046.14,2025-02-26T17:27:00,valid,,0
ocds-pgraph-T-0995,T-0995,V-0119,807898.96,2025-02-26T12:11:00,valid,,1
ocds-pgraph-T-0995,T-0995,V-0120,552984.45,2025-02-26T15:27:00,valid,,0
ocds-pgraph-T-0996,T-0996,V-0050,9915637.27,2024-09-27T14:54:00,valid,,0
ocds-pgraph-T-0996,T-0996,V-0021,13008896.43,2024-09-27T13:41:00,valid,,1
ocds-pgraph-T-0997,T-0997,V-Y003,1140241.7,2025-08-01T10:23:00,valid,,0
ocds-pgraph-T-0997,T-0997,V-S004,2056908.35,2025-08-01T14:06:00,valid,,1
ocds-pgraph-T-0998,T-0998,V-0168,37578726.47,2023-09-25T16:25:00,valid,,1
ocds-pgraph-T-0998,T-0998,V-0226,24833055.18,2023-09-25T08:12:00,valid,,0
ocds-pgraph-T-0999,T-0999,V-0181,3397279.25,2025-03-19T18:18:00,valid,,1
ocds-pgraph-T-0999,T-0999,V-0069,1728409.5,2025-03-19T11:06:00,valid,,0
ocds-pgraph-T-0999,T-0999,V-0169,1991041.24,2025-03-19T16:49:00,valid,,0
ocds-pgraph-T-1000,T-1000,V-0225,9191765.57,2024-11-28T11:21:00,valid,,0
ocds-pgraph-T-1000,T-1000,V-0190,14368033.52,2024-11-28T13:42:00,valid,,1
ocds-pgraph-T-1000,T-1000,V-Y002,7765279.1,2024-11-28T08:07:00,valid,,0
ocds-pgraph-T-1001,T-1001,V-0157,37490507.7,2024-05-28T08:58:00,valid,,0
ocds-pgraph-T-1001,T-1001,V-0072,56796738.55,2024-05-28T12:02:00,valid,,1
ocds-pgraph-T-1001,T-1001,V-0094,37426226.88,2024-05-28T13:30:00,valid,,0
ocds-pgraph-T-1003,T-1003,V-0010,1969618.47,2025-07-26T15:09:00,valid,,0
ocds-pgraph-T-1003,T-1003,V-S005,2929739.4,2025-07-26T11:16:00,valid,,1
ocds-pgraph-T-1003,T-1003,V-0193,1862905.37,2025-07-26T12:32:00,valid,,0
ocds-pgraph-T-1003,T-1003,V-0192,1980136.16,2025-07-26T10:52:00,valid,,0
