ocid,tender_id,lot,buyer_id,title,category_code,category_label,procurement_kind,procurement_method,publish_date,tender_period_days,estimate_value,quantity,unit,scope_metric_value,scope_metric_unit,n_bids_published,bids_published,status,award_id,awarded_vendor_id,awarded_value,award_date,emergency_declared,proprietary_certificate,framework_ref,reserved_for_mse,justification_note,scenario_truth
ocds-pgraph-T-0001,T-0001,1,B-026,Laptop and IT hardware supply - Sambalpur (Jul 2024),laptops_it,Laptop and IT hardware supply,goods,open,2024-07-11,10,32583932.7,707,unit,707,unit,4,1,complete,A-0001,V-0046,28170331.14,2024-08-11,0,0,,0,,competitive
ocds-pgraph-T-0002,T-0002,1,B-026,Manned security services - Sambalpur (Nov 2023),security_services,Manned security services,services,open,2023-11-02,14,8448105.95,376,man-month,376,man-month,1,1,complete,A-0002,V-0048,8369416.87,2023-12-17,0,0,,0,,competitive
ocds-pgraph-T-0003,T-0003,1,B-026,Laptop and IT hardware supply - Sambalpur (Nov 2023),laptops_it,Laptop and IT hardware supply,goods,open,2023-11-24,21,9785523.98,219,unit,219,unit,4,1,complete,A-0003,V-0046,8159243.96,2024-01-20,0,0,,0,,competitive
ocds-pgraph-T-0004,T-0004,1,B-026,Manned security services - Sambalpur (Nov 2025),security_services,Manned security services,services,open,2025-11-10,14,11992577.38,506,man-month,506,man-month,3,1,complete,A-0004,V-0048,10317577.4,2025-12-05,0,0,,0,,competitive
ocds-pgraph-T-0005,T-0005,1,B-026,Manned security services - Sambalpur (Feb 2024),security_services,Manned security services,services,open,2024-02-03,14,11176078.42,541,man-month,541,man-month,5,1,complete,A-0005,V-0157,10243737.66,2024-04-01,0,0,,0,,competitive
ocds-pgraph-T-0006,T-0006,1,B-026,Laptop and IT hardware supply - Sambalpur (Aug 2024),laptops_it,Laptop and IT hardware supply,goods,open,2024-08-20,30,13625173.08,316,unit,316,unit,4,1,complete,A-0006,V-0046,10866656.65,2024-10-08,0,0,,0,,competitive
ocds-pgraph-T-0007,T-0007,1,B-026,Laptop and IT hardware supply - Sambalpur (Apr 2026),laptops_it,Laptop and IT hardware supply,goods,open,2026-04-20,14,26205807.17,528,unit,528,unit,5,1,complete,A-0007,V-0046,22098604.21,2026-05-26,0,0,,0,,competitive
ocds-pgraph-T-0008,T-0008,1,B-026,Laptop and IT hardware supply - Sambalpur (Jan 2023),laptops_it,Laptop and IT hardware supply,goods,open,2023-01-05,7,27166741.05,686,unit,686,unit,3,1,complete,A-0008,V-0046,24123098.12,2023-02-02,0,0,,0,,competitive
ocds-pgraph-T-0009,T-0009,1,B-026,Laptop and IT hardware supply - Sambalpur (Oct 2022),laptops_it,Laptop and IT hardware supply,goods,open,2022-10-22,14,28240828.25,710,unit,710,unit,5,1,complete,A-0009,V-0046,23992240.06,2022-11-28,0,0,,0,,competitive
ocds-pgraph-T-0010,T-0010,1,B-026,Manned security services - Sambalpur (Nov 2025),security_services,Manned security services,services,open,2025-11-23,21,1441766.23,58,man-month,58,man-month,7,1,complete,A-0010,V-0157,1172471.51,2026-01-15,0,0,,0,,competitive
ocds-pgraph-T-0011,T-0011,1,B-026,Manned security services - Sambalpur (Nov 2023),security_services,Manned security services,services,open,2023-11-09,14,7616546.33,336,man-month,336,man-month,1,1,complete,A-0011,V-0048,7336232.15,2023-12-23,0,0,,0,,competitive
ocds-pgraph-T-0012,T-0012,1,B-026,Manned security services - Sambalpur (Apr 2024),security_services,Manned security services,services,open,2024-04-18,7,12530322.49,574,man-month,574,man-month,3,1,complete,A-0012,V-0086,10889534.57,2024-05-16,0,0,,0,,competitive
ocds-pgraph-T-0013,T-0013,1,B-026,Manned security services - Sambalpur (Mar 2024),security_services,Manned security services,services,open,2024-03-18,21,10052948.33,407,man-month,407,man-month,5,1,complete,A-0013,V-0086,9005501.15,2024-04-23,0,0,,0,,competitive
ocds-pgraph-T-0014,T-0014,1,B-026,Laptop and IT hardware supply - Sambalpur (Mar 2023),laptops_it,Laptop and IT hardware supply,goods,open,2023-03-05,14,30288489.1,759,unit,759,unit,3,1,complete,A-0014,V-0046,28616927.97,2023-04-30,0,0,,0,,competitive
ocds-pgraph-T-0015,T-0015,1,B-026,Laptop and IT hardware supply - Sambalpur (Oct 2022),laptops_it,Laptop and IT hardware supply,goods,open,2022-10-17,21,25598960.42,603,unit,603,unit,3,1,complete,A-0015,V-0046,20196170.61,2022-12-22,0,0,,0,,competitive
ocds-pgraph-T-0016,T-0016,1,B-020,Borewell drilling - Thrissur (Nov 2024),borewell_drilling,Borewell drilling,works,open,2024-11-05,21,,1856,metre,1856,metre,3,1,complete,A-0016,V-0026,3358137.06,2024-12-27,0,0,,0,,competitive
ocds-pgraph-T-0017,T-0017,1,B-020,Road resurfacing works - Thrissur (Dec 2024),road_resurfacing,Road resurfacing works,works,open,2024-12-20,14,6508374.88,30262,sq.m,30262,sq.m,3,1,complete,A-0017,V-0206,5955362.88,2025-02-17,0,0,,0,,competitive
ocds-pgraph-T-0018,T-0018,1,B-020,Road resurfacing works - Thrissur (Nov 2024),road_resurfacing,Road resurfacing works,works,open,2024-11-11,10,9684928.87,39993,sq.m,39993,sq.m,6,1,complete,A-0018,V-0237,8268308.06,2024-12-11,0,0,,0,,competitive
ocds-pgraph-T-0019,T-0019,1,B-020,Road resurfacing works - Thrissur (Feb 2026),road_resurfacing,Road resurfacing works,works,open,2026-02-25,30,,23694,sq.m,23694,sq.m,3,1,complete,A-0019,V-S010,5150804.12,2026-05-05,0,0,,0,,competitive
ocds-pgraph-T-0020,T-0020,1,B-020,Road resurfacing works - Thrissur (Oct 2022),road_resurfacing,Road resurfacing works,works,open,2022-10-22,7,2049837.2,10256,sq.m,10256,sq.m,3,1,complete,A-0020,V-0206,1774618.17,2022-12-04,0,0,,0,,competitive
ocds-pgraph-T-0021,T-0021,1,B-020,Solar street lighting - Thrissur (Nov 2023),solar_streetlight,Solar street lighting,goods,open,2023-11-16,14,7919641.2,499,unit,499,unit,2,1,complete,A-0021,V-0223,6498408.31,2023-12-30,0,0,,0,,competitive
ocds-pgraph-T-0022,T-0022,1,B-020,Road resurfacing works - Thrissur (Jun 2026),road_resurfacing,Road resurfacing works,works,open,2026-06-01,21,,21406,sq.m,21406,sq.m,1,1,complete,A-0022,V-0206,5438026.71,2026-07-25,0,0,,0,,competitive
ocds-pgraph-T-0023,T-0023,1,B-020,Solar street lighting - Thrissur (Nov 2024),solar_streetlight,Solar street lighting,goods,open,2024-11-06,21,10560909.3,661,unit,661,unit,5,1,complete,A-0023,V-0223,9120197.79,2024-12-15,0,0,,0,,competitive
ocds-pgraph-T-0024,T-0024,1,B-020,Road resurfacing works - Thrissur (May 2025),road_resurfacing,Road resurfacing works,works,open,2025-05-16,7,,17055,sq.m,17055,sq.m,3,1,complete,A-0024,V-S010,3498899.82,2025-06-11,0,0,,0,,competitive
ocds-pgraph-T-0025,T-0025,1,B-020,Road resurfacing works - Thrissur (Dec 2023),road_resurfacing,Road resurfacing works,works,open,2023-12-26,14,13635321.0,57441,sq.m,57441,sq.m,6,1,complete,A-0025,V-0206,11823932.33,2024-01-31,0,0,,0,,competitive
ocds-pgraph-T-0026,T-0026,1,B-020,Solar street lighting - Thrissur (Oct 2025),solar_streetlight,Solar street lighting,goods,open,2025-10-27,21,13786191.49,817,unit,817,unit,5,1,complete,A-0026,V-0026,12866145.92,2025-12-02,0,0,,0,,competitive
ocds-pgraph-T-0027,T-0027,1,B-020,Road resurfacing works - Thrissur (Mar 2025),road_resurfacing,Road resurfacing works,works,open,2025-03-16,30,4222887.21,17780,sq.m,17780,sq.m,6,1,complete,A-0027,V-0206,3939673.51,2025-05-22,0,0,,0,,competitive
ocds-pgraph-T-0028,T-0028,1,B-020,Solar street lighting - Thrissur (Mar 2025),solar_streetlight,Solar street lighting,goods,open,2025-03-15,14,6488573.75,402,unit,402,unit,1,1,complete,A-0028,V-0172,6926451.15,2025-05-07,0,0,,0,,single
ocds-pgraph-T-0029,T-0029,1,B-020,Solar street lighting - Thrissur (Jul 2026),solar_streetlight,Solar street lighting,goods,open,2026-07-15,14,5580038.4,342,unit,342,unit,6,1,complete,A-0029,V-0223,5358296.53,2026-08-23,0,0,,0,,competitive
ocds-pgraph-T-0030,T-0030,1,B-020,Road resurfacing works - Thrissur (Feb 2026),road_resurfacing,Road resurfacing works,works,open,2026-02-23,10,12439591.52,50865,sq.m,50865,sq.m,3,1,complete,A-0030,V-S010,10847484.95,2026-04-08,0,0,,0,,competitive
ocds-pgraph-T-0031,T-0031,1,B-020,Road resurfacing works - Thrissur (Dec 2024),road_resurfacing,Road resurfacing works,works,open,2024-12-11,14,,54366,sq.m,54366,sq.m,1,1,complete,A-0031,V-0237,12537879.37,2025-02-01,0,0,,0,,competitive
ocds-pgraph-T-0032,T-0032,1,B-036,Borewell drilling - Chennai (Oct 2022),borewell_drilling,Borewell drilling,works,open,2022-10-09,30,3181928.91,1901,metre,1901,metre,3,1,complete,A-0032,V-0056,2445466.94,2022-11-30,0,0,,0,,competitive
ocds-pgraph-T-0033,T-0033,1,B-036,Borewell drilling - Chennai (Sep 2025),borewell_drilling,Borewell drilling,works,open,2025-09-11,21,1899867.29,1073,metre,1073,metre,3,1,complete,A-0033,V-0056,1694551.5,2025-10-13,0,0,,0,,competitive
ocds-pgraph-T-0034,T-0034,1,B-036,Borewell drilling - Chennai (Dec 2024),borewell_drilling,Borewell drilling,works,open,2024-12-19,14,3614353.07,1962,metre,1962,metre,0,0,complete,A-0034,V-0056,3026180.43,2025-01-17,0,0,,0,,competitive
ocds-pgraph-T-0035,T-0035,1,B-036,Water supply pipeline works - Chennai (Sep 2023),water_pipeline,Water supply pipeline works,works,open,2023-09-10,21,,3223,metre,3223,metre,6,1,complete,A-0035,V-0032,6671664.62,2023-11-13,0,0,,0,,competitive
ocds-pgraph-T-0036,T-0036,1,B-036,Borewell drilling - Chennai (Jun 2024),borewell_drilling,Borewell drilling,works,open,2024-06-23,14,3350685.58,1681,metre,1681,metre,5,1,complete,A-0036,V-0056,2618990.42,2024-08-19,0,0,,0,,competitive
ocds-pgraph-T-0037,T-0037,1,B-036,Water supply pipeline works - Chennai (Nov 2023),water_pipeline,Water supply pipeline works,works,open,2023-11-27,14,1825002.9,720,metre,720,metre,4,1,complete,A-0037,V-0071,1523581.31,2024-01-08,0,0,,0,,competitive
ocds-pgraph-T-0038,T-0038,1,B-036,Borewell drilling - Chennai (Nov 2023),borewell_drilling,Borewell drilling,works,open,2023-11-18,10,3826387.76,2266,metre,2266,metre,5,1,complete,A-0038,V-0231,3317521.48,2023-12-29,0,0,,0,,competitive
ocds-pgraph-T-0039,T-0039,1,B-036,Water supply pipeline works - Chennai (Oct 2024),water_pipeline,Water supply pipeline works,works,open,2024-10-29,10,10292597.34,3751,metre,3751,metre,3,1,complete,A-0039,V-0033,9532777.22,2024-11-23,0,0,,0,,competitive
ocds-pgraph-T-0040,T-0040,1,B-036,Borewell drilling - Chennai (Jul 2024),borewell_drilling,Borewell drilling,works,open,2024-07-05,7,3669547.98,2169,metre,2169,metre,5,1,complete,A-0040,V-0056,3142461.65,2024-08-25,0,0,,0,,competitive
ocds-pgraph-T-0041,T-0041,1,B-036,Water supply pipeline works - Chennai (Mar 2023),water_pipeline,Water supply pipeline works,works,open,2023-03-10,21,,2580,metre,2580,metre,2,1,complete,A-0041,V-0081,6594692.85,2023-04-30,0,0,,0,,competitive
ocds-pgraph-T-0042,T-0042,1,B-036,Borewell drilling - Chennai (Mar 2023),borewell_drilling,Borewell drilling,works,open,2023-03-12,7,3053421.6,1972,metre,1972,metre,5,1,complete,A-0042,V-0056,2707176.87,2023-04-19,0,0,,0,,competitive
ocds-pgraph-T-0043,T-0043,1,B-036,Borewell drilling - Chennai (Feb 2023),borewell_drilling,Borewell drilling,works,open,2023-02-28,14,3799887.33,2258,metre,2258,metre,5,1,complete,A-0043,V-0056,3244252.23,2023-04-15,0,0,,0,,competitive
ocds-pgraph-T-0044,T-0044,1,B-036,Water supply pipeline works - Chennai (Apr 2026),water_pipeline,Water supply pipeline works,works,open,2026-04-20,7,9629828.43,3355,metre,3355,metre,4,1,complete,A-0044,V-0033,8138456.92,2026-05-17,0,0,,0,,competitive
ocds-pgraph-T-0045,T-0045,1,B-036,Borewell drilling - Chennai (Sep 2024),borewell_drilling,Borewell drilling,works,open,2024-09-02,7,3666317.16,2084,metre,2084,metre,3,1,complete,A-0045,V-0056,3054984.82,2024-10-19,0,0,,0,,competitive
ocds-pgraph-T-0046,T-0046,1,B-036,Borewell drilling - Chennai (Sep 2025),borewell_drilling,Borewell drilling,works,open,2025-09-02,7,,1674,metre,1674,metre,4,1,complete,A-0046,V-0056,2815534.03,2025-10-10,0,0,,0,,competitive
ocds-pgraph-T-0047,T-0047,1,B-036,Borewell drilling - Chennai (Jun 2025),borewell_drilling,Borewell drilling,works,open,2025-06-22,14,1538644.03,812,metre,812,metre,3,1,complete,A-0047,V-0056,1431123.44,2025-08-10,0,0,,0,,competitive
ocds-pgraph-T-0048,T-0048,1,B-036,Borewell drilling - Chennai (Feb 2023),borewell_drilling,Borewell drilling,works,open,2023-02-16,14,,1479,metre,1479,metre,4,1,complete,A-0048,V-0056,2082499.85,2023-03-15,0,0,,0,,competitive
ocds-pgraph-T-0049,T-0049,1,B-036,Water supply pipeline works - Chennai (Sep 2025),water_pipeline,Water supply pipeline works,works,open,2025-09-21,21,14569467.13,4998,metre,4998,metre,4,1,complete,A-0049,V-0071,13150462.19,2025-10-29,0,0,,0,,competitive
ocds-pgraph-T-0050,T-0050,1,B-036,Borewell drilling - Chennai (Mar 2023),borewell_drilling,Borewell drilling,works,open,2023-03-01,14,3781002.55,2286,metre,2286,metre,4,1,complete,A-0050,V-0056,3270838.54,2023-03-27,0,0,,0,,competitive
ocds-pgraph-T-0051,T-0051,1,B-036,Borewell drilling - Chennai (May 2025),borewell_drilling,Borewell drilling,works,open,2025-05-14,14,3386794.99,1849,metre,1849,metre,3,1,complete,A-0051,V-0056,2976568.57,2025-06-30,0,0,,0,,competitive
ocds-pgraph-T-0052,T-0052,1,B-036,Water supply pipeline works - Chennai (Jul 2025),water_pipeline,Water supply pipeline works,works,open,2025-07-27,10,15457072.57,5476,metre,5476,metre,4,1,complete,A-0052,V-0032,14252826.98,2025-08-31,0,0,,0,,competitive
ocds-pgraph-T-0053,T-0053,1,B-036,Water supply pipeline works - Chennai (Nov 2023),water_pipeline,Water supply pipeline works,works,open,2023-11-02,7,10062439.06,3730,metre,3730,metre,4,1,complete,A-0053,V-0033,7898651.81,2023-12-20,0,0,,0,,competitive
ocds-pgraph-T-0054,T-0054,1,B-036,Borewell drilling - Chennai (Jul 2026),borewell_drilling,Borewell drilling,works,open,2026-07-02,30,2109529.18,1085,metre,1085,metre,3,1,complete,A-0054,V-0056,1844397.46,2026-08-29,0,0,,0,,competitive
ocds-pgraph-T-0055,T-0055,1,B-036,Water supply pipeline works - Chennai (May 2023),water_pipeline,Water supply pipeline works,works,open,2023-05-03,14,4581007.55,1698,metre,1698,metre,7,1,complete,A-0055,V-0071,3657171.48,2023-06-30,0,0,,0,,competitive
ocds-pgraph-T-0056,T-0056,1,B-036,Borewell drilling - Chennai (Apr 2024),borewell_drilling,Borewell drilling,works,open,2024-04-23,14,2078085.15,1076,metre,1076,metre,5,1,complete,A-0056,V-0056,1659927.9,2024-06-11,0,0,,0,,competitive
ocds-pgraph-T-0057,T-0057,1,B-036,Borewell drilling - Chennai (Aug 2024),borewell_drilling,Borewell drilling,works,open,2024-08-13,30,3563558.27,2074,metre,2074,metre,5,1,complete,A-0057,V-0056,2955739.26,2024-10-26,0,0,,0,,competitive
ocds-pgraph-T-0058,T-0058,1,B-033,Ambulance procurement - Koraput (Jun 2026),ambulance_vehicle,Ambulance procurement,goods,open,2026-06-08,30,41438381.4,18,unit,18,unit,4,1,complete,A-0058,V-0157,36479312.51,2026-08-05,0,0,,0,,competitive
ocds-pgraph-T-0059,T-0059,1,B-033,Building construction works - Koraput (Apr 2025),building_construction,Building construction works,works,open,2025-04-26,14,6755816.32,3506,sq.m,3506,sq.m,7,1,complete,A-0059,V-0146,5731249.11,2025-06-07,0,0,,0,,competitive
ocds-pgraph-T-0060,T-0060,1,B-033,Building construction works - Koraput (May 2024),building_construction,Building construction works,works,open,2024-05-14,30,5568577.76,2787,sq.m,2787,sq.m,0,0,complete,A-0060,V-0117,4343959.1,2024-07-26,0,0,,0,,competitive
ocds-pgraph-T-0061,T-0061,1,B-033,Ambulance procurement - Koraput (Oct 2022),ambulance_vehicle,Ambulance procurement,goods,open,2022-10-25,14,28783746.09,15,unit,15,unit,3,1,complete,A-0061,V-0190,26042349.54,2022-11-24,0,0,,0,,competitive
ocds-pgraph-T-0062,T-0062,1,B-033,Building construction works - Koraput (Jun 2026),building_construction,Building construction works,works,open,2026-06-12,14,6088881.22,2940,sq.m,2940,sq.m,7,1,complete,A-0062,V-0117,5113973.56,2026-08-07,0,0,,0,,competitive
ocds-pgraph-T-0063,T-0063,1,B-033,Manned security services - Koraput (Apr 2026),security_services,Manned security services,services,open,2026-04-12,14,16021476.88,599,man-month,599,man-month,5,1,complete,A-0063,V-S005,11850644.24,2026-05-30,0,0,,0,,competitive
ocds-pgraph-T-0064,T-0064,1,B-033,Ambulance procurement - Koraput (Oct 2025),ambulance_vehicle,Ambulance procurement,goods,open,2025-10-15,21,36256067.61,16,unit,16,unit,2,1,complete,A-0064,V-0094,29791650.45,2025-12-20,0,0,,0,,competitive
ocds-pgraph-T-0065,T-0065,1,B-033,Ambulance procurement - Koraput (Nov 2023),ambulance_vehicle,Ambulance procurement,goods,open,2023-11-29,14,17841849.41,9,unit,9,unit,3,1,complete,A-0065,V-0157,17429221.76,2024-01-09,0,0,,0,,competitive
ocds-pgraph-T-0066,T-0066,1,B-033,Manned security services - Koraput (Aug 2023),security_services,Manned security services,services,open,2023-08-24,21,10857292.75,488,man-month,488,man-month,3,1,complete,A-0066,V-S005,9433146.07,2023-09-30,0,0,,0,,competitive
ocds-pgraph-T-0067,T-0067,1,B-033,Ambulance procurement - Koraput (Dec 2022),ambulance_vehicle,Ambulance procurement,goods,open,2022-12-02,21,18205759.39,9,unit,9,unit,5,1,complete,A-0067,V-0037,16609153.43,2023-01-04,0,0,,0,,competitive
ocds-pgraph-T-0068,T-0068,1,B-033,Building construction works - Koraput (Nov 2023),building_construction,Building construction works,works,open,2023-11-30,21,3979085.28,2312,sq.m,2312,sq.m,5,1,complete,A-0068,V-0117,3403469.32,2024-01-06,0,0,,0,,competitive
ocds-pgraph-T-0069,T-0069,1,B-033,Manned security services - Koraput (Feb 2026),security_services,Manned security services,services,open,2026-02-04,7,13683540.24,496,man-month,496,man-month,3,1,complete,A-0069,V-S005,11781657.9,2026-02-28,0,0,,0,,competitive
ocds-pgraph-T-0070,T-0070,1,B-033,Manned security services - Koraput (Jun 2026),security_services,Manned security services,services,open,2026-06-18,21,10535956.17,439,man-month,439,man-month,3,1,complete,A-0070,V-S005,9613305.51,2026-07-22,0,0,,0,,competitive
ocds-pgraph-T-0071,T-0071,1,B-033,Building construction works - Koraput (Jan 2024),building_construction,Building construction works,works,open,2024-01-25,30,4544128.73,2391,sq.m,2391,sq.m,1,1,complete,A-0071,V-SPV01,4671397.3,2024-03-26,0,0,,0,,single
ocds-pgraph-T-0072,T-0072,1,B-033,Ambulance procurement - Koraput (Aug 2025),ambulance_vehicle,Ambulance procurement,goods,open,2025-08-09,14,6866621.21,3,unit,3,unit,7,1,complete,A-0072,V-0037,6444516.87,2025-09-09,0,0,,0,,competitive
ocds-pgraph-T-0073,T-0073,1,B-033,Manned security services - Koraput (Jul 2024),security_services,Manned security services,services,open,2024-07-14,21,12330893.2,546,man-month,546,man-month,3,1,complete,A-0073,V-S005,11423861.32,2024-08-31,0,0,,0,,competitive
ocds-pgraph-T-0074,T-0074,1,B-033,Building construction works - Koraput (Nov 2024),building_construction,Building construction works,works,open,2024-11-26,14,,2029,sq.m,2029,sq.m,4,1,complete,A-0074,V-0072,3241913.03,2025-01-21,0,0,,0,,competitive
ocds-pgraph-T-0075,T-0075,1,B-016,Ambulance procurement - Kota (Apr 2026),ambulance_vehicle,Ambulance procurement,goods,open,2026-04-15,30,40351005.9,19,unit,19,unit,3,1,complete,A-0075,V-0076,36651597.02,2026-05-27,0,0,,0,,competitive
ocds-pgraph-T-0076,T-0076,1,B-016,Building construction works - Kota (Sep 2025),building_construction,Building construction works,works,open,2025-09-20,21,2307691.14,1213,sq.m,1213,sq.m,7,1,complete,A-0076,V-0051,1867928.8,2025-10-23,0,0,,0,,competitive
ocds-pgraph-T-0077,T-0077,1,B-016,Ambulance procurement - Kota (Jan 2024),ambulance_vehicle,Ambulance procurement,goods,open,2024-01-30,30,59410785.93,30,unit,30,unit,4,1,complete,A-0077,V-0076,61090448.81,2024-03-12,0,0,,0,,competitive
ocds-pgraph-T-0078,T-0078,1,B-016,Manned security services - Kota (Jan 2025),security_services,Manned security services,services,open,2025-01-10,10,5532621.12,222,man-month,222,man-month,4,1,complete,A-0078,V-0126,4362162.45,2025-03-01,0,0,,0,,competitive
ocds-pgraph-T-0079,T-0079,1,B-016,Manned security services - Kota (Jun 2025),security_services,Manned security services,services,open,2025-06-30,30,4331394.14,180,man-month,180,man-month,3,1,complete,A-0079,V-S010,3901609.03,2025-09-02,0,0,,0,,competitive
ocds-pgraph-T-0080,T-0080,1,B-016,Building construction works - Kota (Jun 2024),building_construction,Building construction works,works,open,2024-06-21,10,691575.41,406,sq.m,406,sq.m,3,1,complete,A-0080,V-0086,606048.55,2024-08-10,0,0,,0,,competitive
ocds-pgraph-T-0081,T-0081,1,B-016,Building construction works - Kota (Jan 2023),building_construction,Building construction works,works,open,2023-01-26,10,5226739.66,3136,sq.m,3136,sq.m,5,1,complete,A-0081,V-0086,4179031.97,2023-02-15,0,0,,0,,competitive
ocds-pgraph-T-0082,T-0082,1,B-016,Building construction works - Kota (Aug 2023),building_construction,Building construction works,works,open,2023-08-21,30,1162484.23,720,sq.m,720,sq.m,5,1,complete,A-0082,V-0086,928364.82,2023-10-02,0,0,,0,,competitive
ocds-pgraph-T-0083,T-0083,1,B-016,Building construction works - Kota (Dec 2024),building_construction,Building construction works,works,open,2024-12-15,30,5405387.11,2766,sq.m,2766,sq.m,4,1,complete,A-0083,V-0086,4102733.74,2025-01-28,0,0,,0,,competitive
ocds-pgraph-T-0084,T-0084,1,B-016,Manned security services - Kota (Sep 2022),security_services,Manned security services,services,open,2022-09-22,7,10713378.68,495,man-month,495,man-month,2,1,complete,A-0084,V-0126,9712030.02,2022-10-30,0,0,,0,,competitive
ocds-pgraph-T-0085,T-0085,1,B-016,Manned security services - Kota (Apr 2026),security_services,Manned security services,services,open,2026-04-19,21,11377437.24,426,man-month,426,man-month,7,1,complete,A-0085,V-0168,9537648.64,2026-05-25,0,0,,0,,competitive
ocds-pgraph-T-0086,T-0086,1,B-016,Building construction works - Kota (Jul 2023),building_construction,Building construction works,works,open,2023-07-23,21,2913050.78,1599,sq.m,1599,sq.m,4,1,complete,A-0086,V-0086,2341031.9,2023-09-12,0,0,,0,,competitive
ocds-pgraph-T-0087,T-0087,1,B-016,Manned security services - Kota (Jan 2026),security_services,Manned security services,services,open,2026-01-14,21,14401453.85,583,man-month,583,man-month,6,1,complete,A-0087,V-0128,11578068.18,2026-02-18,0,0,,0,,competitive
ocds-pgraph-T-0088,T-0088,1,B-016,Building construction works - Kota (Oct 2024),building_construction,Building construction works,works,open,2024-10-22,14,4641135.44,2466,sq.m,2466,sq.m,3,1,complete,A-0088,V-0086,4388520.33,2024-12-18,0,0,,0,,competitive
ocds-pgraph-T-0089,T-0089,1,B-016,Building construction works - Kota (Aug 2023),building_construction,Building construction works,works,open,2023-08-26,10,6133246.74,3447,sq.m,3447,sq.m,5,1,complete,A-0089,V-0086,5214010.32,2023-10-13,0,0,,0,,competitive
ocds-pgraph-T-0090,T-0090,1,B-016,Ambulance procurement - Kota (Apr 2023),ambulance_vehicle,Ambulance procurement,goods,open,2023-04-23,10,22163406.69,11,unit,11,unit,6,1,complete,A-0090,V-0205,18584839.92,2023-06-12,0,0,,0,,competitive
ocds-pgraph-T-0091,T-0091,1,B-037,Road resurfacing works - New Delhi (Oct 2023),road_resurfacing,Road resurfacing works,works,open,2023-10-29,6,,39935,sq.m,39935,sq.m,6,1,complete,A-0091,V-Y008,7473663.03,2023-12-18,0,0,,0,,competitive
ocds-pgraph-T-0092,T-0092,1,B-037,Borewell drilling - New Delhi (Feb 2023),borewell_drilling,Borewell drilling,works,open,2023-02-13,5,4213772.55,2371,metre,2371,metre,1,1,complete,A-0092,V-0231,4351055.15,2023-03-22,0,0,,0,,competitive
ocds-pgraph-T-0093,T-0093,1,B-037,Road resurfacing works - New Delhi (Oct 2023),road_resurfacing,Road resurfacing works,works,open,2023-10-25,30,7320455.8,36596,sq.m,36596,sq.m,1,1,complete,A-0093,V-0002,7573520.92,2023-12-31,0,0,,0,,single
ocds-pgraph-T-0094,T-0094,1,B-037,Road resurfacing works - New Delhi (Apr 2025),road_resurfacing,Road resurfacing works,works,open,2025-04-18,21,6779832.97,29832,sq.m,29832,sq.m,5,1,complete,A-0094,V-0197,5376287.23,2025-05-31,0,0,,0,,competitive
ocds-pgraph-T-0095,T-0095,1,B-037,Solar street lighting - New Delhi (Mar 2023),solar_streetlight,Solar street lighting,goods,limited,2023-03-19,21,7574491.94,517,unit,517,unit,1,1,complete,A-0095,V-0071,7623514.93,2023-05-10,0,0,,0,,single
ocds-pgraph-T-0096,T-0096,1,B-037,Solar street lighting - New Delhi (Feb 2025),solar_streetlight,Solar street lighting,goods,open,2025-02-27,5,,211,unit,211,unit,1,1,complete,A-0096,V-0151,3336267.41,2025-03-22,0,0,,0,,single
ocds-pgraph-T-0097,T-0097,1,B-037,Borewell drilling - New Delhi (Oct 2023),borewell_drilling,Borewell drilling,works,open,2023-10-15,6,1196807.57,680,metre,680,metre,1,1,complete,A-0097,V-0231,1320276.75,2023-11-21,0,0,,0,,single
ocds-pgraph-T-0098,T-0098,1,B-037,Solar street lighting - New Delhi (Apr 2023),solar_streetlight,Solar street lighting,goods,open,2023-04-11,14,,439,unit,439,unit,0,0,complete,A-0098,V-0018,5012661.85,2023-05-19,0,0,,0,,competitive
ocds-pgraph-T-0099,T-0099,1,B-037,Road resurfacing works - New Delhi (Feb 2024),road_resurfacing,Road resurfacing works,works,open,2024-02-02,14,10932109.23,52237,sq.m,52237,sq.m,2,1,complete,A-0099,V-0206,9357977.45,2024-03-12,0,0,,0,,competitive
ocds-pgraph-T-0100,T-0100,1,B-037,Borewell drilling - New Delhi (Jan 2025),borewell_drilling,Borewell drilling,works,open,2025-01-12,30,1214882.17,652,metre,652,metre,5,1,complete,A-0100,V-0056,988629.57,2025-03-09,0,0,,0,,competitive
ocds-pgraph-T-0101,T-0101,1,B-037,Solar street lighting - New Delhi (Sep 2024),solar_streetlight,Solar street lighting,goods,direct,2024-09-15,5,4724987.76,304,unit,304,unit,1,1,complete,A-0101,V-0187,4764473.33,2024-10-08,0,0,,0,,single
ocds-pgraph-T-0102,T-0102,1,B-037,Road resurfacing works - New Delhi (Apr 2023),road_resurfacing,Road resurfacing works,works,open,2023-04-27,7,9499424.03,46054,sq.m,46054,sq.m,2,1,complete,A-0102,V-0002,9165608.59,2023-06-12,0,0,,0,,competitive
ocds-pgraph-T-0103,T-0103,1,B-037,Borewell drilling - New Delhi (Jul 2026),borewell_drilling,Borewell drilling,works,open,2026-07-03,7,3301918.52,1718,metre,1718,metre,5,1,complete,A-0103,V-0231,2916062.74,2026-08-14,0,0,,0,,competitive
ocds-pgraph-T-0104,T-0104,1,B-037,Solar street lighting - New Delhi (Jan 2025),solar_streetlight,Solar street lighting,goods,limited,2025-01-28,5,1937024.02,125,unit,125,unit,1,1,complete,A-0104,V-0187,2070184.3,2025-03-17,0,0,,0,,single
ocds-pgraph-T-0105,T-0105,1,B-037,Solar street lighting - New Delhi (Feb 2023),solar_streetlight,Solar street lighting,goods,limited,2023-02-04,21,,848,unit,848,unit,1,1,complete,A-0105,V-0187,11228980.34,2023-04-11,0,0,,0,,single
ocds-pgraph-T-0106,T-0106,1,B-037,Solar street lighting - New Delhi (Mar 2023),solar_streetlight,Solar street lighting,goods,open,2023-03-23,21,8284271.82,617,unit,617,unit,6,1,complete,A-0106,V-0151,7286247.0,2023-05-19,0,0,,0,,competitive
ocds-pgraph-T-0107,T-0107,1,B-037,Road resurfacing works - New Delhi (Oct 2023),road_resurfacing,Road resurfacing works,works,open,2023-10-06,7,7718635.04,37730,sq.m,37730,sq.m,3,1,complete,A-0107,V-0096,6359679.82,2023-11-23,0,0,,0,,competitive
ocds-pgraph-T-0108,T-0108,1,B-037,Borewell drilling - New Delhi (Sep 2022),borewell_drilling,Borewell drilling,works,open,2022-09-01,5,1131935.23,730,metre,730,metre,5,1,complete,A-0108,V-0056,978135.88,2022-10-02,0,0,,0,,competitive
ocds-pgraph-T-0109,T-0109,1,B-001,Borewell drilling - Belagavi (Jun 2025),borewell_drilling,Borewell drilling,works,open,2025-06-17,10,1954323.58,971,metre,971,metre,2,1,complete,A-0109,V-0238,1661894.92,2025-07-09,0,0,,0,,competitive
ocds-pgraph-T-0110,T-0110,1,B-001,Borewell drilling - Belagavi (Dec 2024),borewell_drilling,Borewell drilling,works,direct,2024-12-27,7,,2186,metre,2186,metre,1,1,complete,A-0110,V-0238,3913014.79,2025-01-30,0,0,,0,,single
ocds-pgraph-T-0111,T-0111,1,B-001,Water supply pipeline works - Belagavi (Jan 2024),water_pipeline,Water supply pipeline works,works,limited,2024-01-03,6,,4780,metre,4780,metre,1,1,complete,A-0111,V-0061,13075836.26,2024-02-09,0,0,,0,,single
ocds-pgraph-T-0112,T-0112,1,B-001,Water supply pipeline works - Belagavi (Jan 2024),water_pipeline,Water supply pipeline works,works,limited,2024-01-22,5,15055000.34,5003,metre,5003,metre,1,1,complete,A-0112,V-0182,15596036.79,2024-03-02,0,0,,0,,single
ocds-pgraph-T-0113,T-0113,1,B-001,Borewell drilling - Belagavi (May 2024),borewell_drilling,Borewell drilling,works,open,2024-05-15,10,,824,metre,824,metre,5,1,complete,A-0113,V-0238,1305435.49,2024-06-05,0,0,,0,,competitive
ocds-pgraph-T-0114,T-0114,1,B-001,Borewell drilling - Belagavi (Jun 2026),borewell_drilling,Borewell drilling,works,open,2026-06-06,30,975229.36,498,metre,498,metre,3,1,complete,A-0114,V-0069,837169.0,2026-07-16,0,0,,0,,competitive
ocds-pgraph-T-0115,T-0115,1,B-001,Borewell drilling - Belagavi (Sep 2023),borewell_drilling,Borewell drilling,works,open,2023-09-11,7,,1270,metre,1270,metre,5,1,complete,A-0115,V-0238,1881320.7,2023-10-20,0,0,,0,,competitive
ocds-pgraph-T-0116,T-0116,1,B-001,Water supply pipeline works - Belagavi (Mar 2026),water_pipeline,Water supply pipeline works,works,open,2026-03-27,7,18257343.21,6000,metre,6000,metre,2,1,complete,A-0116,V-0118,15725090.18,2026-05-17,0,0,,0,,competitive
ocds-pgraph-T-0117,T-0117,1,B-001,Borewell drilling - Belagavi (Jan 2026),borewell_drilling,Borewell drilling,works,open,2026-01-17,21,1321918.41,664,metre,664,metre,4,1,complete,A-0117,V-0181,1109700.95,2026-03-20,0,0,,0,,competitive
ocds-pgraph-T-0118,T-0118,1,B-001,Water supply pipeline works - Belagavi (Feb 2026),water_pipeline,Water supply pipeline works,works,limited,2026-02-14,7,17270038.99,5439,metre,5439,metre,1,1,complete,A-0118,V-0178,18478582.47,2026-03-14,0,0,,0,,single
ocds-pgraph-T-0119,T-0119,1,B-001,Borewell drilling - Belagavi (Aug 2023),borewell_drilling,Borewell drilling,works,open,2023-08-28,5,3997606.64,2301,metre,2301,metre,6,1,complete,A-0119,V-0169,3443046.49,2023-09-14,0,0,,0,,competitive
ocds-pgraph-T-0120,T-0120,1,B-001,Water supply pipeline works - Belagavi (May 2024),water_pipeline,Water supply pipeline works,works,open,2024-05-16,7,9180641.06,3595,metre,3595,metre,4,1,complete,A-0120,V-0118,8969779.31,2024-06-04,0,0,,0,,competitive
ocds-pgraph-T-0121,T-0121,1,B-001,Water supply pipeline works - Belagavi (Oct 2023),water_pipeline,Water supply pipeline works,works,open,2023-10-08,7,,5886,metre,5886,metre,7,1,complete,A-0121,V-0182,13138162.76,2023-11-13,0,0,,0,,competitive
ocds-pgraph-T-0122,T-0122,1,B-001,Borewell drilling - Belagavi (May 2023),borewell_drilling,Borewell drilling,works,direct,2023-05-03,30,3638513.73,2171,metre,2171,metre,1,1,complete,A-0122,V-0069,3885780.1,2023-06-26,0,0,,0,,single
ocds-pgraph-T-0123,T-0123,1,B-001,Borewell drilling - Belagavi (Apr 2023),borewell_drilling,Borewell drilling,works,open,2023-04-20,6,4007730.45,2319,metre,2319,metre,1,1,complete,A-0123,V-0069,4179521.03,2023-05-28,0,0,,0,,single
ocds-pgraph-T-0124,T-0124,1,B-001,Borewell drilling - Belagavi (Dec 2025),borewell_drilling,Borewell drilling,works,limited,2025-12-23,30,3256056.11,1568,metre,1568,metre,1,1,complete,A-0124,V-0238,3205775.1,2026-02-18,0,0,,0,,single
ocds-pgraph-T-0125,T-0125,1,B-001,Borewell drilling - Belagavi (May 2025),borewell_drilling,Borewell drilling,works,direct,2025-05-13,6,,338,metre,338,metre,1,1,complete,A-0125,V-0069,638149.38,2025-06-10,0,0,,0,,single
ocds-pgraph-T-0126,T-0126,1,B-001,Water supply pipeline works - Belagavi (Nov 2024),water_pipeline,Water supply pipeline works,works,open,2024-11-24,21,3219776.53,1179,metre,1179,metre,5,1,complete,A-0126,V-0112,2642481.55,2025-01-18,0,0,,0,,competitive
ocds-pgraph-T-0127,T-0127,1,B-001,Borewell drilling - Belagavi (Jul 2025),borewell_drilling,Borewell drilling,works,open,2025-07-21,30,453925.71,226,metre,226,metre,6,1,complete,A-0127,V-0169,399227.73,2025-09-15,0,0,,0,,competitive
ocds-pgraph-T-0128,T-0128,1,B-001,Water supply pipeline works - Belagavi (Sep 2024),water_pipeline,Water supply pipeline works,works,direct,2024-09-18,5,4877581.28,1647,metre,1647,metre,1,1,complete,A-0128,V-0061,5110877.74,2024-10-04,0,0,,0,,single
ocds-pgraph-T-0129,T-0129,1,B-021,Solar street lighting - Palakkad (Sep 2022),solar_streetlight,Solar street lighting,goods,open,2022-09-01,10,8474276.99,657,unit,657,unit,5,1,complete,A-0129,V-0026,7735104.52,2022-10-01,0,0,,0,,competitive
ocds-pgraph-T-0130,T-0130,1,B-021,Solar street lighting - Palakkad (Jun 2025),solar_streetlight,Solar street lighting,goods,open,2025-06-10,6,9499368.85,546,unit,546,unit,5,1,complete,A-0130,V-0029,7773870.41,2025-07-11,0,0,,0,,competitive
ocds-pgraph-T-0131,T-0131,1,B-021,Borewell drilling - Palakkad (Oct 2024),borewell_drilling,Borewell drilling,works,limited,2024-10-05,6,4071283.68,2078,metre,2078,metre,1,1,complete,A-0131,V-Y003,4012245.52,2024-11-20,0,0,,0,,single
ocds-pgraph-T-0132,T-0132,1,B-021,Road resurfacing works - Palakkad (Aug 2025),road_resurfacing,Road resurfacing works,works,open,2025-08-19,5,7465911.12,30270,sq.m,30270,sq.m,4,1,complete,A-0132,V-0156,6493075.42,2025-10-06,0,0,,0,,competitive
ocds-pgraph-T-0133,T-0133,1,B-021,Road resurfacing works - Palakkad (Sep 2025),road_resurfacing,Road resurfacing works,works,limited,2025-09-03,7,8414793.15,35807,sq.m,35807,sq.m,1,1,complete,A-0133,V-0237,8695578.54,2025-10-23,0,0,,0,,single
ocds-pgraph-T-0134,T-0134,1,B-021,Borewell drilling - Palakkad (Dec 2023),borewell_drilling,Borewell drilling,works,open,2023-12-28,5,2916342.71,1718,metre,1718,metre,1,1,complete,A-0134,V-Y003,3010983.44,2024-02-04,0,0,,0,,single
ocds-pgraph-T-0135,T-0135,1,B-021,Borewell drilling - Palakkad (Oct 2024),borewell_drilling,Borewell drilling,works,limited,2024-10-24,14,1037620.82,577,metre,577,metre,1,1,complete,A-0135,V-S005,1088038.08,2024-11-23,0,0,,0,,single
ocds-pgraph-T-0136,T-0136,1,B-021,Road resurfacing works - Palakkad (Jun 2025),road_resurfacing,Road resurfacing works,works,direct,2025-06-25,5,3994434.09,16283,sq.m,16283,sq.m,1,1,complete,A-0136,V-0237,3964303.33,2025-07-24,0,0,,0,,single
ocds-pgraph-T-0137,T-0137,1,B-021,Road resurfacing works - Palakkad (Mar 2026),road_resurfacing,Road resurfacing works,works,open,2026-03-18,7,14729622.78,54877,sq.m,54877,sq.m,1,1,complete,A-0137,V-0206,14490611.71,2026-04-08,0,0,,0,,single
ocds-pgraph-T-0138,T-0138,1,B-021,Borewell drilling - Palakkad (Feb 2023),borewell_drilling,Borewell drilling,works,open,2023-02-08,10,4460917.47,2405,metre,2405,metre,5,1,complete,A-0138,V-S006,3728985.01,2023-03-27,0,0,,0,,competitive
ocds-pgraph-T-0139,T-0139,1,B-021,Road resurfacing works - Palakkad (Nov 2024),road_resurfacing,Road resurfacing works,works,open,2024-11-19,14,8071729.3,38142,sq.m,38142,sq.m,4,1,complete,A-0139,V-S010,7285162.35,2024-12-16,0,0,,0,,competitive
ocds-pgraph-T-0140,T-0140,1,B-021,Road resurfacing works - Palakkad (Feb 2025),road_resurfacing,Road resurfacing works,works,open,2025-02-03,21,12205795.62,53692,sq.m,53692,sq.m,1,1,complete,A-0140,V-0237,13401915.94,2025-03-15,0,0,,0,,single
ocds-pgraph-T-0141,T-0141,1,B-021,Borewell drilling - Palakkad (Jun 2025),borewell_drilling,Borewell drilling,works,open,2025-06-13,7,4951835.76,2490,metre,2490,metre,3,1,complete,A-0141,V-0098,4411017.28,2025-07-06,0,0,,0,,competitive
ocds-pgraph-T-0142,T-0142,1,B-021,Borewell drilling - Palakkad (Dec 2025),borewell_drilling,Borewell drilling,works,direct,2025-12-20,14,628832.41,302,metre,302,metre,1,1,complete,A-0142,V-0003,664611.1,2026-01-21,0,0,,0,,single
ocds-pgraph-T-0143,T-0143,1,B-021,Solar street lighting - Palakkad (Sep 2023),solar_streetlight,Solar street lighting,goods,open,2023-09-15,21,14665020.61,899,unit,899,unit,4,1,complete,A-0143,V-Y007,12129691.01,2023-11-07,0,0,,0,,competitive
ocds-pgraph-T-0144,T-0144,1,B-021,Road resurfacing works - Palakkad (Jun 2023),road_resurfacing,Road resurfacing works,works,open,2023-06-09,6,10216023.23,48612,sq.m,48612,sq.m,4,1,complete,A-0144,V-0206,8950556.94,2023-07-12,0,0,,0,,competitive
ocds-pgraph-T-0145,T-0145,1,B-021,Borewell drilling - Palakkad (May 2024),borewell_drilling,Borewell drilling,works,direct,2024-05-21,7,1436070.86,862,metre,862,metre,1,1,complete,A-0145,V-0098,1602443.78,2024-06-09,0,0,,0,,single
ocds-pgraph-T-0146,T-0146,1,B-021,Solar street lighting - Palakkad (Jun 2025),solar_streetlight,Solar street lighting,goods,limited,2025-06-01,5,2607502.13,159,unit,159,unit,1,1,complete,A-0146,V-0172,2902691.2,2025-06-24,0,0,,0,,single
ocds-pgraph-T-0147,T-0147,1,B-021,Borewell drilling - Palakkad (Dec 2025),borewell_drilling,Borewell drilling,works,open,2025-12-14,7,,1012,metre,1012,metre,1,1,complete,A-0147,V-Y003,2204439.69,2026-02-01,0,0,,0,,single
ocds-pgraph-T-0148,T-0148,1,B-002,Road resurfacing works - Kalaburagi (Jan 2025),road_resurfacing,Road resurfacing works,works,open,2025-01-22,21,3852719.05,17231,sq.m,17231,sq.m,1,1,complete,A-0148,V-0182,4208080.66,2025-03-17,0,0,,0,,single
ocds-pgraph-T-0149,T-0149,1,B-002,Solar street lighting - Kalaburagi (Nov 2023),solar_streetlight,Solar street lighting,goods,open,2023-11-18,10,10010482.34,695,unit,695,unit,1,1,complete,A-0149,V-0093,10889889.92,2024-01-09,0,0,,0,,single
ocds-pgraph-T-0150,T-0150,1,B-002,Solar street lighting - Kalaburagi (Mar 2026),solar_streetlight,Solar street lighting,goods,open,2026-03-12,7,,745,unit,745,unit,1,1,complete,A-0150,V-0118,12942607.34,2026-04-27,0,0,,0,,single
ocds-pgraph-T-0151,T-0151,1,B-002,Road resurfacing works - Kalaburagi (Dec 2024),road_resurfacing,Road resurfacing works,works,open,2024-12-04,30,3218658.61,14486,sq.m,14486,sq.m,6,1,complete,A-0151,V-0155,2916389.87,2025-02-16,0,0,,0,,competitive
ocds-pgraph-T-0152,T-0152,1,B-002,Sanitation and waste services - Kalaburagi (Feb 2024),sanitation_services,Sanitation and waste services,services,open,2024-02-17,5,1051602.44,6,month,6,month,1,1,complete,A-0152,V-0214,1066598.05,2024-03-31,0,0,,0,,single
ocds-pgraph-T-0153,T-0153,1,B-002,Sanitation and waste services - Kalaburagi (Jul 2023),sanitation_services,Sanitation and waste services,services,open,2023-07-23,5,1819459.52,11,month,11,month,4,1,complete,A-0153,V-0214,1523007.59,2023-08-26,0,0,,0,,competitive
ocds-pgraph-T-0154,T-0154,1,B-002,Solar street lighting - Kalaburagi (Jul 2024),solar_streetlight,Solar street lighting,goods,limited,2024-07-10,14,,265,unit,265,unit,1,1,complete,A-0154,V-Y006,4149230.46,2024-08-26,0,0,,0,,single
ocds-pgraph-T-0155,T-0155,1,B-002,Sanitation and waste services - Kalaburagi (Jan 2024),sanitation_services,Sanitation and waste services,services,direct,2024-01-10,7,2858854.52,17,month,17,month,1,1,complete,A-0155,V-Y008,2842724.24,2024-01-31,0,0,,0,,single
ocds-pgraph-T-0156,T-0156,1,B-002,Sanitation and waste services - Kalaburagi (Sep 2022),sanitation_services,Sanitation and waste services,services,limited,2022-09-15,6,4639155.2,28,month,28,month,1,1,complete,A-0156,V-0214,4678838.45,2022-10-27,0,0,,0,,single
ocds-pgraph-T-0157,T-0157,1,B-002,Solar street lighting - Kalaburagi (Apr 2023),solar_streetlight,Solar street lighting,goods,open,2023-04-28,6,2723619.41,181,unit,181,unit,5,1,complete,A-0157,V-0155,2310962.81,2023-05-16,0,0,,0,,competitive
ocds-pgraph-T-0158,T-0158,1,B-002,Road resurfacing works - Kalaburagi (Nov 2023),road_resurfacing,Road resurfacing works,works,open,2023-11-06,7,7198927.81,31757,sq.m,31757,sq.m,7,1,complete,A-0158,V-0153,5561065.18,2023-12-21,0,0,,0,,competitive
ocds-pgraph-T-0159,T-0159,1,B-002,Solar street lighting - Kalaburagi (Aug 2025),solar_streetlight,Solar street lighting,goods,open,2025-08-22,6,12268444.85,740,unit,740,unit,4,1,complete,A-0159,V-0093,10746653.29,2025-09-12,0,0,,0,,competitive
ocds-pgraph-T-0160,T-0160,1,B-002,Solar street lighting - Kalaburagi (Dec 2022),solar_streetlight,Solar street lighting,goods,open,2022-12-05,14,,329,unit,329,unit,6,1,complete,A-0160,V-0118,3698555.19,2023-01-29,0,0,,0,,competitive
ocds-pgraph-T-0161,T-0161,1,B-002,Solar street lighting - Kalaburagi (May 2023),solar_streetlight,Solar street lighting,goods,open,2023-05-18,10,,368,unit,368,unit,5,1,complete,A-0161,V-0155,4669319.71,2023-06-29,0,0,,0,,competitive
ocds-pgraph-T-0162,T-0162,1,B-002,Road resurfacing works - Kalaburagi (Apr 2024),road_resurfacing,Road resurfacing works,works,open,2024-04-12,10,12262363.6,51530,sq.m,51530,sq.m,3,1,complete,A-0162,V-Y008,9704746.99,2024-06-06,0,0,,0,,competitive
ocds-pgraph-T-0163,T-0163,1,B-002,Solar street lighting - Kalaburagi (Nov 2023),solar_streetlight,Solar street lighting,goods,open,2023-11-19,6,9820819.77,686,unit,686,unit,1,1,complete,A-0163,V-Y006,9843497.25,2023-12-29,0,0,,0,,single
ocds-pgraph-T-0164,T-0164,1,B-002,Solar street lighting - Kalaburagi (Sep 2022),solar_streetlight,Solar street lighting,goods,open,2022-09-12,7,4829025.68,364,unit,364,unit,5,1,complete,A-0164,V-Y005,4163751.25,2022-10-05,0,0,,0,,competitive
ocds-pgraph-T-0165,T-0165,1,B-002,Sanitation and waste services - Kalaburagi (Mar 2024),sanitation_services,Sanitation and waste services,services,open,2024-03-29,21,1196985.38,7,month,7,month,1,1,complete,A-0165,V-0049,1279952.33,2024-05-22,0,0,,0,,single
ocds-pgraph-T-0166,T-0166,1,B-002,Solar street lighting - Kalaburagi (Oct 2025),solar_streetlight,Solar street lighting,goods,open,2025-10-06,7,4916807.29,301,unit,301,unit,2,1,complete,A-0166,V-0155,4333488.43,2025-11-18,0,0,,0,,competitive
ocds-pgraph-T-0167,T-0167,1,B-002,Road resurfacing works - Kalaburagi (Jan 2024),road_resurfacing,Road resurfacing works,works,limited,2024-01-23,30,11494807.54,54661,sq.m,54661,sq.m,1,1,complete,A-0167,V-0209,12671413.51,2024-04-01,0,0,,0,,single
ocds-pgraph-T-0168,T-0168,1,B-002,Sanitation and waste services - Kalaburagi (Dec 2022),sanitation_services,Sanitation and waste services,services,open,2022-12-07,6,5233637.05,30,month,30,month,2,1,complete,A-0168,V-0049,4655830.53,2023-01-06,0,0,,0,,competitive
ocds-pgraph-T-0169,T-0169,1,B-002,Sanitation and waste services - Kalaburagi (Jul 2024),sanitation_services,Sanitation and waste services,services,open,2024-07-29,7,1612160.34,9,month,9,month,1,1,complete,A-0169,V-0049,1693204.46,2024-08-27,0,0,,0,,single
ocds-pgraph-T-0170,T-0170,1,B-002,Road resurfacing works - Kalaburagi (Sep 2025),road_resurfacing,Road resurfacing works,works,limited,2025-09-22,7,10017464.9,44095,sq.m,44095,sq.m,1,1,complete,A-0170,V-Y006,10872493.28,2025-11-09,0,0,,0,,single
ocds-pgraph-T-0171,T-0171,1,B-002,Road resurfacing works - Kalaburagi (Jun 2026),road_resurfacing,Road resurfacing works,works,open,2026-06-26,5,,14610,sq.m,14610,sq.m,3,1,complete,A-0171,V-S001,3374614.9,2026-07-23,0,0,,0,,competitive
ocds-pgraph-T-0172,T-0172,1,B-002,Sanitation and waste services - Kalaburagi (Feb 2026),sanitation_services,Sanitation and waste services,services,direct,2026-02-09,21,5415960.42,27,month,27,month,1,1,complete,A-0172,V-0214,5661395.33,2026-04-04,0,0,,0,,single
ocds-pgraph-T-0173,T-0173,1,B-002,Sanitation and waste services - Kalaburagi (Dec 2025),sanitation_services,Sanitation and waste services,services,open,2025-12-05,5,7084648.67,36,month,36,month,3,1,complete,A-0173,V-0049,6402563.02,2026-01-24,0,0,,0,,competitive
ocds-pgraph-T-0174,T-0174,1,B-002,Road resurfacing works - Kalaburagi (Jul 2024),road_resurfacing,Road resurfacing works,works,open,2024-07-30,14,10299264.54,45070,sq.m,45070,sq.m,1,1,complete,A-0174,V-0209,10806875.32,2024-09-12,0,0,,0,,single
ocds-pgraph-T-0175,T-0175,1,B-002,Road resurfacing works - Kalaburagi (Jun 2025),road_resurfacing,Road resurfacing works,works,open,2025-06-16,5,5198267.1,22530,sq.m,22530,sq.m,1,1,complete,A-0175,V-S001,5660533.02,2025-07-15,0,0,,0,,single
ocds-pgraph-T-0176,T-0176,1,B-002,Road resurfacing works - Kalaburagi (May 2026),road_resurfacing,Road resurfacing works,works,open,2026-05-09,5,,50976,sq.m,50976,sq.m,3,1,complete,A-0176,V-0182,10013562.36,2026-05-27,0,0,,0,,competitive
ocds-pgraph-T-0177,T-0177,1,B-002,Solar street lighting - Kalaburagi (Jun 2026),solar_streetlight,Solar street lighting,goods,open,2026-06-06,5,8675817.25,517,unit,517,unit,1,1,complete,A-0177,V-0093,8557661.03,2026-07-18,0,0,,0,,single
ocds-pgraph-T-0178,T-0178,1,B-003,Road resurfacing works - Tumakuru (Apr 2025),road_resurfacing,Road resurfacing works,works,open,2025-04-20,21,8156087.28,34353,sq.m,34353,sq.m,2,1,complete,A-0178,V-0131,7554357.44,2025-06-01,0,0,,0,,competitive
ocds-pgraph-T-0179,T-0179,1,B-003,Sanitation and waste services - Tumakuru (Aug 2024),sanitation_services,Sanitation and waste services,services,open,2024-08-17,14,4268348.44,24,month,24,month,4,1,complete,A-0179,V-0049,4033707.09,2024-10-02,0,0,,0,,competitive
ocds-pgraph-T-0180,T-0180,1,B-003,Sanitation and waste services - Tumakuru (Oct 2022),sanitation_services,Sanitation and waste services,services,open,2022-10-19,21,,27,month,27,month,3,1,complete,A-0180,V-0106,4023508.56,2022-12-18,0,0,,0,,competitive
ocds-pgraph-T-0181,T-0181,1,B-003,Sanitation and waste services - Tumakuru (Jan 2025),sanitation_services,Sanitation and waste services,services,open,2025-01-12,14,1404234.81,8,month,8,month,4,1,complete,A-0181,V-0106,1153421.0,2025-02-28,0,0,,0,,competitive
ocds-pgraph-T-0182,T-0182,1,B-003,Road resurfacing works - Tumakuru (Nov 2022),road_resurfacing,Road resurfacing works,works,open,2022-11-06,21,10352816.04,47136,sq.m,47136,sq.m,1,1,complete,A-0182,V-0218,10452496.85,2022-12-10,0,0,,0,,competitive
ocds-pgraph-T-0183,T-0183,1,B-003,Road resurfacing works - Tumakuru (Jan 2026),road_resurfacing,Road resurfacing works,works,open,2026-01-31,30,,22344,sq.m,22344,sq.m,3,1,complete,A-0183,V-0155,4749952.93,2026-03-20,0,0,,0,,competitive
ocds-pgraph-T-0184,T-0184,1,B-003,Sanitation and waste services - Tumakuru (Mar 2026),sanitation_services,Sanitation and waste services,services,open,2026-03-20,10,6396352.55,34,month,34,month,4,1,complete,A-0184,V-0214,5610188.43,2026-04-15,0,0,,0,,competitive
ocds-pgraph-T-0185,T-0185,1,B-003,Solar street lighting - Tumakuru (Jul 2023),solar_streetlight,Solar street lighting,goods,open,2023-07-12,30,11265175.09,804,unit,804,unit,6,1,complete,A-0185,V-0093,9654689.83,2023-09-07,0,0,,0,,competitive
ocds-pgraph-T-0186,T-0186,1,B-003,Road resurfacing works - Tumakuru (Dec 2023),road_resurfacing,Road resurfacing works,works,open,2023-12-05,21,2549173.01,11685,sq.m,11685,sq.m,5,1,complete,A-0186,V-Y008,2162832.4,2024-01-16,0,0,,0,,competitive
ocds-pgraph-T-0187,T-0187,1,B-003,Road resurfacing works - Tumakuru (May 2023),road_resurfacing,Road resurfacing works,works,open,2023-05-14,21,9063238.44,43780,sq.m,43780,sq.m,5,1,complete,A-0187,V-0131,8064154.1,2023-07-14,0,0,,0,,competitive
ocds-pgraph-T-0188,T-0188,1,B-003,Solar street lighting - Tumakuru (Apr 2024),solar_streetlight,Solar street lighting,goods,open,2024-04-04,14,8252012.97,515,unit,515,unit,3,1,complete,A-0188,V-0218,6812984.26,2024-05-13,0,0,,0,,competitive
ocds-pgraph-T-0189,T-0189,1,B-003,Sanitation and waste services - Tumakuru (May 2025),sanitation_services,Sanitation and waste services,services,open,2025-05-19,14,5450181.1,28,month,28,month,4,1,complete,A-0189,V-0106,4727119.28,2025-07-12,0,0,,0,,competitive
ocds-pgraph-T-0190,T-0190,1,B-003,Solar street lighting - Tumakuru (Jan 2023),solar_streetlight,Solar street lighting,goods,open,2023-01-02,7,10720437.74,767,unit,767,unit,4,1,complete,A-0190,V-0155,9342283.3,2023-01-20,0,0,,0,,competitive
ocds-pgraph-T-0191,T-0191,1,B-003,Solar street lighting - Tumakuru (Oct 2025),solar_streetlight,Solar street lighting,goods,open,2025-10-15,14,9913094.63,601,unit,601,unit,7,1,complete,A-0191,V-Y005,8051273.51,2025-11-25,0,0,,0,,competitive
ocds-pgraph-T-0192,T-0192,1,B-003,Solar street lighting - Tumakuru (Nov 2024),solar_streetlight,Solar street lighting,goods,open,2024-11-13,14,6888138.48,441,unit,441,unit,1,1,complete,A-0192,V-0155,7340743.92,2025-01-09,0,0,,0,,competitive
ocds-pgraph-T-0193,T-0193,1,B-003,Road resurfacing works - Tumakuru (Feb 2024),road_resurfacing,Road resurfacing works,works,open,2024-02-16,30,6250793.14,26803,sq.m,26803,sq.m,1,1,complete,A-0193,V-0013,5134512.46,2024-04-10,0,0,,0,,competitive
ocds-pgraph-T-0194,T-0194,1,B-003,Solar street lighting - Tumakuru (Mar 2023),solar_streetlight,Solar street lighting,goods,open,2023-03-01,10,8147329.41,511,unit,511,unit,3,1,complete,A-0194,V-0218,6891643.26,2023-04-24,0,0,,0,,competitive
ocds-pgraph-T-0195,T-0195,1,B-003,Solar street lighting - Tumakuru (Apr 2023),solar_streetlight,Solar street lighting,goods,open,2023-04-15,30,3495960.13,223,unit,223,unit,3,1,complete,A-0195,V-0123,2731843.76,2023-06-13,0,0,,0,,competitive
ocds-pgraph-T-0196,T-0196,1,B-003,Solar street lighting - Tumakuru (Nov 2024),solar_streetlight,Solar street lighting,goods,open,2024-11-02,21,10280102.35,650,unit,650,unit,2,1,complete,A-0196,V-0118,9385132.07,2024-12-27,0,0,,0,,competitive
ocds-pgraph-T-0197,T-0197,1,B-003,Solar street lighting - Tumakuru (Nov 2025),solar_streetlight,Solar street lighting,goods,open,2025-11-07,14,9808700.85,591,unit,591,unit,1,1,complete,A-0197,V-0118,8605687.73,2025-12-05,0,0,,0,,competitive
ocds-pgraph-T-0198,T-0198,1,B-003,Road resurfacing works - Tumakuru (Aug 2023),road_resurfacing,Road resurfacing works,works,open,2023-08-31,30,,9218,sq.m,9218,sq.m,1,1,complete,A-0198,V-0153,1949369.93,2023-10-25,0,0,,0,,competitive
ocds-pgraph-T-0199,T-0199,1,B-003,Sanitation and waste services - Tumakuru (Oct 2023),sanitation_services,Sanitation and waste services,services,open,2023-10-06,14,2862129.88,16,month,16,month,3,1,complete,A-0199,V-Y008,2522641.06,2023-11-25,0,0,,0,,competitive
ocds-pgraph-T-0200,T-0200,1,B-003,Road resurfacing works - Tumakuru (Aug 2025),road_resurfacing,Road resurfacing works,works,open,2025-08-07,7,4112994.11,15877,sq.m,15877,sq.m,1,1,complete,A-0200,V-S001,3885067.03,2025-09-25,0,0,,0,,competitive
ocds-pgraph-T-0201,T-0201,1,B-003,Solar street lighting - Tumakuru (Mar 2024),solar_streetlight,Solar street lighting,goods,open,2024-03-08,14,5832224.89,383,unit,383,unit,4,1,complete,A-0201,V-0061,4917786.42,2024-04-09,0,0,,0,,competitive
ocds-pgraph-T-0202,T-0202,1,B-012,Medical consumables supply - Amravati (Oct 2023),medical_supplies,Medical consumables supply,goods,open,2023-10-31,10,29022688.42,53609,unit,53609,unit,4,1,complete,A-0202,V-0191,30096475.54,2023-12-22,0,0,,0,,competitive
ocds-pgraph-T-0203,T-0203,1,B-012,Biomedical equipment servicing - Amravati (Dec 2024),biomedical_service,Biomedical equipment servicing,services,open,2024-12-09,14,5210587.92,3,year,3,year,2,1,complete,A-0203,V-0143,5148598.06,2025-01-10,0,0,,0,,competitive
ocds-pgraph-T-0204,T-0204,1,B-012,Ambulance procurement - Amravati (Oct 2025),ambulance_vehicle,Ambulance procurement,goods,open,2025-10-26,21,33223624.49,13,unit,13,unit,5,1,complete,A-0204,V-0070,29649341.5,2025-11-27,0,0,,0,,competitive
ocds-pgraph-T-0205,T-0205,1,B-012,Medical consumables supply - Amravati (Aug 2025),medical_supplies,Medical consumables supply,goods,open,2025-08-20,30,25713457.49,38031,unit,38031,unit,2,1,complete,A-0205,V-0191,22538969.38,2025-10-04,0,0,,0,,competitive
ocds-pgraph-T-0206,T-0206,1,B-012,Generic drug supply - Amravati (Nov 2025),drugs_generic,Generic drug supply,goods,open,2025-11-16,14,8199452.43,284635,strip,284635,strip,1,1,complete,A-0206,V-0021,9091402.29,2026-01-01,0,0,,0,,competitive
ocds-pgraph-T-0207,T-0207,1,B-012,Generic drug supply - Amravati (Aug 2025),drugs_generic,Generic drug supply,goods,open,2025-08-29,7,7850796.56,242850,strip,242850,strip,1,1,complete,A-0207,V-0050,8193884.54,2025-09-23,0,0,,0,,single
ocds-pgraph-T-0208,T-0208,1,B-012,Medical consumables supply - Amravati (Dec 2024),medical_supplies,Medical consumables supply,goods,open,2024-12-26,21,2471915.05,3938,unit,3938,unit,5,1,complete,A-0208,V-0018,2165310.47,2025-02-14,0,0,,0,,competitive
ocds-pgraph-T-0209,T-0209,1,B-012,Medical consumables supply - Amravati (Jul 2025),medical_supplies,Medical consumables supply,goods,open,2025-07-31,14,,21561,unit,21561,unit,1,1,complete,A-0209,V-0191,13170868.7,2025-09-24,0,0,,0,,competitive
ocds-pgraph-T-0210,T-0210,1,B-012,Ambulance procurement - Amravati (Nov 2022),ambulance_vehicle,Ambulance procurement,goods,open,2022-11-19,7,9270797.76,4,unit,4,unit,4,1,complete,A-0210,V-0149,7968435.72,2022-12-23,0,0,,0,,competitive
ocds-pgraph-T-0211,T-0211,1,B-012,Medical consumables supply - Amravati (Oct 2024),medical_supplies,Medical consumables supply,goods,open,2024-10-09,21,12334451.47,19916,unit,19916,unit,3,1,complete,A-0211,V-0191,11520018.35,2024-12-08,0,0,,0,,competitive
ocds-pgraph-T-0212,T-0212,1,B-012,Generic drug supply - Amravati (Mar 2026),drugs_generic,Generic drug supply,goods,open,2026-03-23,14,,684659,strip,684659,strip,6,1,complete,A-0212,V-0084,20201755.11,2026-05-14,0,0,,0,,competitive
ocds-pgraph-T-0213,T-0213,1,B-012,Ambulance procurement - Amravati (Jul 2023),ambulance_vehicle,Ambulance procurement,goods,open,2023-07-27,7,45937427.19,20,unit,20,unit,1,1,complete,A-0213,V-0191,48305731.92,2023-08-28,0,0,,0,,single
ocds-pgraph-T-0214,T-0214,1,B-012,Medical consumables supply - Amravati (Sep 2023),medical_supplies,Medical consumables supply,goods,open,2023-09-26,30,23236696.84,38966,unit,38966,unit,0,0,complete,A-0214,V-0087,19381456.54,2023-11-17,0,0,,0,,competitive
ocds-pgraph-T-0215,T-0215,1,B-012,Medical consumables supply - Amravati (Dec 2025),medical_supplies,Medical consumables supply,goods,open,2025-12-11,21,13779386.51,20759,unit,20759,unit,1,1,complete,A-0215,V-0191,14349188.23,2026-02-14,0,0,,0,,single
ocds-pgraph-T-0216,T-0216,1,B-012,Medical consumables supply - Amravati (Dec 2024),medical_supplies,Medical consumables supply,goods,open,2024-12-31,30,29609468.57,49893,unit,49893,unit,4,1,complete,A-0216,V-0042,26511485.6,2025-02-21,0,0,,0,,competitive
ocds-pgraph-T-0217,T-0217,1,B-012,Biomedical equipment servicing - Amravati (Mar 2023),biomedical_service,Biomedical equipment servicing,services,open,2023-03-21,21,3565817.6,2,year,2,year,2,1,complete,A-0217,V-0038,3451202.85,2023-05-12,0,0,,0,,competitive
ocds-pgraph-T-0218,T-0218,1,B-012,Generic drug supply - Amravati (Dec 2024),drugs_generic,Generic drug supply,goods,open,2024-12-23,21,15098530.19,525200,strip,525200,strip,3,1,complete,A-0218,V-0065,13924225.31,2025-02-22,0,0,,0,,competitive
ocds-pgraph-T-0219,T-0219,1,B-012,Generic drug supply - Amravati (Mar 2024),drugs_generic,Generic drug supply,goods,open,2024-03-20,30,13052670.53,513775,strip,513775,strip,1,1,complete,A-0219,V-0210,12280745.3,2024-05-30,0,0,,0,,competitive
ocds-pgraph-T-0220,T-0220,1,B-012,Medical consumables supply - Amravati (Apr 2025),medical_supplies,Medical consumables supply,goods,open,2025-04-04,30,12571906.62,18484,unit,18484,unit,5,1,complete,A-0220,V-0042,10501137.49,2025-05-22,0,0,,0,,competitive
ocds-pgraph-T-0221,T-0221,1,B-012,Ambulance procurement - Amravati (Feb 2026),ambulance_vehicle,Ambulance procurement,goods,open,2026-02-18,14,64418738.31,26,unit,26,unit,7,1,complete,A-0221,V-0070,57547349.85,2026-03-26,0,0,,0,,competitive
ocds-pgraph-T-0222,T-0222,1,B-012,Medical consumables supply - Amravati (Aug 2023),medical_supplies,Medical consumables supply,goods,open,2023-08-03,21,28426689.37,46591,unit,46591,unit,4,1,complete,A-0222,V-0200,23462187.73,2023-09-15,0,0,,0,,competitive
ocds-pgraph-T-0223,T-0223,1,B-012,Medical consumables supply - Amravati (Mar 2026),medical_supplies,Medical consumables supply,goods,open,2026-03-27,14,18479667.6,25592,unit,25592,unit,3,1,complete,A-0223,V-0018,14968309.92,2026-05-22,0,0,,0,,competitive
ocds-pgraph-T-0224,T-0224,1,B-012,Biomedical equipment servicing - Amravati (Aug 2024),biomedical_service,Biomedical equipment servicing,services,open,2024-08-18,10,3853589.64,2,year,2,year,4,1,complete,A-0224,V-0156,3325365.36,2024-09-15,0,0,,0,,competitive
ocds-pgraph-T-0225,T-0225,1,B-012,Ambulance procurement - Amravati (Sep 2022),ambulance_vehicle,Ambulance procurement,goods,open,2022-09-29,14,28115536.24,13,unit,13,unit,6,1,complete,A-0225,V-0191,22611445.19,2022-11-21,0,0,,0,,competitive
ocds-pgraph-T-0226,T-0226,1,B-012,Biomedical equipment servicing - Amravati (Jun 2023),biomedical_service,Biomedical equipment servicing,services,open,2023-06-09,21,4734862.1,3,year,3,year,6,1,complete,A-0226,V-0156,4233901.58,2023-07-21,0,0,,0,,competitive
ocds-pgraph-T-0227,T-0227,1,B-012,Biomedical equipment servicing - Amravati (May 2024),biomedical_service,Biomedical equipment servicing,services,open,2024-05-25,14,4122111.27,2,year,2,year,0,0,complete,A-0227,V-0156,3344765.01,2024-07-10,0,0,,0,,competitive
ocds-pgraph-T-0228,T-0228,1,B-012,Generic drug supply - Amravati (Sep 2022),drugs_generic,Generic drug supply,goods,open,2022-09-28,14,22135614.78,816776,strip,816776,strip,3,1,complete,A-0228,V-0050,18083445.79,2022-11-05,0,0,,0,,competitive
ocds-pgraph-T-0229,T-0229,1,B-029,Water supply pipeline works - Sambalpur (Jul 2025),water_pipeline,Water supply pipeline works,works,open,2025-07-01,14,1970502.4,758,metre,758,metre,5,1,complete,A-0229,V-0072,1697374.46,2025-08-02,0,0,,0,,competitive
ocds-pgraph-T-0230,T-0230,1,B-029,Borewell drilling - Sambalpur (Nov 2023),borewell_drilling,Borewell drilling,works,open,2023-11-19,10,3024161.92,2034,metre,2034,metre,5,1,complete,A-0230,V-0152,2752162.46,2023-12-31,0,0,,0,,competitive
ocds-pgraph-T-0231,T-0231,1,B-029,Water supply pipeline works - Sambalpur (Dec 2025),water_pipeline,Water supply pipeline works,works,open,2025-12-29,14,12913600.24,5040,metre,5040,metre,4,1,complete,A-0231,V-0078,10512202.87,2026-02-16,0,0,,0,,competitive
ocds-pgraph-T-0232,T-0232,1,B-029,Borewell drilling - Sambalpur (May 2025),borewell_drilling,Borewell drilling,works,open,2025-05-18,30,2389159.46,1450,metre,1450,metre,4,1,complete,A-0232,V-0152,2031352.88,2025-07-20,0,0,,0,,competitive
ocds-pgraph-T-0233,T-0233,1,B-029,Borewell drilling - Sambalpur (Nov 2025),borewell_drilling,Borewell drilling,works,open,2025-11-30,21,,2171,metre,2171,metre,5,1,complete,A-0233,V-0152,2799868.4,2026-02-02,0,0,,0,,competitive
ocds-pgraph-T-0234,T-0234,1,B-029,Water supply pipeline works - Sambalpur (Jan 2024),water_pipeline,Water supply pipeline works,works,open,2024-01-01,10,2744587.45,1196,metre,1196,metre,5,1,complete,A-0234,V-0168,2122110.59,2024-01-29,0,0,,0,,competitive
ocds-pgraph-T-0235,T-0235,1,B-029,Water supply pipeline works - Sambalpur (Mar 2023),water_pipeline,Water supply pipeline works,works,open,2023-03-22,30,10689612.49,4793,metre,4793,metre,5,1,complete,A-0235,V-0078,8798604.95,2023-05-10,0,0,,0,,competitive
ocds-pgraph-T-0236,T-0236,1,B-029,Water supply pipeline works - Sambalpur (May 2025),water_pipeline,Water supply pipeline works,works,open,2025-05-28,7,,606,metre,606,metre,1,1,complete,A-0236,V-0229,1255300.8,2025-07-02,0,0,,0,,competitive
ocds-pgraph-T-0237,T-0237,1,B-029,Water supply pipeline works - Sambalpur (Apr 2023),water_pipeline,Water supply pipeline works,works,open,2023-04-05,14,,2593,metre,2593,metre,2,1,complete,A-0237,V-0078,4694993.05,2023-06-01,0,0,,0,,competitive
ocds-pgraph-T-0238,T-0238,1,B-029,Borewell drilling - Sambalpur (Dec 2023),borewell_drilling,Borewell drilling,works,open,2023-12-08,30,1332656.66,958,metre,958,metre,3,1,complete,A-0238,V-0113,1219269.09,2024-02-13,0,0,,0,,competitive
ocds-pgraph-T-0239,T-0239,1,B-029,Borewell drilling - Sambalpur (Dec 2024),borewell_drilling,Borewell drilling,works,open,2024-12-03,21,2832844.5,1716,metre,1716,metre,1,1,complete,A-0239,V-0120,2999856.89,2025-01-07,0,0,,0,,single
ocds-pgraph-T-0240,T-0240,1,B-029,Water supply pipeline works - Sambalpur (Feb 2023),water_pipeline,Water supply pipeline works,works,open,2023-02-18,14,4485562.87,1815,metre,1815,metre,5,1,complete,A-0240,V-0168,3633808.72,2023-03-23,0,0,,0,,competitive
ocds-pgraph-T-0241,T-0241,1,B-029,Borewell drilling - Sambalpur (Jul 2023),borewell_drilling,Borewell drilling,works,open,2023-07-27,30,1549388.75,1055,metre,1055,metre,4,1,complete,A-0241,V-0113,1337546.76,2023-10-07,0,0,,0,,competitive
ocds-pgraph-T-0242,T-0242,1,B-029,Borewell drilling - Sambalpur (Sep 2023),borewell_drilling,Borewell drilling,works,open,2023-09-01,14,3191376.86,1979,metre,1979,metre,4,1,complete,A-0242,V-0120,2885488.51,2023-10-18,0,0,,0,,competitive
ocds-pgraph-T-0243,T-0243,1,B-029,Water supply pipeline works - Sambalpur (May 2026),water_pipeline,Water supply pipeline works,works,open,2026-05-03,30,7494271.77,3100,metre,3100,metre,2,1,complete,A-0243,V-0072,7109794.19,2026-06-29,0,0,,0,,competitive
ocds-pgraph-T-0244,T-0244,1,B-029,Water supply pipeline works - Sambalpur (Dec 2025),water_pipeline,Water supply pipeline works,works,open,2025-12-13,14,14510873.4,5492,metre,5492,metre,5,1,complete,A-0244,V-0168,11994063.94,2026-02-04,0,0,,0,,competitive
ocds-pgraph-T-0245,T-0245,1,B-029,Borewell drilling - Sambalpur (Feb 2024),borewell_drilling,Borewell drilling,works,open,2024-02-25,14,3862986.74,2413,metre,2413,metre,2,1,complete,A-0245,V-0152,3687116.31,2024-04-05,0,0,,0,,competitive
ocds-pgraph-T-0246,T-0246,1,B-029,Water supply pipeline works - Sambalpur (Jul 2025),water_pipeline,Water supply pipeline works,works,open,2025-07-09,10,5431691.01,2304,metre,2304,metre,4,1,complete,A-0246,V-0168,4776900.29,2025-08-24,0,0,,0,,competitive
ocds-pgraph-T-0247,T-0247,1,B-029,Borewell drilling - Sambalpur (Apr 2025),borewell_drilling,Borewell drilling,works,open,2025-04-20,14,3228336.21,2005,metre,2005,metre,4,1,complete,A-0247,V-0058,2840430.91,2025-06-05,0,0,,0,,competitive
ocds-pgraph-T-0248,T-0248,1,B-029,Water supply pipeline works - Sambalpur (Jul 2024),water_pipeline,Water supply pipeline works,works,open,2024-07-09,21,2370126.57,1089,metre,1089,metre,2,1,complete,A-0248,V-0168,2022229.15,2024-08-26,0,0,,0,,competitive
ocds-pgraph-T-0249,T-0249,1,B-029,Water supply pipeline works - Sambalpur (Jan 2025),water_pipeline,Water supply pipeline works,works,open,2025-01-31,14,10771416.47,3951,metre,3951,metre,1,1,complete,A-0249,V-0078,8785030.29,2025-03-23,0,0,,0,,competitive
ocds-pgraph-T-0250,T-0250,1,B-029,Water supply pipeline works - Sambalpur (May 2026),water_pipeline,Water supply pipeline works,works,open,2026-05-17,14,888180.17,346,metre,346,metre,1,1,complete,A-0250,V-0168,712286.13,2026-06-17,0,0,,0,,competitive
ocds-pgraph-T-0251,T-0251,1,B-029,Water supply pipeline works - Sambalpur (May 2023),water_pipeline,Water supply pipeline works,works,open,2023-05-12,21,12614745.73,5991,metre,5991,metre,6,1,complete,A-0251,V-0189,11037610.94,2023-07-15,0,0,,0,,competitive
ocds-pgraph-T-0252,T-0252,1,B-013,Solar street lighting - Nashik (Nov 2024),solar_streetlight,Solar street lighting,goods,open,2024-11-16,21,,729,unit,729,unit,5,1,complete,A-0252,V-0228,9940279.11,2025-01-10,0,0,,0,,competitive
ocds-pgraph-T-0253,T-0253,1,B-013,Solar street lighting - Nashik (Jul 2026),solar_streetlight,Solar street lighting,goods,open,2026-07-03,21,10108170.85,563,unit,563,unit,6,1,complete,A-0253,V-0228,8788965.37,2026-08-13,0,0,,0,,competitive
ocds-pgraph-T-0254,T-0254,1,B-013,Solar street lighting - Nashik (Nov 2025),solar_streetlight,Solar street lighting,goods,open,2025-11-14,7,5161683.36,296,unit,296,unit,2,1,complete,A-0254,V-0188,4361716.05,2025-12-17,0,0,,0,,competitive
ocds-pgraph-T-0255,T-0255,1,B-013,Sanitation and waste services - Nashik (Nov 2023),sanitation_services,Sanitation and waste services,services,open,2023-11-13,10,4498907.21,25,month,25,month,6,1,complete,A-0255,V-0144,3958655.74,2023-12-08,0,0,,0,,competitive
ocds-pgraph-T-0256,T-0256,1,B-013,Sanitation and waste services - Nashik (Sep 2022),sanitation_services,Sanitation and waste services,services,open,2022-09-11,7,2714699.7,16,month,16,month,1,1,complete,A-0256,V-0211,2770885.54,2022-10-27,0,0,,0,,single
ocds-pgraph-T-0257,T-0257,1,B-013,Sanitation and waste services - Nashik (Sep 2022),sanitation_services,Sanitation and waste services,services,open,2022-09-05,10,4516277.07,27,month,27,month,5,1,complete,A-0257,V-0208,4626667.76,2022-10-06,0,0,,0,,competitive
ocds-pgraph-T-0258,T-0258,1,B-013,Road resurfacing works - Nashik (May 2026),road_resurfacing,Road resurfacing works,works,open,2026-05-08,10,5166816.93,21519,sq.m,21519,sq.m,6,1,complete,A-0258,V-0210,4335293.95,2026-06-08,0,0,,0,,competitive
ocds-pgraph-T-0259,T-0259,1,B-013,Solar street lighting - Nashik (Oct 2023),solar_streetlight,Solar street lighting,goods,open,2023-10-07,7,9959565.06,608,unit,608,unit,3,1,complete,A-0259,V-0084,8280461.75,2023-10-29,0,0,,0,,competitive
ocds-pgraph-T-0260,T-0260,1,B-013,Solar street lighting - Nashik (Apr 2024),solar_streetlight,Solar street lighting,goods,open,2024-04-09,10,10555314.58,673,unit,673,unit,1,1,complete,A-0260,V-0188,11606889.44,2024-05-22,0,0,,0,,competitive
ocds-pgraph-T-0261,T-0261,1,B-013,Sanitation and waste services - Nashik (Jul 2025),sanitation_services,Sanitation and waste services,services,open,2025-07-29,7,4203341.89,19,month,19,month,3,1,complete,A-0261,V-0144,3661891.59,2025-08-23,0,0,,0,,competitive
ocds-pgraph-T-0262,T-0262,1,B-013,Solar street lighting - Nashik (Jan 2025),solar_streetlight,Solar street lighting,goods,open,2025-01-31,14,7078263.93,399,unit,399,unit,7,1,complete,A-0262,V-0219,6382279.31,2025-03-17,0,0,,0,,competitive
ocds-pgraph-T-0263,T-0263,1,B-013,Solar street lighting - Nashik (Apr 2025),solar_streetlight,Solar street lighting,goods,open,2025-04-01,14,14141683.93,795,unit,795,unit,2,1,complete,A-0263,V-0228,11462806.74,2025-05-25,0,0,,0,,competitive
ocds-pgraph-T-0264,T-0264,1,B-013,Road resurfacing works - Nashik (Nov 2025),road_resurfacing,Road resurfacing works,works,open,2025-11-24,21,3794366.13,14030,sq.m,14030,sq.m,2,1,complete,A-0264,V-0156,2998491.53,2026-01-16,0,0,,0,,competitive
ocds-pgraph-T-0265,T-0265,1,B-013,Road resurfacing works - Nashik (Nov 2025),road_resurfacing,Road resurfacing works,works,open,2025-11-04,14,8965648.33,35918,sq.m,35918,sq.m,5,1,complete,A-0265,V-0210,8044525.02,2025-12-24,0,0,,0,,competitive
ocds-pgraph-T-0266,T-0266,1,B-013,Solar street lighting - Nashik (Nov 2024),solar_streetlight,Solar street lighting,goods,open,2024-11-12,14,,103,unit,103,unit,2,1,complete,A-0266,V-0228,1512962.38,2024-12-11,0,0,,0,,competitive
ocds-pgraph-T-0267,T-0267,1,B-013,Road resurfacing works - Nashik (May 2026),road_resurfacing,Road resurfacing works,works,open,2026-05-12,7,3400998.74,12917,sq.m,12917,sq.m,3,1,complete,A-0267,V-0021,3044804.59,2026-06-14,0,0,,0,,competitive
ocds-pgraph-T-0268,T-0268,1,B-013,Sanitation and waste services - Nashik (Feb 2024),sanitation_services,Sanitation and waste services,services,open,2024-02-13,7,1917980.9,10,month,10,month,4,1,complete,A-0268,V-0170,1574825.7,2024-03-26,0,0,,0,,competitive
ocds-pgraph-T-0269,T-0269,1,B-013,Road resurfacing works - Nashik (Nov 2025),road_resurfacing,Road resurfacing works,works,open,2025-11-01,21,8372933.16,32936,sq.m,32936,sq.m,6,1,complete,A-0269,V-0197,6930473.71,2025-12-17,0,0,,0,,competitive
ocds-pgraph-T-0270,T-0270,1,B-013,Sanitation and waste services - Nashik (Sep 2025),sanitation_services,Sanitation and waste services,services,open,2025-09-05,30,2250012.57,11,month,11,month,3,1,complete,A-0270,V-0211,2154167.95,2025-10-21,0,0,,0,,competitive
ocds-pgraph-T-0271,T-0271,1,B-013,Sanitation and waste services - Nashik (Apr 2026),sanitation_services,Sanitation and waste services,services,open,2026-04-07,14,6026456.16,32,month,32,month,4,1,complete,A-0271,V-0111,5357188.1,2026-06-03,0,0,,0,,competitive
ocds-pgraph-T-0272,T-0272,1,B-013,Road resurfacing works - Nashik (Oct 2025),road_resurfacing,Road resurfacing works,works,open,2025-10-28,30,13719890.15,53630,sq.m,53630,sq.m,5,1,complete,A-0272,V-0021,11360141.72,2026-01-01,0,0,,0,,competitive
ocds-pgraph-T-0273,T-0273,1,B-013,Solar street lighting - Nashik (Dec 2024),solar_streetlight,Solar street lighting,goods,open,2024-12-30,21,4035440.17,265,unit,265,unit,0,0,complete,A-0273,V-0188,4058279.38,2025-02-22,0,0,,0,,competitive
ocds-pgraph-T-0274,T-0274,1,B-013,Sanitation and waste services - Nashik (Jun 2026),sanitation_services,Sanitation and waste services,services,open,2026-06-16,21,3612195.57,18,month,18,month,5,1,complete,A-0274,V-0211,3066581.78,2026-08-19,0,0,,0,,competitive
ocds-pgraph-T-0275,T-0275,1,B-013,Solar street lighting - Nashik (Aug 2023),solar_streetlight,Solar street lighting,goods,open,2023-08-30,7,14179551.59,882,unit,882,unit,0,0,complete,A-0275,V-0015,11389920.34,2023-09-19,0,0,,0,,competitive
ocds-pgraph-T-0276,T-0276,1,B-013,Sanitation and waste services - Nashik (Sep 2025),sanitation_services,Sanitation and waste services,services,open,2025-09-25,14,2923106.34,15,month,15,month,4,1,complete,A-0276,V-0211,2588396.48,2025-10-30,0,0,,0,,competitive
ocds-pgraph-T-0277,T-0277,1,B-013,Solar street lighting - Nashik (Dec 2024),solar_streetlight,Solar street lighting,goods,open,2024-12-23,30,3487727.05,206,unit,206,unit,4,1,complete,A-0277,V-0188,3255304.53,2025-02-02,0,0,,0,,competitive
ocds-pgraph-T-0278,T-0278,1,B-007,Borewell drilling - Tumakuru (May 2024),borewell_drilling,Borewell drilling,works,open,2024-05-31,21,4272811.05,2423,metre,2423,metre,4,1,complete,A-0278,V-0238,3663009.45,2024-07-26,0,0,,0,,competitive
ocds-pgraph-T-0279,T-0279,1,B-007,Road resurfacing works - Tumakuru (Sep 2024),road_resurfacing,Road resurfacing works,works,open,2024-09-21,7,10938904.68,49427,sq.m,49427,sq.m,6,1,complete,A-0279,V-0096,9861543.95,2024-10-17,0,0,,0,,competitive
ocds-pgraph-T-0280,T-0280,1,B-007,Road resurfacing works - Tumakuru (Nov 2025),road_resurfacing,Road resurfacing works,works,open,2025-11-15,21,7145619.62,28350,sq.m,28350,sq.m,0,0,complete,A-0280,V-0218,5888095.63,2025-12-24,0,0,,0,,competitive
ocds-pgraph-T-0281,T-0281,1,B-007,Solar street lighting - Tumakuru (Nov 2024),solar_streetlight,Solar street lighting,goods,open,2024-11-24,7,11871135.03,805,unit,805,unit,1,1,complete,A-0281,V-0123,12143523.44,2024-12-11,0,0,,0,,competitive
ocds-pgraph-T-0282,T-0282,1,B-007,Road resurfacing works - Tumakuru (Oct 2022),road_resurfacing,Road resurfacing works,works,open,2022-10-07,21,8247553.88,41166,sq.m,41166,sq.m,4,1,complete,A-0282,V-Y008,6795399.31,2022-11-08,0,0,,0,,competitive
ocds-pgraph-T-0283,T-0283,1,B-007,Road resurfacing works - Tumakuru (Jun 2024),road_resurfacing,Road resurfacing works,works,open,2024-06-16,7,10210943.77,45720,sq.m,45720,sq.m,7,1,complete,A-0283,V-0209,8976891.22,2024-08-04,0,0,,0,,competitive
ocds-pgraph-T-0284,T-0284,1,B-007,Solar street lighting - Tumakuru (Jul 2023),solar_streetlight,Solar street lighting,goods,open,2023-07-09,14,1443432.84,96,unit,96,unit,3,1,complete,A-0284,V-0093,1286480.04,2023-09-03,0,0,,0,,competitive
ocds-pgraph-T-0285,T-0285,1,B-007,Solar street lighting - Tumakuru (Dec 2022),solar_streetlight,Solar street lighting,goods,open,2022-12-31,7,2881740.19,201,unit,201,unit,2,1,complete,A-0285,V-0093,2503590.0,2023-01-17,0,0,,0,,competitive
ocds-pgraph-T-0286,T-0286,1,B-007,Solar street lighting - Tumakuru (Feb 2024),solar_streetlight,Solar street lighting,goods,open,2024-02-11,14,5608730.39,394,unit,394,unit,2,1,complete,A-0286,V-Y006,4900701.17,2024-04-03,0,0,,0,,competitive
ocds-pgraph-T-0287,T-0287,1,B-007,Borewell drilling - Tumakuru (Nov 2024),borewell_drilling,Borewell drilling,works,open,2024-11-28,21,2179889.33,1238,metre,1238,metre,6,1,complete,A-0287,V-0090,1830917.62,2025-01-04,0,0,,0,,competitive
ocds-pgraph-T-0288,T-0288,1,B-007,Road resurfacing works - Tumakuru (Nov 2025),road_resurfacing,Road resurfacing works,works,open,2025-11-15,14,9445124.85,36839,sq.m,36839,sq.m,3,1,complete,A-0288,V-0096,8201567.27,2025-12-30,0,0,,0,,competitive
ocds-pgraph-T-0289,T-0289,1,B-007,Borewell drilling - Tumakuru (Jul 2026),borewell_drilling,Borewell drilling,works,open,2026-07-15,14,2017060.93,1033,metre,1033,metre,4,1,complete,A-0289,V-0069,1828676.14,2026-08-19,0,0,,0,,competitive
ocds-pgraph-T-0290,T-0290,1,B-007,Road resurfacing works - Tumakuru (Sep 2023),road_resurfacing,Road resurfacing works,works,open,2023-09-15,10,11759496.3,56010,sq.m,56010,sq.m,3,1,complete,A-0290,V-0131,9299011.47,2023-10-11,0,0,,0,,competitive
ocds-pgraph-T-0291,T-0291,1,B-007,Solar street lighting - Tumakuru (Jun 2025),solar_streetlight,Solar street lighting,goods,open,2025-06-16,14,6302572.31,397,unit,397,unit,4,1,complete,A-0291,V-0155,6372264.89,2025-08-14,0,0,,0,,competitive
ocds-pgraph-T-0292,T-0292,1,B-007,Road resurfacing works - Tumakuru (Nov 2025),road_resurfacing,Road resurfacing works,works,open,2025-11-25,21,6194551.16,28009,sq.m,28009,sq.m,2,1,complete,A-0292,V-Y008,5655459.1,2026-01-15,0,0,,0,,competitive
ocds-pgraph-T-0293,T-0293,1,B-007,Road resurfacing works - Tumakuru (Jun 2026),road_resurfacing,Road resurfacing works,works,open,2026-06-03,7,6392378.77,25705,sq.m,25705,sq.m,3,1,complete,A-0293,V-Y008,5398509.37,2026-07-10,0,0,,0,,competitive
ocds-pgraph-T-0294,T-0294,1,B-007,Solar street lighting - Tumakuru (Jan 2026),solar_streetlight,Solar street lighting,goods,open,2026-01-31,10,11135690.94,661,unit,661,unit,3,1,complete,A-0294,V-0155,11107942.71,2026-03-14,0,0,,0,,competitive
ocds-pgraph-T-0295,T-0295,1,B-007,Borewell drilling - Tumakuru (Feb 2025),borewell_drilling,Borewell drilling,works,open,2025-02-26,7,1538825.4,840,metre,840,metre,1,1,complete,A-0295,V-0069,1455956.27,2025-03-16,0,0,,0,,competitive
ocds-pgraph-T-0296,T-0296,1,B-007,Borewell drilling - Tumakuru (Jun 2025),borewell_drilling,Borewell drilling,works,open,2025-06-14,30,672373.69,331,metre,331,metre,5,1,complete,A-0296,V-0169,582269.71,2025-08-26,0,0,,0,,competitive
ocds-pgraph-T-0297,T-0297,1,B-007,Solar street lighting - Tumakuru (Dec 2023),solar_streetlight,Solar street lighting,goods,open,2023-12-12,30,7369154.75,455,unit,455,unit,4,1,complete,A-0297,V-0218,5808489.83,2024-02-11,0,0,,0,,competitive
ocds-pgraph-T-0298,T-0298,1,B-007,Solar street lighting - Tumakuru (Feb 2026),solar_streetlight,Solar street lighting,goods,open,2026-02-06,7,4028657.07,242,unit,242,unit,6,1,complete,A-0298,V-0061,3672362.54,2026-03-11,0,0,,0,,competitive
ocds-pgraph-T-0299,T-0299,1,B-007,Solar street lighting - Tumakuru (May 2026),solar_streetlight,Solar street lighting,goods,open,2026-05-26,14,5902467.8,320,unit,320,unit,3,1,complete,A-0299,V-Y006,5080535.21,2026-07-21,0,0,,0,,competitive
ocds-pgraph-T-0300,T-0300,1,B-007,Road resurfacing works - Tumakuru (Feb 2026),road_resurfacing,Road resurfacing works,works,open,2026-02-01,7,7622765.51,33733,sq.m,33733,sq.m,1,1,complete,A-0300,V-S001,8315519.44,2026-02-23,0,0,,0,,competitive
ocds-pgraph-T-0301,T-0301,1,B-007,Solar street lighting - Tumakuru (Nov 2025),solar_streetlight,Solar street lighting,goods,open,2025-11-01,30,2047157.25,121,unit,121,unit,0,0,complete,A-0301,V-0061,1741691.34,2026-01-05,0,0,,0,,competitive
ocds-pgraph-T-0302,T-0302,1,B-007,Road resurfacing works - Tumakuru (Jan 2023),road_resurfacing,Road resurfacing works,works,open,2023-01-16,14,4558406.83,22252,sq.m,22252,sq.m,7,1,complete,A-0302,V-0153,3550226.92,2023-03-05,0,0,,0,,competitive
ocds-pgraph-T-0303,T-0303,1,B-007,Road resurfacing works - Tumakuru (Mar 2026),road_resurfacing,Road resurfacing works,works,open,2026-03-13,30,12186910.42,50805,sq.m,50805,sq.m,4,1,complete,A-0303,V-0155,12284674.68,2026-05-24,0,0,,0,,competitive
ocds-pgraph-T-0304,T-0304,1,B-007,Borewell drilling - Tumakuru (Aug 2024),borewell_drilling,Borewell drilling,works,open,2024-08-31,7,,712,metre,712,metre,4,1,complete,A-0304,V-0238,1096242.82,2024-09-26,0,0,,0,,competitive
ocds-pgraph-T-0305,T-0305,1,B-007,Solar street lighting - Tumakuru (Feb 2023),solar_streetlight,Solar street lighting,goods,open,2023-02-27,7,4773669.89,323,unit,323,unit,3,1,complete,A-0305,V-0093,4490741.71,2023-03-27,0,0,,0,,competitive
ocds-pgraph-T-0306,T-0306,1,B-007,Borewell drilling - Tumakuru (May 2024),borewell_drilling,Borewell drilling,works,open,2024-05-26,14,4476011.16,2456,metre,2456,metre,6,1,complete,A-0306,V-0231,3653150.42,2024-07-02,0,0,,0,,competitive
ocds-pgraph-T-0307,T-0307,1,B-007,Solar street lighting - Tumakuru (Jul 2023),solar_streetlight,Solar street lighting,goods,open,2023-07-31,7,10803287.05,698,unit,698,unit,5,1,complete,A-0307,V-Y006,9562410.02,2023-09-08,0,0,,0,,competitive
ocds-pgraph-T-0308,T-0308,1,B-038,Ambulance procurement - Guwahati (Jan 2026),ambulance_vehicle,Ambulance procurement,goods,open,2026-01-09,7,,5,unit,5,unit,6,1,complete,A-0308,V-0200,10466737.28,2026-02-18,0,0,,0,,competitive
ocds-pgraph-T-0309,T-0309,1,B-038,Generic drug supply - Guwahati (Dec 2025),drugs_generic,Generic drug supply,goods,open,2025-12-24,30,12213492.74,426669,strip,426669,strip,5,1,complete,A-0309,V-0083,11063112.64,2026-03-08,0,0,,0,,competitive
ocds-pgraph-T-0310,T-0310,1,B-038,Ambulance procurement - Guwahati (May 2024),ambulance_vehicle,Ambulance procurement,goods,open,2024-05-30,7,64159087.5,29,unit,29,unit,5,1,complete,A-0310,V-0104,55615602.7,2024-06-21,0,0,,0,,competitive
ocds-pgraph-T-0311,T-0311,1,B-038,Biomedical equipment servicing - Guwahati (Jun 2025),biomedical_service,Biomedical equipment servicing,services,open,2025-06-23,7,7835050.25,4,year,4,year,6,1,complete,A-0311,V-S008,6949183.76,2025-07-17,0,0,,0,,competitive
ocds-pgraph-T-0312,T-0312,1,B-038,Generic drug supply - Guwahati (Dec 2024),drugs_generic,Generic drug supply,goods,open,2024-12-08,21,2286638.29,77764,strip,77764,strip,0,0,complete,A-0312,V-0056,2024194.66,2025-02-07,0,0,,0,,competitive
ocds-pgraph-T-0313,T-0313,1,B-038,Biomedical equipment servicing - Guwahati (Apr 2026),biomedical_service,Biomedical equipment servicing,services,open,2026-04-03,10,1917241.08,1,year,1,year,4,1,complete,A-0313,V-0116,1629901.17,2026-05-03,0,0,,0,,competitive
ocds-pgraph-T-0314,T-0314,1,B-038,Medical consumables supply - Guwahati (Mar 2024),medical_supplies,Medical consumables supply,goods,open,2024-03-13,30,,20991,unit,20991,unit,6,1,complete,A-0314,V-0043,9633715.92,2024-05-13,0,0,,0,,competitive
ocds-pgraph-T-0315,T-0315,1,B-038,Biomedical equipment servicing - Guwahati (Dec 2023),biomedical_service,Biomedical equipment servicing,services,open,2023-12-26,14,6173850.9,4,year,4,year,6,1,complete,A-0315,V-0207,5575285.35,2024-02-08,0,0,,0,,competitive
ocds-pgraph-T-0316,T-0316,1,B-038,Medical consumables supply - Guwahati (Oct 2025),medical_supplies,Medical consumables supply,goods,open,2025-10-31,10,13693782.51,22420,unit,22420,unit,3,1,complete,A-0316,V-0018,13820379.0,2025-11-24,0,0,,0,,competitive
ocds-pgraph-T-0317,T-0317,1,B-038,Biomedical equipment servicing - Guwahati (Nov 2025),biomedical_service,Biomedical equipment servicing,services,open,2025-11-16,14,7833231.21,4,year,4,year,1,1,complete,A-0317,V-S008,7950562.91,2026-01-14,0,0,,0,,competitive
ocds-pgraph-T-0318,T-0318,1,B-038,Biomedical equipment servicing - Guwahati (Jun 2024),biomedical_service,Biomedical equipment servicing,services,open,2024-06-26,14,5150681.32,3,year,3,year,0,0,complete,A-0318,V-0005,4348465.95,2024-08-23,0,0,,0,,competitive
ocds-pgraph-T-0319,T-0319,1,B-038,Medical consumables supply - Guwahati (Jul 2025),medical_supplies,Medical consumables supply,goods,open,2025-07-31,7,22672689.73,38074,unit,38074,unit,6,1,complete,A-0319,V-0067,19543222.07,2025-08-26,0,0,,0,,competitive
ocds-pgraph-T-0320,T-0320,1,B-038,Generic drug supply - Guwahati (May 2026),drugs_generic,Generic drug supply,goods,open,2026-05-04,10,2525651.16,89084,strip,89084,strip,3,1,complete,A-0320,V-0104,2222279.61,2026-06-03,0,0,,0,,competitive
ocds-pgraph-T-0321,T-0321,1,B-038,Biomedical equipment servicing - Guwahati (May 2026),biomedical_service,Biomedical equipment servicing,services,open,2026-05-01,7,6050797.97,3,year,3,year,5,1,complete,A-0321,V-0207,4800444.99,2026-06-04,0,0,,0,,competitive
ocds-pgraph-T-0322,T-0322,1,B-038,Biomedical equipment servicing - Guwahati (May 2023),biomedical_service,Biomedical equipment servicing,services,open,2023-05-15,10,,4,year,4,year,5,1,complete,A-0322,V-S008,5584351.69,2023-06-29,0,0,,0,,competitive
ocds-pgraph-T-0323,T-0323,1,B-038,Medical consumables supply - Guwahati (Feb 2025),medical_supplies,Medical consumables supply,goods,open,2025-02-08,14,15735490.28,28829,unit,28829,unit,6,1,complete,A-0323,V-0018,13752512.02,2025-03-14,0,0,,0,,competitive
ocds-pgraph-T-0324,T-0324,1,B-038,Medical consumables supply - Guwahati (Aug 2025),medical_supplies,Medical consumables supply,goods,open,2025-08-20,14,27738738.81,44333,unit,44333,unit,2,1,complete,A-0324,V-0067,25936396.76,2025-09-14,0,0,,0,,competitive
ocds-pgraph-T-0325,T-0325,1,B-038,Medical consumables supply - Guwahati (Dec 2022),medical_supplies,Medical consumables supply,goods,open,2022-12-12,30,2368427.38,4267,unit,4267,unit,1,1,complete,A-0325,V-0207,2513285.08,2023-02-23,0,0,,0,,competitive
ocds-pgraph-T-0326,T-0326,1,B-038,Biomedical equipment servicing - Guwahati (Sep 2025),biomedical_service,Biomedical equipment servicing,services,open,2025-09-06,21,8400717.81,5,year,5,year,6,1,complete,A-0326,V-S008,7568752.65,2025-11-08,0,0,,0,,competitive
ocds-pgraph-T-0327,T-0327,1,B-038,Medical consumables supply - Guwahati (Jan 2026),medical_supplies,Medical consumables supply,goods,open,2026-01-06,14,30787570.75,53280,unit,53280,unit,4,1,complete,A-0327,V-0067,31048083.78,2026-02-21,0,0,,0,,competitive
ocds-pgraph-T-0328,T-0328,1,B-038,Medical consumables supply - Guwahati (Jan 2024),medical_supplies,Medical consumables supply,goods,open,2024-01-08,21,7851129.94,13483,unit,13483,unit,3,1,complete,A-0328,V-0207,6427903.0,2024-03-12,0,0,,0,,competitive
ocds-pgraph-T-0329,T-0329,1,B-038,Medical consumables supply - Guwahati (Jun 2026),medical_supplies,Medical consumables supply,goods,open,2026-06-23,30,25016672.66,39026,unit,39026,unit,4,1,complete,A-0329,V-0200,20564513.24,2026-09-03,0,0,,0,,competitive
ocds-pgraph-T-0330,T-0330,1,B-038,Generic drug supply - Guwahati (Sep 2022),drugs_generic,Generic drug supply,goods,open,2022-09-10,14,12489894.83,524162,strip,524162,strip,3,1,complete,A-0330,V-0135,10669558.47,2022-10-29,0,0,,0,,competitive
ocds-pgraph-T-0331,T-0331,1,B-025,Medical consumables supply - Kollam (Feb 2026),medical_supplies,Medical consumables supply,goods,open,2026-02-10,7,,12775,unit,12775,unit,2,1,complete,A-0331,V-0054,7894423.49,2026-03-02,0,0,,0,,competitive
ocds-pgraph-T-0332,T-0332,1,B-025,Medical consumables supply - Kollam (Dec 2025),medical_supplies,Medical consumables supply,goods,open,2025-12-24,30,7444283.11,11401,unit,11401,unit,5,1,complete,A-0332,V-0068,6382648.78,2026-02-04,0,0,,0,,competitive
ocds-pgraph-T-0333,T-0333,1,B-025,Biomedical equipment servicing - Kollam (Jan 2023),biomedical_service,Biomedical equipment servicing,services,open,2023-01-22,10,1691016.74,1,year,1,year,1,1,complete,A-0333,V-S005,1773796.97,2023-02-25,0,0,,0,,single
ocds-pgraph-T-0334,T-0334,1,B-025,Ambulance procurement - Kollam (Aug 2023),ambulance_vehicle,Ambulance procurement,goods,open,2023-08-20,7,53411448.8,23,unit,23,unit,3,1,complete,A-0334,V-0138,46688082.18,2023-09-17,0,0,,0,,competitive
ocds-pgraph-T-0335,T-0335,1,B-025,Biomedical equipment servicing - Kollam (Aug 2024),biomedical_service,Biomedical equipment servicing,services,open,2024-08-14,30,8332176.93,5,year,5,year,5,1,complete,A-0335,V-0010,7680384.46,2024-10-13,0,0,,0,,competitive
ocds-pgraph-T-0336,T-0336,1,B-025,Biomedical equipment servicing - Kollam (Mar 2026),biomedical_service,Biomedical equipment servicing,services,open,2026-03-21,30,3953994.15,2,year,2,year,3,1,complete,A-0336,V-S005,3518712.62,2026-05-28,0,0,,0,,competitive
ocds-pgraph-T-0337,T-0337,1,B-025,Medical consumables supply - Kollam (Jan 2023),medical_supplies,Medical consumables supply,goods,open,2023-01-29,7,20212125.12,32256,unit,32256,unit,1,1,complete,A-0337,V-0068,15917993.19,2023-02-17,0,0,,0,,competitive
ocds-pgraph-T-0338,T-0338,1,B-025,Ambulance procurement - Kollam (Jun 2026),ambulance_vehicle,Ambulance procurement,goods,open,2026-06-06,7,12741726.69,5,unit,5,unit,4,1,complete,A-0338,V-0125,11269492.9,2026-07-23,0,0,,0,,competitive
ocds-pgraph-T-0339,T-0339,1,B-025,Medical consumables supply - Kollam (Feb 2025),medical_supplies,Medical consumables supply,goods,open,2025-02-07,21,,11060,unit,11060,unit,3,1,complete,A-0339,V-0068,6219143.77,2025-04-12,0,0,,0,,competitive
ocds-pgraph-T-0340,T-0340,1,B-025,Medical consumables supply - Kollam (Oct 2024),medical_supplies,Medical consumables supply,goods,open,2024-10-21,30,30311198.52,48267,unit,48267,unit,7,1,complete,A-0340,V-0105,23764544.19,2024-12-06,0,0,,0,,competitive
ocds-pgraph-T-0341,T-0341,1,B-025,Biomedical equipment servicing - Kollam (Oct 2022),biomedical_service,Biomedical equipment servicing,services,open,2022-10-23,10,5511882.43,3,year,3,year,1,1,complete,A-0341,V-S005,4542377.22,2022-12-05,0,0,,0,,competitive
ocds-pgraph-T-0342,T-0342,1,B-025,Ambulance procurement - Kollam (Sep 2024),ambulance_vehicle,Ambulance procurement,goods,open,2024-09-08,21,34239706.69,15,unit,15,unit,4,1,complete,A-0342,V-0001,29855430.29,2024-10-23,0,0,,0,,competitive
ocds-pgraph-T-0343,T-0343,1,B-025,Generic drug supply - Kollam (Oct 2024),drugs_generic,Generic drug supply,goods,open,2024-10-14,21,17628754.59,626927,strip,626927,strip,3,1,complete,A-0343,V-0099,14650153.91,2024-11-24,0,0,,0,,competitive
ocds-pgraph-T-0344,T-0344,1,B-025,Biomedical equipment servicing - Kollam (Nov 2024),biomedical_service,Biomedical equipment servicing,services,open,2024-11-01,21,3452069.9,2,year,2,year,6,1,complete,A-0344,V-0192,3167962.04,2024-12-20,0,0,,0,,competitive
ocds-pgraph-T-0345,T-0345,1,B-025,Biomedical equipment servicing - Kollam (Apr 2025),biomedical_service,Biomedical equipment servicing,services,open,2025-04-07,30,,5,year,5,year,3,1,complete,A-0345,V-S005,9445591.79,2025-05-18,0,0,,0,,competitive
ocds-pgraph-T-0346,T-0346,1,B-025,Ambulance procurement - Kollam (Oct 2022),ambulance_vehicle,Ambulance procurement,goods,open,2022-10-30,14,20636418.22,9,unit,9,unit,1,1,complete,A-0346,V-0172,20395994.66,2022-12-13,0,0,,0,,competitive
ocds-pgraph-T-0347,T-0347,1,B-025,Ambulance procurement - Kollam (Mar 2026),ambulance_vehicle,Ambulance procurement,goods,open,2026-03-30,21,8013098.7,3,unit,3,unit,7,1,complete,A-0347,V-0157,7836864.26,2026-05-01,0,0,,0,,competitive
ocds-pgraph-T-0348,T-0348,1,B-025,Generic drug supply - Kollam (Feb 2023),drugs_generic,Generic drug supply,goods,open,2023-02-14,14,18143318.38,663880,strip,663880,strip,4,1,complete,A-0348,V-S010,14657979.68,2023-03-29,0,0,,0,,competitive
ocds-pgraph-T-0349,T-0349,1,B-025,Biomedical equipment servicing - Kollam (Jan 2026),biomedical_service,Biomedical equipment servicing,services,open,2026-01-14,10,7867625.14,4,year,4,year,4,1,complete,A-0349,V-0236,6687078.1,2026-02-03,0,0,,0,,competitive
ocds-pgraph-T-0350,T-0350,1,B-025,Biomedical equipment servicing - Kollam (Oct 2025),biomedical_service,Biomedical equipment servicing,services,open,2025-10-23,7,,5,year,5,year,1,1,complete,A-0350,V-0010,12092058.22,2025-11-09,0,0,,0,,single
ocds-pgraph-T-0351,T-0351,1,B-025,Medical consumables supply - Kollam (Dec 2022),medical_supplies,Medical consumables supply,goods,open,2022-12-27,30,15415958.46,24883,unit,24883,unit,4,1,complete,A-0351,V-0110,12503617.4,2023-03-08,0,0,,0,,competitive
ocds-pgraph-T-0352,T-0352,1,B-025,Generic drug supply - Kollam (Jan 2026),drugs_generic,Generic drug supply,goods,open,2026-01-30,7,21421442.03,656307,strip,656307,strip,5,1,complete,A-0352,V-0099,18140597.67,2026-02-22,0,0,,0,,competitive
ocds-pgraph-T-0353,T-0353,1,B-025,Medical consumables supply - Kollam (Mar 2024),medical_supplies,Medical consumables supply,goods,open,2024-03-11,30,10218733.43,17452,unit,17452,unit,1,1,complete,A-0353,V-0172,8994962.09,2024-05-19,0,0,,0,,competitive
ocds-pgraph-T-0354,T-0354,1,B-025,Generic drug supply - Kollam (Nov 2023),drugs_generic,Generic drug supply,goods,open,2023-11-05,21,11019155.78,376103,strip,376103,strip,2,1,complete,A-0354,V-0223,10299252.81,2023-12-28,0,0,,0,,competitive
ocds-pgraph-T-0355,T-0355,1,B-025,Medical consumables supply - Kollam (Jan 2026),medical_supplies,Medical consumables supply,goods,open,2026-01-04,21,39309933.29,59948,unit,59948,unit,7,1,complete,A-0355,V-0172,34021310.72,2026-02-15,0,0,,0,,competitive
ocds-pgraph-T-0356,T-0356,1,B-025,Ambulance procurement - Kollam (Jun 2026),ambulance_vehicle,Ambulance procurement,goods,open,2026-06-27,10,44860369.81,17,unit,17,unit,4,1,complete,A-0356,V-0125,42454015.95,2026-08-06,0,0,,0,,competitive
ocds-pgraph-T-0357,T-0357,1,B-019,Solar street lighting - Bikaner (Mar 2024),solar_streetlight,Solar street lighting,goods,open,2024-03-24,21,11023956.88,786,unit,786,unit,5,1,complete,A-0357,V-0130,10499426.93,2024-05-19,0,0,,0,,competitive
ocds-pgraph-T-0358,T-0358,1,B-019,Road resurfacing works - Bikaner (Apr 2026),road_resurfacing,Road resurfacing works,works,open,2026-04-18,14,6355280.13,28953,sq.m,28953,sq.m,1,1,complete,A-0358,V-0230,5943444.3,2026-06-06,0,0,,0,,competitive
ocds-pgraph-T-0359,T-0359,1,B-019,Sanitation and waste services - Bikaner (Nov 2022),sanitation_services,Sanitation and waste services,services,open,2022-11-29,10,1827041.41,12,month,12,month,4,1,complete,A-0359,V-0192,1466983.84,2022-12-29,0,0,,0,,competitive
ocds-pgraph-T-0360,T-0360,1,B-019,Solar street lighting - Bikaner (Jul 2026),solar_streetlight,Solar street lighting,goods,open,2026-07-18,14,2672669.43,169,unit,169,unit,5,1,complete,A-0360,V-0114,2219943.04,2026-08-29,0,0,,0,,competitive
ocds-pgraph-T-0361,T-0361,1,B-019,Road resurfacing works - Bikaner (Mar 2025),road_resurfacing,Road resurfacing works,works,open,2025-03-21,21,9491822.91,40576,sq.m,40576,sq.m,2,1,complete,A-0361,V-0165,7567910.83,2025-05-03,0,0,,0,,competitive
ocds-pgraph-T-0362,T-0362,1,B-019,Road resurfacing works - Bikaner (Jul 2024),road_resurfacing,Road resurfacing works,works,open,2024-07-24,14,9720932.37,50227,sq.m,50227,sq.m,1,1,complete,A-0362,V-0230,9342394.76,2024-09-20,0,0,,0,,competitive
ocds-pgraph-T-0363,T-0363,1,B-019,Sanitation and waste services - Bikaner (Apr 2025),sanitation_services,Sanitation and waste services,services,open,2025-04-20,10,4377053.16,26,month,26,month,5,1,complete,A-0363,V-0174,3758059.72,2025-06-02,0,0,,0,,competitive
ocds-pgraph-T-0364,T-0364,1,B-019,Solar street lighting - Bikaner (May 2023),solar_streetlight,Solar street lighting,goods,open,2023-05-27,14,4132168.36,286,unit,286,unit,1,1,complete,A-0364,V-0090,4228362.23,2023-07-10,0,0,,0,,single
ocds-pgraph-T-0365,T-0365,1,B-019,Sanitation and waste services - Bikaner (Sep 2022),sanitation_services,Sanitation and waste services,services,open,2022-09-14,30,1607273.33,11,month,11,month,4,1,complete,A-0365,V-0102,1486983.98,2022-11-28,0,0,,0,,competitive
ocds-pgraph-T-0366,T-0366,1,B-019,Sanitation and waste services - Bikaner (Apr 2025),sanitation_services,Sanitation and waste services,services,open,2025-04-07,10,1916115.05,11,month,11,month,6,1,complete,A-0366,V-0041,1706228.65,2025-05-14,0,0,,0,,competitive
ocds-pgraph-T-0367,T-0367,1,B-019,Solar street lighting - Bikaner (Dec 2023),solar_streetlight,Solar street lighting,goods,open,2023-12-27,30,6261125.42,461,unit,461,unit,0,0,complete,A-0367,V-0221,5311720.97,2024-02-27,0,0,,0,,competitive
ocds-pgraph-T-0368,T-0368,1,B-019,Sanitation and waste services - Bikaner (Apr 2023),sanitation_services,Sanitation and waste services,services,open,2023-04-29,14,3048930.48,18,month,18,month,5,1,complete,A-0368,V-0088,2457693.75,2023-05-27,0,0,,0,,competitive
ocds-pgraph-T-0369,T-0369,1,B-019,Solar street lighting - Bikaner (Feb 2026),solar_streetlight,Solar street lighting,goods,open,2026-02-27,21,3334609.74,213,unit,213,unit,5,1,complete,A-0369,V-0219,2897042.12,2026-04-17,0,0,,0,,competitive
ocds-pgraph-T-0370,T-0370,1,B-019,Sanitation and waste services - Bikaner (Aug 2023),sanitation_services,Sanitation and waste services,services,open,2023-08-14,21,1435246.33,9,month,9,month,3,1,complete,A-0370,V-0134,1349918.56,2023-09-20,0,0,,0,,competitive
ocds-pgraph-T-0371,T-0371,1,B-010,Water supply pipeline works - Amravati (Mar 2026),water_pipeline,Water supply pipeline works,works,open,2026-03-08,21,,5862,metre,5862,metre,7,1,complete,A-0371,V-0208,14250911.04,2026-04-25,0,0,,0,,competitive
ocds-pgraph-T-0372,T-0372,1,B-010,Water supply pipeline works - Amravati (Jun 2026),water_pipeline,Water supply pipeline works,works,open,2026-06-19,14,10448013.08,3578,metre,3578,metre,5,1,complete,A-0372,V-0208,9032432.98,2026-08-03,0,0,,0,,competitive
ocds-pgraph-T-0373,T-0373,1,B-010,Water supply pipeline works - Amravati (Feb 2025),water_pipeline,Water supply pipeline works,works,open,2025-02-19,14,3266964.77,1134,metre,1134,metre,3,1,complete,A-0373,V-0144,2894712.95,2025-03-24,0,0,,0,,competitive
ocds-pgraph-T-0374,T-0374,1,B-010,Borewell drilling - Amravati (Mar 2025),borewell_drilling,Borewell drilling,works,open,2025-03-21,10,,1839,metre,1839,metre,2,1,complete,A-0374,V-0133,3308121.83,2025-04-16,0,0,,0,,competitive
ocds-pgraph-T-0375,T-0375,1,B-010,Water supply pipeline works - Amravati (Sep 2024),water_pipeline,Water supply pipeline works,works,open,2024-09-05,10,15178564.13,5069,metre,5069,metre,5,1,complete,A-0375,V-0144,12264157.2,2024-10-15,0,0,,0,,competitive
ocds-pgraph-T-0376,T-0376,1,B-010,Water supply pipeline works - Amravati (May 2026),water_pipeline,Water supply pipeline works,works,open,2026-05-01,14,18420758.2,5761,metre,5761,metre,3,1,complete,A-0376,V-S002,16593644.14,2026-06-20,0,0,,0,,competitive
ocds-pgraph-T-0377,T-0377,1,B-010,Borewell drilling - Amravati (Nov 2024),borewell_drilling,Borewell drilling,works,open,2024-11-04,10,1039768.46,559,metre,559,metre,3,1,complete,A-0377,V-0184,1009714.99,2024-12-06,0,0,,0,,competitive
ocds-pgraph-T-0378,T-0378,1,B-010,Borewell drilling - Amravati (Jul 2025),borewell_drilling,Borewell drilling,works,open,2025-07-21,7,2399669.78,1297,metre,1297,metre,6,1,complete,A-0378,V-0184,1972222.12,2025-09-11,0,0,,0,,competitive
ocds-pgraph-T-0379,T-0379,1,B-010,Water supply pipeline works - Amravati (Aug 2023),water_pipeline,Water supply pipeline works,works,open,2023-08-14,30,11486958.23,4701,metre,4701,metre,7,1,complete,A-0379,V-S002,10151929.47,2023-10-24,0,0,,0,,competitive
ocds-pgraph-T-0380,T-0380,1,B-010,Water supply pipeline works - Amravati (Apr 2026),water_pipeline,Water supply pipeline works,works,open,2026-04-05,7,8219192.13,2733,metre,2733,metre,3,1,complete,A-0380,V-0144,7246785.44,2026-05-10,0,0,,0,,competitive
ocds-pgraph-T-0381,T-0381,1,B-010,Water supply pipeline works - Amravati (Jun 2026),water_pipeline,Water supply pipeline works,works,open,2026-06-03,14,15519924.93,5041,metre,5041,metre,0,0,complete,A-0381,V-0235,12681382.95,2026-07-22,0,0,,0,,competitive
ocds-pgraph-T-0382,T-0382,1,B-010,Water supply pipeline works - Amravati (Nov 2025),water_pipeline,Water supply pipeline works,works,open,2025-11-03,14,4831743.08,1572,metre,1572,metre,1,1,complete,A-0382,V-0111,4890627.97,2025-12-26,0,0,,0,,single
ocds-pgraph-T-0383,T-0383,1,B-010,Water supply pipeline works - Amravati (Nov 2024),water_pipeline,Water supply pipeline works,works,open,2024-11-13,14,14432451.99,4940,metre,4940,metre,5,1,complete,A-0383,V-0111,12334751.22,2024-12-08,0,0,,0,,competitive
ocds-pgraph-T-0384,T-0384,1,B-010,Borewell drilling - Amravati (Mar 2023),borewell_drilling,Borewell drilling,works,open,2023-03-01,21,3042878.21,1749,metre,1749,metre,4,1,complete,A-0384,V-0184,2828699.71,2023-04-02,0,0,,0,,competitive
ocds-pgraph-T-0385,T-0385,1,B-010,Water supply pipeline works - Amravati (Feb 2026),water_pipeline,Water supply pipeline works,works,open,2026-02-02,14,7066079.22,2228,metre,2228,metre,4,1,complete,A-0385,V-S002,6216979.92,2026-03-16,0,0,,0,,competitive
ocds-pgraph-T-0386,T-0386,1,B-010,Borewell drilling - Amravati (Jun 2023),borewell_drilling,Borewell drilling,works,open,2023-06-09,14,359295.29,216,metre,216,metre,2,1,complete,A-0386,V-0006,331516.05,2023-07-27,0,0,,0,,competitive
ocds-pgraph-T-0387,T-0387,1,B-010,Borewell drilling - Amravati (Oct 2022),borewell_drilling,Borewell drilling,works,open,2022-10-16,14,2040605.92,1163,metre,1163,metre,4,1,complete,A-0387,V-0006,1860253.46,2022-11-20,0,0,,0,,competitive
ocds-pgraph-T-0388,T-0388,1,B-010,Borewell drilling - Amravati (Oct 2022),borewell_drilling,Borewell drilling,works,open,2022-10-16,21,2403302.66,1295,metre,1295,metre,4,1,complete,A-0388,V-0184,1914908.67,2022-11-22,0,0,,0,,competitive
ocds-pgraph-T-0389,T-0389,1,B-010,Borewell drilling - Amravati (Nov 2022),borewell_drilling,Borewell drilling,works,open,2022-11-20,30,818712.52,466,metre,466,metre,7,1,complete,A-0389,V-S005,719242.94,2023-01-04,0,0,,0,,competitive
ocds-pgraph-T-0390,T-0390,1,B-010,Water supply pipeline works - Amravati (Feb 2026),water_pipeline,Water supply pipeline works,works,open,2026-02-19,10,5417277.64,1788,metre,1788,metre,6,1,complete,A-0390,V-0112,4705716.54,2026-03-25,0,0,,0,,competitive
ocds-pgraph-T-0391,T-0391,1,B-032,Ambulance procurement - Ganjam (Oct 2022),ambulance_vehicle,Ambulance procurement,goods,open,2022-10-20,21,38148797.39,19,unit,19,unit,4,1,complete,A-0391,V-0180,30863881.64,2022-11-25,0,0,,0,,competitive
ocds-pgraph-T-0392,T-0392,1,B-032,Ambulance procurement - Ganjam (May 2025),ambulance_vehicle,Ambulance procurement,goods,open,2025-05-23,14,61384641.52,29,unit,29,unit,4,1,complete,A-0392,V-0205,51267629.48,2025-06-26,0,0,,0,,competitive
ocds-pgraph-T-0393,T-0393,1,B-032,Ambulance procurement - Ganjam (Dec 2025),ambulance_vehicle,Ambulance procurement,goods,open,2025-12-07,21,45733420.53,21,unit,21,unit,5,1,complete,A-0393,V-0180,40363867.49,2026-01-16,0,0,,0,,competitive
ocds-pgraph-T-0394,T-0394,1,B-032,Ambulance procurement - Ganjam (Nov 2024),ambulance_vehicle,Ambulance procurement,goods,open,2024-11-05,14,13214256.07,7,unit,7,unit,5,1,complete,A-0394,V-0094,11766119.38,2024-12-21,0,0,,0,,competitive
ocds-pgraph-T-0395,T-0395,1,B-032,Manned security services - Ganjam (Nov 2025),security_services,Manned security services,services,open,2025-11-11,21,8784714.98,349,man-month,349,man-month,3,1,complete,A-0395,V-0086,7438165.51,2025-12-19,0,0,,0,,competitive
ocds-pgraph-T-0396,T-0396,1,B-032,Manned security services - Ganjam (Oct 2024),security_services,Manned security services,services,open,2024-10-10,7,13287854.89,545,man-month,545,man-month,4,1,complete,A-0396,V-0048,11579388.7,2024-12-01,0,0,,0,,competitive
ocds-pgraph-T-0397,T-0397,1,B-032,Ambulance procurement - Ganjam (Nov 2025),ambulance_vehicle,Ambulance procurement,goods,open,2025-11-25,14,63334395.11,30,unit,30,unit,3,1,complete,A-0397,V-0037,55437156.76,2026-01-17,0,0,,0,,competitive
ocds-pgraph-T-0398,T-0398,1,B-032,Building construction works - Ganjam (Jun 2025),building_construction,Building construction works,works,open,2025-06-29,21,4051810.61,1914,sq.m,1914,sq.m,3,1,complete,A-0398,V-0072,3252244.47,2025-08-03,0,0,,0,,competitive
ocds-pgraph-T-0399,T-0399,1,B-032,Ambulance procurement - Ganjam (Feb 2024),ambulance_vehicle,Ambulance procurement,goods,open,2024-02-16,7,40396101.39,20,unit,20,unit,5,1,complete,A-0399,V-0072,31991239.47,2024-03-15,0,0,,0,,competitive
ocds-pgraph-T-0400,T-0400,1,B-032,Ambulance procurement - Ganjam (Jul 2023),ambulance_vehicle,Ambulance procurement,goods,open,2023-07-25,30,54618518.57,27,unit,27,unit,1,1,complete,A-0400,V-0037,54556391.77,2023-09-17,0,0,,0,,single
ocds-pgraph-T-0401,T-0401,1,B-032,Building construction works - Ganjam (May 2023),building_construction,Building construction works,works,open,2023-05-19,30,725870.19,406,sq.m,406,sq.m,3,1,complete,A-0401,V-SPV01,571689.31,2023-07-29,0,0,,0,,competitive
ocds-pgraph-T-0402,T-0402,1,B-032,Building construction works - Ganjam (Nov 2022),building_construction,Building construction works,works,open,2022-11-09,14,1336993.22,766,sq.m,766,sq.m,3,1,complete,A-0402,V-0085,1139853.69,2022-12-15,0,0,,0,,competitive
ocds-pgraph-T-0403,T-0403,1,B-032,Building construction works - Ganjam (Jul 2023),building_construction,Building construction works,works,open,2023-07-05,14,1633551.15,910,sq.m,910,sq.m,4,1,complete,A-0403,V-0146,1473730.78,2023-08-27,0,0,,0,,competitive
ocds-pgraph-T-0404,T-0404,1,B-032,Ambulance procurement - Ganjam (Jan 2025),ambulance_vehicle,Ambulance procurement,goods,open,2025-01-30,21,38748063.04,19,unit,19,unit,5,1,complete,A-0404,V-0157,35309413.17,2025-03-16,0,0,,0,,competitive
ocds-pgraph-T-0405,T-0405,1,B-032,Building construction works - Ganjam (Apr 2023),building_construction,Building construction works,works,open,2023-04-05,7,5678102.8,3036,sq.m,3036,sq.m,3,1,complete,A-0405,V-0217,4767554.5,2023-05-03,0,0,,0,,competitive
ocds-pgraph-T-0406,T-0406,1,B-032,Manned security services - Ganjam (Sep 2024),security_services,Manned security services,services,open,2024-09-05,14,9295706.07,406,man-month,406,man-month,6,1,complete,A-0406,V-0048,7869040.99,2024-10-28,0,0,,0,,competitive
ocds-pgraph-T-0407,T-0407,1,B-032,Manned security services - Ganjam (Jan 2025),security_services,Manned security services,services,open,2025-01-05,30,7970449.58,328,man-month,328,man-month,6,1,complete,A-0407,V-0163,6436727.88,2025-03-21,0,0,,0,,competitive
ocds-pgraph-T-0408,T-0408,1,B-032,Ambulance procurement - Ganjam (Dec 2023),ambulance_vehicle,Ambulance procurement,goods,open,2023-12-31,21,50887107.03,26,unit,26,unit,4,1,complete,A-0408,V-0072,42845963.93,2024-02-28,0,0,,0,,competitive
ocds-pgraph-T-0409,T-0409,1,B-032,Manned security services - Ganjam (Dec 2025),security_services,Manned security services,services,open,2025-12-29,21,13300455.84,518,man-month,518,man-month,5,1,complete,A-0409,V-0048,12952440.4,2026-03-01,0,0,,0,,competitive
ocds-pgraph-T-0410,T-0410,1,B-032,Building construction works - Ganjam (Aug 2023),building_construction,Building construction works,works,open,2023-08-05,21,6870729.57,3686,sq.m,3686,sq.m,2,1,complete,A-0410,V-0086,6375370.81,2023-10-08,0,0,,0,,competitive
ocds-pgraph-T-0411,T-0411,1,B-032,Manned security services - Ganjam (Oct 2024),security_services,Manned security services,services,open,2024-10-03,21,12094071.87,473,man-month,473,man-month,4,1,complete,A-0411,V-0168,9873000.85,2024-11-10,0,0,,0,,competitive
ocds-pgraph-T-0412,T-0412,1,B-032,Building construction works - Ganjam (Oct 2023),building_construction,Building construction works,works,open,2023-10-11,7,5906650.41,3211,sq.m,3211,sq.m,5,1,complete,A-0412,V-0109,5255189.2,2023-11-19,0,0,,0,,competitive
ocds-pgraph-T-0413,T-0413,1,B-032,Ambulance procurement - Ganjam (Aug 2025),ambulance_vehicle,Ambulance procurement,goods,open,2025-08-02,10,12909733.05,6,unit,6,unit,3,1,complete,A-0413,V-0094,12392300.35,2025-09-25,0,0,,0,,competitive
ocds-pgraph-T-0414,T-0414,1,B-032,Ambulance procurement - Ganjam (Jul 2024),ambulance_vehicle,Ambulance procurement,goods,open,2024-07-30,14,20309268.26,9,unit,9,unit,3,1,complete,A-0414,V-0072,16347849.31,2024-08-27,0,0,,0,,competitive
ocds-pgraph-T-0415,T-0415,1,B-032,Ambulance procurement - Ganjam (Apr 2023),ambulance_vehicle,Ambulance procurement,goods,open,2023-04-08,21,40160551.86,19,unit,19,unit,3,1,complete,A-0415,V-0072,33760507.63,2023-05-18,0,0,,0,,competitive
ocds-pgraph-T-0416,T-0416,1,B-032,Manned security services - Ganjam (May 2024),security_services,Manned security services,services,open,2024-05-22,7,4296749.0,188,man-month,188,man-month,1,1,complete,A-0416,V-0240,4760036.08,2024-07-13,0,0,,0,,competitive
ocds-pgraph-T-0417,T-0417,1,B-032,Building construction works - Ganjam (Sep 2024),building_construction,Building construction works,works,open,2024-09-24,10,3055560.41,1598,sq.m,1598,sq.m,1,1,complete,A-0417,V-SPV01,2467069.15,2024-11-01,0,0,,0,,competitive
ocds-pgraph-T-0418,T-0418,1,B-032,Building construction works - Ganjam (Sep 2024),building_construction,Building construction works,works,open,2024-09-19,21,2268301.05,1222,sq.m,1222,sq.m,3,1,complete,A-0418,V-0217,2087505.89,2024-11-18,0,0,,0,,competitive
ocds-pgraph-T-0419,T-0419,1,B-032,Manned security services - Ganjam (Jan 2026),security_services,Manned security services,services,open,2026-01-26,21,10904326.77,416,man-month,416,man-month,2,1,complete,A-0419,V-0086,9545957.43,2026-02-26,0,0,,0,,competitive
ocds-pgraph-T-0420,T-0420,1,B-032,Manned security services - Ganjam (Apr 2025),security_services,Manned security services,services,open,2025-04-25,7,4861451.42,216,man-month,216,man-month,3,1,complete,A-0420,V-0157,4501044.72,2025-05-23,0,0,,0,,competitive
ocds-pgraph-T-0421,T-0421,1,B-028,Solar street lighting - Koraput (Aug 2025),solar_streetlight,Solar street lighting,goods,open,2025-08-15,21,8803949.92,546,unit,546,unit,5,1,complete,A-0421,V-0114,8201725.28,2025-09-22,0,0,,0,,competitive
ocds-pgraph-T-0422,T-0422,1,B-028,Sanitation and waste services - Koraput (Jun 2025),sanitation_services,Sanitation and waste services,services,open,2025-06-04,10,2074723.61,11,month,11,month,7,1,complete,A-0422,V-0078,1685634.03,2025-06-30,0,0,,0,,competitive
ocds-pgraph-T-0423,T-0423,1,B-028,Sanitation and waste services - Koraput (Dec 2025),sanitation_services,Sanitation and waste services,services,open,2025-12-19,30,4816574.35,27,month,27,month,7,1,complete,A-0423,V-0102,3948730.01,2026-02-17,0,0,,0,,competitive
ocds-pgraph-T-0424,T-0424,1,B-028,Sanitation and waste services - Koraput (Sep 2023),sanitation_services,Sanitation and waste services,services,open,2023-09-22,30,3245850.67,20,month,20,month,4,1,complete,A-0424,V-0134,2826681.82,2023-11-04,0,0,,0,,competitive
ocds-pgraph-T-0425,T-0425,1,B-028,Solar street lighting - Koraput (Jun 2023),solar_streetlight,Solar street lighting,goods,open,2023-06-18,30,3374537.45,243,unit,243,unit,4,1,complete,A-0425,V-0087,2924477.11,2023-08-01,0,0,,0,,competitive
ocds-pgraph-T-0426,T-0426,1,B-028,Road resurfacing works - Koraput (Jun 2025),road_resurfacing,Road resurfacing works,works,open,2025-06-05,21,,49605,sq.m,49605,sq.m,6,1,complete,A-0426,V-Y002,9486288.88,2025-07-19,0,0,,0,,competitive
ocds-pgraph-T-0427,T-0427,1,B-028,Sanitation and waste services - Koraput (Jan 2024),sanitation_services,Sanitation and waste services,services,open,2024-01-09,14,4775702.55,28,month,28,month,3,1,complete,A-0427,V-0078,4041920.14,2024-03-07,0,0,,0,,competitive
ocds-pgraph-T-0428,T-0428,1,B-028,Sanitation and waste services - Koraput (Apr 2024),sanitation_services,Sanitation and waste services,services,open,2024-04-30,21,5450291.11,31,month,31,month,7,1,complete,A-0428,V-0170,4482757.33,2024-06-24,0,0,,0,,competitive
ocds-pgraph-T-0429,T-0429,1,B-028,Solar street lighting - Koraput (Jun 2024),solar_streetlight,Solar street lighting,goods,open,2024-06-22,14,10253482.95,697,unit,697,unit,1,1,complete,A-0429,V-0154,11111095.46,2024-08-18,0,0,,0,,single
ocds-pgraph-T-0430,T-0430,1,B-028,Sanitation and waste services - Koraput (Dec 2022),sanitation_services,Sanitation and waste services,services,open,2022-12-07,14,4585368.94,33,month,33,month,7,1,complete,A-0430,V-0083,4055382.83,2023-01-06,0,0,,0,,competitive
ocds-pgraph-T-0431,T-0431,1,B-028,Road resurfacing works - Koraput (Jul 2023),road_resurfacing,Road resurfacing works,works,open,2023-07-18,30,10753001.64,57675,sq.m,57675,sq.m,2,1,complete,A-0431,V-0057,9718948.98,2023-09-21,0,0,,0,,competitive
ocds-pgraph-T-0432,T-0432,1,B-028,Solar street lighting - Koraput (Jul 2026),solar_streetlight,Solar street lighting,goods,open,2026-07-13,14,,180,unit,180,unit,5,1,complete,A-0432,V-0154,2251532.22,2026-08-23,0,0,,0,,competitive
ocds-pgraph-T-0433,T-0433,1,B-028,Solar street lighting - Koraput (Mar 2026),solar_streetlight,Solar street lighting,goods,open,2026-03-14,21,4416277.74,280,unit,280,unit,1,1,complete,A-0433,V-0092,4023441.4,2026-05-11,0,0,,0,,competitive
ocds-pgraph-T-0434,T-0434,1,B-028,Solar street lighting - Koraput (Feb 2025),solar_streetlight,Solar street lighting,goods,open,2025-02-07,7,11310533.21,823,unit,823,unit,3,1,complete,A-0434,V-0087,10367081.41,2025-03-09,0,0,,0,,competitive
ocds-pgraph-T-0435,T-0435,1,B-028,Solar street lighting - Koraput (Dec 2024),solar_streetlight,Solar street lighting,goods,open,2024-12-14,21,7076077.24,503,unit,503,unit,0,0,complete,A-0435,V-0174,5841039.21,2025-01-21,0,0,,0,,competitive
ocds-pgraph-T-0436,T-0436,1,B-028,Sanitation and waste services - Koraput (Jul 2024),sanitation_services,Sanitation and waste services,services,open,2024-07-26,14,3831115.9,22,month,22,month,1,1,complete,A-0436,V-0180,3089573.26,2024-09-22,0,0,,0,,competitive
ocds-pgraph-T-0437,T-0437,1,B-028,Sanitation and waste services - Koraput (Mar 2024),sanitation_services,Sanitation and waste services,services,open,2024-03-15,7,3492970.88,21,month,21,month,6,1,complete,A-0437,V-0180,2994304.53,2024-04-15,0,0,,0,,competitive
ocds-pgraph-T-0438,T-0438,1,B-028,Road resurfacing works - Koraput (Mar 2026),road_resurfacing,Road resurfacing works,works,open,2026-03-26,14,4587206.68,21076,sq.m,21076,sq.m,3,1,complete,A-0438,V-0048,4251788.17,2026-05-23,0,0,,0,,competitive
ocds-pgraph-T-0439,T-0439,1,B-028,Solar street lighting - Koraput (Aug 2023),solar_streetlight,Solar street lighting,goods,open,2023-08-20,30,4775322.96,328,unit,328,unit,5,1,complete,A-0439,V-0087,3877212.48,2023-10-21,0,0,,0,,competitive
ocds-pgraph-T-0440,T-0440,1,B-028,Solar street lighting - Koraput (Apr 2024),solar_streetlight,Solar street lighting,goods,open,2024-04-28,10,5810647.58,418,unit,418,unit,1,1,complete,A-0440,V-0154,4953130.01,2024-05-24,0,0,,0,,competitive
ocds-pgraph-T-0441,T-0441,1,B-028,Solar street lighting - Koraput (Oct 2025),solar_streetlight,Solar street lighting,goods,open,2025-10-20,21,9530697.76,585,unit,585,unit,6,1,complete,A-0441,V-0092,7814239.28,2025-12-22,0,0,,0,,competitive
ocds-pgraph-T-0442,T-0442,1,B-028,Road resurfacing works - Koraput (Mar 2023),road_resurfacing,Road resurfacing works,works,open,2023-03-06,7,10116204.47,53486,sq.m,53486,sq.m,5,1,complete,A-0442,V-0057,8724717.9,2023-04-26,0,0,,0,,competitive
ocds-pgraph-T-0443,T-0443,1,B-028,Sanitation and waste services - Koraput (Dec 2023),sanitation_services,Sanitation and waste services,services,open,2023-12-28,30,2750742.07,17,month,17,month,4,1,complete,A-0443,V-0078,2396185.78,2024-02-20,0,0,,0,,competitive
ocds-pgraph-T-0444,T-0444,1,B-028,Road resurfacing works - Koraput (Mar 2026),road_resurfacing,Road resurfacing works,works,open,2026-03-29,21,2714011.32,11946,sq.m,11946,sq.m,3,1,complete,A-0444,V-0048,2239555.06,2026-05-19,0,0,,0,,competitive
ocds-pgraph-T-0445,T-0445,1,B-028,Sanitation and waste services - Koraput (May 2024),sanitation_services,Sanitation and waste services,services,open,2024-05-29,21,5600364.05,31,month,31,month,4,1,complete,A-0445,V-0111,4460179.22,2024-07-01,0,0,,0,,competitive
ocds-pgraph-T-0446,T-0446,1,B-008,Borewell drilling - Nagpur (Nov 2025),borewell_drilling,Borewell drilling,works,open,2025-11-08,7,2711000.29,1483,metre,1483,metre,5,1,complete,A-0446,V-0184,2312294.99,2025-12-26,0,0,,0,,competitive
ocds-pgraph-T-0447,T-0447,1,B-008,Borewell drilling - Nagpur (Nov 2025),borewell_drilling,Borewell drilling,works,open,2025-11-26,14,4259586.6,2153,metre,2153,metre,5,1,complete,A-0447,V-0006,3556478.44,2026-01-10,0,0,,0,,competitive
ocds-pgraph-T-0448,T-0448,1,B-008,Solar street lighting - Nagpur (Jun 2023),solar_streetlight,Solar street lighting,goods,open,2023-06-25,7,7333742.83,465,unit,465,unit,3,1,complete,A-0448,V-0228,6563872.21,2023-08-01,0,0,,0,,competitive
ocds-pgraph-T-0449,T-0449,1,B-008,Solar street lighting - Nagpur (Apr 2025),solar_streetlight,Solar street lighting,goods,open,2025-04-20,14,2343588.69,138,unit,138,unit,4,1,complete,A-0449,V-0188,2092923.85,2025-06-03,0,0,,0,,competitive
ocds-pgraph-T-0450,T-0450,1,B-008,Solar street lighting - Nagpur (Mar 2023),solar_streetlight,Solar street lighting,goods,open,2023-03-16,21,2963903.04,200,unit,200,unit,5,1,complete,A-0450,V-0151,2524085.37,2023-04-19,0,0,,0,,competitive
ocds-pgraph-T-0451,T-0451,1,B-008,Road resurfacing works - Nagpur (Apr 2025),road_resurfacing,Road resurfacing works,works,open,2025-04-29,10,7479300.02,31712,sq.m,31712,sq.m,7,1,complete,A-0451,V-0197,6238392.17,2025-06-15,0,0,,0,,competitive
ocds-pgraph-T-0452,T-0452,1,B-008,Solar street lighting - Nagpur (Jun 2023),solar_streetlight,Solar street lighting,goods,open,2023-06-11,21,,113,unit,113,unit,7,1,complete,A-0452,V-0188,1464196.06,2023-07-13,0,0,,0,,competitive
ocds-pgraph-T-0453,T-0453,1,B-008,Solar street lighting - Nagpur (Feb 2025),solar_streetlight,Solar street lighting,goods,open,2025-02-24,21,14320266.23,841,unit,841,unit,6,1,complete,A-0453,V-0218,12547893.13,2025-04-24,0,0,,0,,competitive
ocds-pgraph-T-0454,T-0454,1,B-008,Borewell drilling - Nagpur (Jul 2024),borewell_drilling,Borewell drilling,works,open,2024-07-27,21,4378527.69,2370,metre,2370,metre,3,1,complete,A-0454,V-0184,3818370.71,2024-09-26,0,0,,0,,competitive
ocds-pgraph-T-0455,T-0455,1,B-008,Borewell drilling - Nagpur (Jan 2024),borewell_drilling,Borewell drilling,works,open,2024-01-03,14,3955023.25,2344,metre,2344,metre,0,0,complete,A-0455,V-0133,3408647.71,2024-02-16,0,0,,0,,competitive
ocds-pgraph-T-0456,T-0456,1,B-008,Borewell drilling - Nagpur (Mar 2024),borewell_drilling,Borewell drilling,works,open,2024-03-12,7,3563007.61,1696,metre,1696,metre,4,1,complete,A-0456,V-0005,2908240.01,2024-04-07,0,0,,0,,competitive
ocds-pgraph-T-0457,T-0457,1,B-008,Solar street lighting - Nagpur (Jul 2024),solar_streetlight,Solar street lighting,goods,open,2024-07-20,21,9080189.26,538,unit,538,unit,2,1,complete,A-0457,V-0015,8994746.61,2024-08-20,0,0,,0,,competitive
ocds-pgraph-T-0458,T-0458,1,B-008,Borewell drilling - Nagpur (Jul 2026),borewell_drilling,Borewell drilling,works,open,2026-07-03,30,1290583.21,636,metre,636,metre,3,1,complete,A-0458,V-0133,1343048.17,2026-08-22,0,0,,0,,competitive
ocds-pgraph-T-0459,T-0459,1,B-008,Borewell drilling - Nagpur (Feb 2023),borewell_drilling,Borewell drilling,works,open,2023-02-25,14,1594023.17,920,metre,920,metre,6,1,complete,A-0459,V-0181,1433356.18,2023-04-19,0,0,,0,,competitive
ocds-pgraph-T-0460,T-0460,1,B-008,Solar street lighting - Nagpur (Jun 2026),solar_streetlight,Solar street lighting,goods,open,2026-06-25,30,13102831.95,808,unit,808,unit,4,1,complete,A-0460,V-0084,11723269.99,2026-08-31,0,0,,0,,competitive
ocds-pgraph-T-0461,T-0461,1,B-008,Borewell drilling - Nagpur (Aug 2024),borewell_drilling,Borewell drilling,works,open,2024-08-11,7,3867270.89,1962,metre,1962,metre,6,1,complete,A-0461,V-0098,3288500.75,2024-09-07,0,0,,0,,competitive
ocds-pgraph-T-0462,T-0462,1,B-008,Road resurfacing works - Nagpur (Oct 2025),road_resurfacing,Road resurfacing works,works,open,2025-10-05,30,9135634.72,37952,sq.m,37952,sq.m,3,1,complete,A-0462,V-0210,7273192.52,2025-11-30,0,0,,0,,competitive
ocds-pgraph-T-0463,T-0463,1,B-008,Borewell drilling - Nagpur (Jan 2023),borewell_drilling,Borewell drilling,works,open,2023-01-20,10,1195887.74,619,metre,619,metre,6,1,complete,A-0463,V-0184,966281.68,2023-02-24,0,0,,0,,competitive
ocds-pgraph-T-0464,T-0464,1,B-008,Road resurfacing works - Nagpur (May 2023),road_resurfacing,Road resurfacing works,works,open,2023-05-16,14,10585098.6,48777,sq.m,48777,sq.m,3,1,complete,A-0464,V-0021,10368815.83,2023-06-19,0,0,,0,,competitive
ocds-pgraph-T-0465,T-0465,1,B-008,Road resurfacing works - Nagpur (Mar 2026),road_resurfacing,Road resurfacing works,works,open,2026-03-24,14,12994877.23,51050,sq.m,51050,sq.m,0,0,complete,A-0465,V-0210,10176229.14,2026-05-08,0,0,,0,,competitive
ocds-pgraph-T-0466,T-0466,1,B-008,Solar street lighting - Nagpur (Oct 2024),solar_streetlight,Solar street lighting,goods,open,2024-10-11,14,3427718.37,212,unit,212,unit,4,1,complete,A-0466,V-0188,2966535.08,2024-11-17,0,0,,0,,competitive
ocds-pgraph-T-0467,T-0467,1,B-008,Road resurfacing works - Nagpur (Jul 2025),road_resurfacing,Road resurfacing works,works,open,2025-07-14,30,13983777.19,57536,sq.m,57536,sq.m,2,1,complete,A-0467,V-0156,11585340.19,2025-09-06,0,0,,0,,competitive
ocds-pgraph-T-0468,T-0468,1,B-008,Borewell drilling - Nagpur (Jun 2025),borewell_drilling,Borewell drilling,works,open,2025-06-18,10,3230083.24,1708,metre,1708,metre,5,1,complete,A-0468,V-0120,2983038.17,2025-07-23,0,0,,0,,competitive
ocds-pgraph-T-0469,T-0469,1,B-008,Borewell drilling - Nagpur (May 2026),borewell_drilling,Borewell drilling,works,open,2026-05-16,30,4427674.19,2125,metre,2125,metre,2,1,complete,A-0469,V-0184,4653797.8,2026-07-29,0,0,,0,,competitive
ocds-pgraph-T-0470,T-0470,1,B-014,Building construction works - Kota (Dec 2022),building_construction,Building construction works,works,open,2022-12-18,14,816706.38,487,sq.m,487,sq.m,5,1,complete,A-0470,V-0126,761180.37,2023-01-19,0,0,,0,,competitive
ocds-pgraph-T-0471,T-0471,1,B-014,Building construction works - Kota (Mar 2026),building_construction,Building construction works,works,open,2026-03-10,14,5930913.76,3001,sq.m,3001,sq.m,7,1,complete,A-0471,V-0192,4755728.99,2026-04-27,0,0,,0,,competitive
ocds-pgraph-T-0472,T-0472,1,B-014,Building construction works - Kota (Feb 2026),building_construction,Building construction works,works,open,2026-02-19,7,5561518.05,3065,sq.m,3065,sq.m,3,1,complete,A-0472,V-0126,4990290.51,2026-03-14,0,0,,0,,competitive
ocds-pgraph-T-0473,T-0473,1,B-014,Building construction works - Kota (Jan 2026),building_construction,Building construction works,works,open,2026-01-15,21,2128843.47,1080,sq.m,1080,sq.m,3,1,complete,A-0473,V-0027,1743943.57,2026-03-02,0,0,,0,,competitive
ocds-pgraph-T-0474,T-0474,1,B-014,Borewell drilling - Kota (Apr 2026),borewell_drilling,Borewell drilling,works,open,2026-04-04,14,1853547.74,979,metre,979,metre,1,1,complete,A-0474,V-0119,2000986.95,2026-05-08,0,0,,0,,single
ocds-pgraph-T-0475,T-0475,1,B-014,Building construction works - Kota (Nov 2024),building_construction,Building construction works,works,open,2024-11-29,14,,2136,sq.m,2136,sq.m,7,1,complete,A-0475,V-0235,3559369.25,2025-01-24,0,0,,0,,competitive
ocds-pgraph-T-0476,T-0476,1,B-014,Building construction works - Kota (Dec 2025),building_construction,Building construction works,works,open,2025-12-24,14,791198.07,409,sq.m,409,sq.m,5,1,complete,A-0476,V-0235,637291.71,2026-01-31,0,0,,0,,competitive
ocds-pgraph-T-0477,T-0477,1,B-014,Road resurfacing works - Kota (Jun 2026),road_resurfacing,Road resurfacing works,works,open,2026-06-03,21,10649557.85,49410,sq.m,49410,sq.m,1,1,complete,A-0477,V-0119,10774219.94,2026-07-05,0,0,,0,,competitive
ocds-pgraph-T-0478,T-0478,1,B-014,Borewell drilling - Kota (Apr 2024),borewell_drilling,Borewell drilling,works,open,2024-04-18,21,1300200.69,890,metre,890,metre,3,1,complete,A-0478,V-0161,1139638.78,2024-05-19,0,0,,0,,competitive
ocds-pgraph-T-0479,T-0479,1,B-014,Building construction works - Kota (Aug 2025),building_construction,Building construction works,works,open,2025-08-02,7,3906528.29,1998,sq.m,1998,sq.m,1,1,complete,A-0479,V-0042,4037472.77,2025-09-06,0,0,,0,,single
ocds-pgraph-T-0480,T-0480,1,B-014,Road resurfacing works - Kota (May 2025),road_resurfacing,Road resurfacing works,works,open,2025-05-31,21,9295890.32,41495,sq.m,41495,sq.m,7,1,complete,A-0480,V-0230,7444719.89,2025-07-24,0,0,,0,,competitive
ocds-pgraph-T-0481,T-0481,1,B-014,Road resurfacing works - Kota (Dec 2022),road_resurfacing,Road resurfacing works,works,open,2022-12-13,30,3539066.05,18908,sq.m,18908,sq.m,4,1,complete,A-0481,V-0088,3289178.02,2023-02-22,0,0,,0,,competitive
ocds-pgraph-T-0482,T-0482,1,B-014,Road resurfacing works - Kota (Oct 2022),road_resurfacing,Road resurfacing works,works,open,2022-10-08,10,5408201.89,28043,sq.m,28043,sq.m,6,1,complete,A-0482,V-0165,4502033.23,2022-11-26,0,0,,0,,competitive
ocds-pgraph-T-0483,T-0483,1,B-014,Building construction works - Kota (Mar 2024),building_construction,Building construction works,works,open,2024-03-29,14,2705768.16,1587,sq.m,1587,sq.m,6,1,complete,A-0483,V-0042,2355093.06,2024-05-23,0,0,,0,,competitive
ocds-pgraph-T-0484,T-0484,1,B-014,Borewell drilling - Kota (Sep 2022),borewell_drilling,Borewell drilling,works,open,2022-09-26,30,3731598.47,2453,metre,2453,metre,3,1,complete,A-0484,V-0119,2972139.29,2022-11-22,0,0,,0,,competitive
ocds-pgraph-T-0485,T-0485,1,B-014,Borewell drilling - Kota (Sep 2025),borewell_drilling,Borewell drilling,works,open,2025-09-21,14,1344941.03,850,metre,850,metre,1,1,complete,A-0485,V-0119,1416934.06,2025-11-04,0,0,,0,,competitive
ocds-pgraph-T-0486,T-0486,1,B-014,Borewell drilling - Kota (Nov 2022),borewell_drilling,Borewell drilling,works,open,2022-11-10,7,3454275.84,2304,metre,2304,metre,4,1,complete,A-0486,V-0119,3289029.68,2022-12-23,0,0,,0,,competitive
ocds-pgraph-T-0487,T-0487,1,B-014,Building construction works - Kota (Apr 2024),building_construction,Building construction works,works,open,2024-04-01,14,3634856.1,2058,sq.m,2058,sq.m,1,1,complete,A-0487,V-0221,3761181.53,2024-05-19,0,0,,0,,single
ocds-pgraph-T-0488,T-0488,1,B-014,Building construction works - Kota (Jan 2026),building_construction,Building construction works,works,open,2026-01-16,30,6935351.79,3586,sq.m,3586,sq.m,6,1,complete,A-0488,V-0042,5878983.75,2026-02-27,0,0,,0,,competitive
ocds-pgraph-T-0489,T-0489,1,B-014,Building construction works - Kota (Jun 2024),building_construction,Building construction works,works,open,2024-06-18,30,5785121.37,2905,sq.m,2905,sq.m,3,1,complete,A-0489,V-0051,4872818.26,2024-08-29,0,0,,0,,competitive
ocds-pgraph-T-0490,T-0490,1,B-014,Borewell drilling - Kota (Feb 2024),borewell_drilling,Borewell drilling,works,open,2024-02-18,14,,315,metre,315,metre,1,1,complete,A-0490,V-0119,553047.07,2024-03-18,0,0,,0,,single
ocds-pgraph-T-0491,T-0491,1,B-023,Laptop and IT hardware supply - Thrissur (Jul 2024),laptops_it,Laptop and IT hardware supply,goods,open,2024-07-29,14,18237611.01,327,unit,327,unit,7,1,complete,A-0491,V-0168,14516796.92,2024-08-27,0,0,,0,,competitive
ocds-pgraph-T-0492,T-0492,1,B-023,Manned security services - Thrissur (Jun 2024),security_services,Manned security services,services,open,2024-06-21,14,6274416.53,236,man-month,236,man-month,4,1,complete,A-0492,V-0145,5355406.04,2024-07-16,0,0,,0,,competitive
ocds-pgraph-T-0493,T-0493,1,B-023,Laptop and IT hardware supply - Thrissur (Apr 2023),laptops_it,Laptop and IT hardware supply,goods,open,2023-04-19,10,36933901.49,742,unit,742,unit,4,1,complete,A-0493,V-0160,31071463.04,2023-06-02,0,0,,0,,competitive
ocds-pgraph-T-0494,T-0494,1,B-023,Manned security services - Thrissur (Nov 2023),security_services,Manned security services,services,open,2023-11-16,14,13634732.89,522,man-month,522,man-month,3,1,complete,A-0494,V-0185,13032981.98,2023-12-27,0,0,,0,,competitive
ocds-pgraph-T-0495,T-0495,1,B-023,Laptop and IT hardware supply - Thrissur (Sep 2022),laptops_it,Laptop and IT hardware supply,goods,open,2022-09-05,30,2474767.3,50,unit,50,unit,6,1,complete,A-0495,V-0014,2071067.22,2022-11-06,0,0,,0,,competitive
ocds-pgraph-T-0496,T-0496,1,B-023,Laptop and IT hardware supply - Thrissur (Mar 2024),laptops_it,Laptop and IT hardware supply,goods,open,2024-03-22,21,40318281.51,787,unit,787,unit,6,1,complete,A-0496,V-0122,33814693.32,2024-05-25,0,0,,0,,competitive
ocds-pgraph-T-0497,T-0497,1,B-023,Laptop and IT hardware supply - Thrissur (Aug 2025),laptops_it,Laptop and IT hardware supply,goods,open,2025-08-27,10,14533952.96,277,unit,277,unit,3,1,complete,A-0497,V-0200,11903096.86,2025-09-19,0,0,,0,,competitive
ocds-pgraph-T-0498,T-0498,1,B-023,Manned security services - Thrissur (Jan 2026),security_services,Manned security services,services,open,2026-01-10,21,11199738.05,368,man-month,368,man-month,0,0,complete,A-0498,V-S005,8927488.34,2026-03-08,0,0,,0,,competitive
ocds-pgraph-T-0499,T-0499,1,B-023,Manned security services - Thrissur (Aug 2024),security_services,Manned security services,services,open,2024-08-01,10,,179,man-month,179,man-month,3,1,complete,A-0499,V-S007,4339853.03,2024-08-27,0,0,,0,,competitive
ocds-pgraph-T-0500,T-0500,1,B-023,Laptop and IT hardware supply - Thrissur (Sep 2022),laptops_it,Laptop and IT hardware supply,goods,open,2022-09-04,21,22732630.58,467,unit,467,unit,5,1,complete,A-0500,V-0034,18625524.71,2022-11-08,0,0,,0,,competitive
ocds-pgraph-T-0501,T-0501,1,B-023,Laptop and IT hardware supply - Thrissur (Dec 2023),laptops_it,Laptop and IT hardware supply,goods,open,2023-12-24,7,21362136.18,395,unit,395,unit,6,1,complete,A-0501,V-0204,17257570.28,2024-01-19,0,0,,0,,competitive
ocds-pgraph-T-0502,T-0502,1,B-023,Laptop and IT hardware supply - Thrissur (Sep 2024),laptops_it,Laptop and IT hardware supply,goods,open,2024-09-10,7,,710,unit,710,unit,2,1,complete,A-0502,V-0122,32630756.66,2024-10-29,0,0,,0,,competitive
ocds-pgraph-T-0503,T-0503,1,B-023,Manned security services - Thrissur (Feb 2025),security_services,Manned security services,services,open,2025-02-22,10,10201625.97,393,man-month,393,man-month,1,1,complete,A-0503,V-0040,10998805.92,2025-04-10,0,0,,0,,single
ocds-pgraph-T-0504,T-0504,1,B-023,Manned security services - Thrissur (Jan 2024),security_services,Manned security services,services,open,2024-01-16,30,12130468.85,462,man-month,462,man-month,6,1,complete,A-0504,V-0185,10197706.78,2024-03-07,0,0,,0,,competitive
ocds-pgraph-T-0505,T-0505,1,B-023,Manned security services - Thrissur (Dec 2024),security_services,Manned security services,services,open,2024-12-15,10,5883042.97,219,man-month,219,man-month,5,1,complete,A-0505,V-0185,5035114.6,2025-01-27,0,0,,0,,competitive
ocds-pgraph-T-0506,T-0506,1,B-023,Laptop and IT hardware supply - Thrissur (Jan 2025),laptops_it,Laptop and IT hardware supply,goods,open,2025-01-25,21,,146,unit,146,unit,5,1,complete,A-0506,V-0122,7420627.1,2025-02-28,0,0,,0,,competitive
ocds-pgraph-T-0507,T-0507,1,B-023,Laptop and IT hardware supply - Thrissur (Jan 2026),laptops_it,Laptop and IT hardware supply,goods,open,2026-01-02,21,17315051.07,302,unit,302,unit,4,1,complete,A-0507,V-0236,14711717.36,2026-03-06,0,0,,0,,competitive
ocds-pgraph-T-0508,T-0508,1,B-023,Laptop and IT hardware supply - Thrissur (Mar 2025),laptops_it,Laptop and IT hardware supply,goods,open,2025-03-31,21,15604945.8,267,unit,267,unit,1,1,complete,A-0508,V-0122,17358078.65,2025-05-17,0,0,,0,,single
ocds-pgraph-T-0509,T-0509,1,B-006,Solar street lighting - Dakshina Kannada (Nov 2024),solar_streetlight,Solar street lighting,goods,open,2024-11-24,21,6890368.31,524,unit,524,unit,3,1,complete,A-0509,V-0061,7056572.29,2024-12-28,0,0,,0,,competitive
ocds-pgraph-T-0510,T-0510,1,B-006,Solar street lighting - Dakshina Kannada (Aug 2025),solar_streetlight,Solar street lighting,goods,open,2025-08-23,7,,249,unit,249,unit,3,1,complete,A-0510,V-Y005,3451655.09,2025-09-23,0,0,,0,,competitive
ocds-pgraph-T-0511,T-0511,1,B-006,Solar street lighting - Dakshina Kannada (Nov 2023),solar_streetlight,Solar street lighting,goods,open,2023-11-09,14,3660507.12,245,unit,245,unit,3,1,complete,A-0511,V-0123,2896982.07,2023-12-08,0,0,,0,,competitive
ocds-pgraph-T-0512,T-0512,1,B-006,Borewell drilling - Dakshina Kannada (Jun 2025),borewell_drilling,Borewell drilling,works,open,2025-06-18,21,4418853.88,2470,metre,2470,metre,3,1,complete,A-0512,V-0069,3538894.55,2025-08-11,0,0,,0,,competitive
ocds-pgraph-T-0513,T-0513,1,B-006,Road resurfacing works - Dakshina Kannada (Oct 2025),road_resurfacing,Road resurfacing works,works,open,2025-10-27,7,8490390.61,38587,sq.m,38587,sq.m,5,1,complete,A-0513,V-Y008,6618308.4,2025-12-14,0,0,,0,,competitive
ocds-pgraph-T-0514,T-0514,1,B-006,Road resurfacing works - Dakshina Kannada (Oct 2023),road_resurfacing,Road resurfacing works,works,open,2023-10-01,21,,43613,sq.m,43613,sq.m,4,1,complete,A-0514,V-0020,6976334.53,2023-11-15,0,0,,0,,competitive
ocds-pgraph-T-0515,T-0515,1,B-006,Solar street lighting - Dakshina Kannada (Jul 2023),solar_streetlight,Solar street lighting,goods,open,2023-07-20,14,8932658.13,619,unit,619,unit,4,1,complete,A-0515,V-0123,7293710.69,2023-08-15,0,0,,0,,competitive
ocds-pgraph-T-0516,T-0516,1,B-006,Borewell drilling - Dakshina Kannada (Nov 2023),borewell_drilling,Borewell drilling,works,open,2023-11-04,30,2454499.51,1592,metre,1592,metre,7,1,complete,A-0516,V-0026,2203821.47,2023-12-15,0,0,,0,,competitive
ocds-pgraph-T-0517,T-0517,1,B-006,Solar street lighting - Dakshina Kannada (Mar 2023),solar_streetlight,Solar street lighting,goods,open,2023-03-02,10,10552402.46,847,unit,847,unit,5,1,complete,A-0517,V-0218,9306868.61,2023-04-19,0,0,,0,,competitive
ocds-pgraph-T-0518,T-0518,1,B-006,Borewell drilling - Dakshina Kannada (Jul 2023),borewell_drilling,Borewell drilling,works,open,2023-07-27,21,362497.24,213,metre,213,metre,4,1,complete,A-0518,V-0238,319492.53,2023-09-07,0,0,,0,,competitive
ocds-pgraph-T-0519,T-0519,1,B-006,Road resurfacing works - Dakshina Kannada (Feb 2023),road_resurfacing,Road resurfacing works,works,open,2023-02-22,21,10606167.03,56091,sq.m,56091,sq.m,3,1,complete,A-0519,V-0153,9789911.45,2023-04-17,0,0,,0,,competitive
ocds-pgraph-T-0520,T-0520,1,B-006,Solar street lighting - Dakshina Kannada (Jan 2026),solar_streetlight,Solar street lighting,goods,open,2026-01-24,14,7596045.74,498,unit,498,unit,5,1,complete,A-0520,V-0061,6922169.46,2026-03-08,0,0,,0,,competitive
ocds-pgraph-T-0521,T-0521,1,B-006,Road resurfacing works - Dakshina Kannada (Mar 2026),road_resurfacing,Road resurfacing works,works,open,2026-03-23,21,3051595.36,14038,sq.m,14038,sq.m,1,1,complete,A-0521,V-0020,3120857.91,2026-04-30,0,0,,0,,competitive
ocds-pgraph-T-0522,T-0522,1,B-006,Borewell drilling - Dakshina Kannada (Feb 2023),borewell_drilling,Borewell drilling,works,open,2023-02-16,7,3481760.09,2113,metre,2113,metre,7,1,complete,A-0522,V-0238,3066623.43,2023-03-27,0,0,,0,,competitive
ocds-pgraph-T-0523,T-0523,1,B-006,Borewell drilling - Dakshina Kannada (Apr 2024),borewell_drilling,Borewell drilling,works,open,2024-04-10,30,3598950.08,2315,metre,2315,metre,6,1,complete,A-0523,V-0238,2996217.28,2024-05-30,0,0,,0,,competitive
ocds-pgraph-T-0524,T-0524,1,B-006,Borewell drilling - Dakshina Kannada (Aug 2024),borewell_drilling,Borewell drilling,works,open,2024-08-13,21,4296303.94,2411,metre,2411,metre,5,1,complete,A-0524,V-0119,3499566.93,2024-10-06,0,0,,0,,competitive
ocds-pgraph-T-0525,T-0525,1,B-006,Road resurfacing works - Dakshina Kannada (Jul 2024),road_resurfacing,Road resurfacing works,works,open,2024-07-28,14,9485259.31,41797,sq.m,41797,sq.m,4,1,complete,A-0525,V-0155,7742111.66,2024-09-12,0,0,,0,,competitive
ocds-pgraph-T-0526,T-0526,1,B-006,Road resurfacing works - Dakshina Kannada (Jul 2023),road_resurfacing,Road resurfacing works,works,open,2023-07-18,21,8723435.22,41561,sq.m,41561,sq.m,3,1,complete,A-0526,V-Y008,8428792.97,2023-09-05,0,0,,0,,competitive
ocds-pgraph-T-0527,T-0527,1,B-006,Solar street lighting - Dakshina Kannada (Dec 2025),solar_streetlight,Solar street lighting,goods,open,2025-12-14,7,3372740.23,213,unit,213,unit,1,1,complete,A-0527,V-0123,3252614.76,2026-01-09,0,0,,0,,competitive
ocds-pgraph-T-0528,T-0528,1,B-006,Road resurfacing works - Dakshina Kannada (Nov 2025),road_resurfacing,Road resurfacing works,works,open,2025-11-02,14,4632066.27,21147,sq.m,21147,sq.m,1,1,complete,A-0528,V-0140,4950868.74,2025-12-06,0,0,,0,,single
ocds-pgraph-T-0529,T-0529,1,B-006,Solar street lighting - Dakshina Kannada (Sep 2023),solar_streetlight,Solar street lighting,goods,open,2023-09-11,10,10781904.68,771,unit,771,unit,2,1,complete,A-0529,V-0093,10652428.1,2023-10-16,0,0,,0,,competitive
ocds-pgraph-T-0530,T-0530,1,B-006,Solar street lighting - Dakshina Kannada (Apr 2023),solar_streetlight,Solar street lighting,goods,open,2023-04-02,7,,882,unit,882,unit,3,1,complete,A-0530,V-0155,10468555.09,2023-05-21,0,0,,0,,competitive
ocds-pgraph-T-0531,T-0531,1,B-006,Borewell drilling - Dakshina Kannada (Sep 2025),borewell_drilling,Borewell drilling,works,open,2025-09-07,7,2890038.29,1540,metre,1540,metre,5,1,complete,A-0531,V-0169,2421560.76,2025-10-09,0,0,,0,,competitive
ocds-pgraph-T-0532,T-0532,1,B-006,Borewell drilling - Dakshina Kannada (Dec 2024),borewell_drilling,Borewell drilling,works,open,2024-12-13,14,1594057.1,999,metre,999,metre,1,1,complete,A-0532,V-0169,1587103.28,2025-01-15,0,0,,0,,single
ocds-pgraph-T-0533,T-0533,1,B-006,Road resurfacing works - Dakshina Kannada (Aug 2025),road_resurfacing,Road resurfacing works,works,open,2025-08-30,21,9762305.99,41679,sq.m,41679,sq.m,6,1,complete,A-0533,V-Y008,8362231.13,2025-10-15,0,0,,0,,competitive
ocds-pgraph-T-0534,T-0534,1,B-006,Road resurfacing works - Dakshina Kannada (Dec 2025),road_resurfacing,Road resurfacing works,works,open,2025-12-10,10,4237918.2,18596,sq.m,18596,sq.m,1,1,complete,A-0534,V-0020,4395557.25,2026-01-21,0,0,,0,,single
ocds-pgraph-T-0535,T-0535,1,B-006,Solar street lighting - Dakshina Kannada (Mar 2023),solar_streetlight,Solar street lighting,goods,open,2023-03-19,21,7822795.63,547,unit,547,unit,4,1,complete,A-0535,V-0155,6830648.42,2023-04-21,0,0,,0,,competitive
ocds-pgraph-T-0536,T-0536,1,B-030,Solar street lighting - Balasore (Oct 2022),solar_streetlight,Solar street lighting,goods,open,2022-10-14,21,2779381.6,218,unit,218,unit,6,1,complete,A-0536,V-0087,2269340.51,2022-12-03,0,0,,0,,competitive
ocds-pgraph-T-0537,T-0537,1,B-030,Borewell drilling - Balasore (Jun 2025),borewell_drilling,Borewell drilling,works,open,2025-06-20,30,1401449.22,961,metre,961,metre,5,1,complete,A-0537,V-0227,1331800.97,2025-08-14,0,0,,0,,competitive
ocds-pgraph-T-0538,T-0538,1,B-030,Solar street lighting - Balasore (Sep 2024),solar_streetlight,Solar street lighting,goods,open,2024-09-11,30,9604427.34,696,unit,696,unit,3,1,complete,A-0538,V-0087,7826026.37,2024-11-05,0,0,,0,,competitive
ocds-pgraph-T-0539,T-0539,1,B-030,Road resurfacing works - Balasore (Jun 2024),road_resurfacing,Road resurfacing works,works,open,2024-06-30,14,11062611.57,58802,sq.m,58802,sq.m,4,1,complete,A-0539,V-Y002,9152335.37,2024-08-15,0,0,,0,,competitive
ocds-pgraph-T-0540,T-0540,1,B-030,Solar street lighting - Balasore (Jun 2023),solar_streetlight,Solar street lighting,goods,open,2023-06-17,21,10746843.06,848,unit,848,unit,3,1,complete,A-0540,V-0087,9407272.59,2023-08-18,0,0,,0,,competitive
ocds-pgraph-T-0541,T-0541,1,B-030,Road resurfacing works - Balasore (Apr 2024),road_resurfacing,Road resurfacing works,works,open,2024-04-15,21,7217828.18,37966,sq.m,37966,sq.m,4,1,complete,A-0541,V-Y002,6941088.83,2024-05-31,0,0,,0,,competitive
ocds-pgraph-T-0542,T-0542,1,B-030,Borewell drilling - Balasore (Aug 2023),borewell_drilling,Borewell drilling,works,open,2023-08-26,10,528455.46,360,metre,360,metre,7,1,complete,A-0542,V-0227,485626.15,2023-10-06,0,0,,0,,competitive
ocds-pgraph-T-0543,T-0543,1,B-030,Solar street lighting - Balasore (Dec 2023),solar_streetlight,Solar street lighting,goods,open,2023-12-11,30,10619716.2,810,unit,810,unit,2,1,complete,A-0543,V-0087,8793359.65,2024-02-20,0,0,,0,,competitive
ocds-pgraph-T-0544,T-0544,1,B-030,Road resurfacing works - Balasore (Dec 2025),road_resurfacing,Road resurfacing works,works,open,2025-12-21,7,9596164.73,43287,sq.m,43287,sq.m,5,1,complete,A-0544,V-0217,7820890.37,2026-01-21,0,0,,0,,competitive
ocds-pgraph-T-0545,T-0545,1,B-030,Solar street lighting - Balasore (Jun 2023),solar_streetlight,Solar street lighting,goods,open,2023-06-06,30,1235645.23,101,unit,101,unit,4,1,complete,A-0545,V-0087,1100954.65,2023-07-27,0,0,,0,,competitive
ocds-pgraph-T-0546,T-0546,1,B-030,Road resurfacing works - Balasore (Mar 2024),road_resurfacing,Road resurfacing works,works,open,2024-03-24,7,9742550.33,53577,sq.m,53577,sq.m,5,1,complete,A-0546,V-0196,8761059.31,2024-04-23,0,0,,0,,competitive
ocds-pgraph-T-0547,T-0547,1,B-030,Road resurfacing works - Balasore (Apr 2025),road_resurfacing,Road resurfacing works,works,open,2025-04-05,21,11706209.49,58940,sq.m,58940,sq.m,5,1,complete,A-0547,V-0048,9892437.15,2025-06-04,0,0,,0,,competitive
ocds-pgraph-T-0548,T-0548,1,B-030,Road resurfacing works - Balasore (Jul 2024),road_resurfacing,Road resurfacing works,works,open,2024-07-23,30,7588074.24,39991,sq.m,39991,sq.m,3,1,complete,A-0548,V-0190,6359449.74,2024-09-05,0,0,,0,,competitive
ocds-pgraph-T-0549,T-0549,1,B-030,Road resurfacing works - Balasore (Jul 2026),road_resurfacing,Road resurfacing works,works,open,2026-07-17,21,10139023.64,46557,sq.m,46557,sq.m,3,1,complete,A-0549,V-0048,9290413.87,2026-09-07,0,0,,0,,competitive
ocds-pgraph-T-0550,T-0550,1,B-030,Solar street lighting - Balasore (Feb 2025),solar_streetlight,Solar street lighting,goods,open,2025-02-10,21,1969423.81,153,unit,153,unit,4,1,complete,A-0550,V-0154,1657015.85,2025-03-15,0,0,,0,,competitive
ocds-pgraph-T-0551,T-0551,1,B-030,Road resurfacing works - Balasore (Jun 2026),road_resurfacing,Road resurfacing works,works,open,2026-06-08,21,3447929.27,15956,sq.m,15956,sq.m,4,1,complete,A-0551,V-0057,2904957.85,2026-08-04,0,0,,0,,competitive
ocds-pgraph-T-0552,T-0552,1,B-030,Road resurfacing works - Balasore (Sep 2022),road_resurfacing,Road resurfacing works,works,open,2022-09-12,14,,47493,sq.m,47493,sq.m,7,1,complete,A-0552,V-0048,7777287.17,2022-11-04,0,0,,0,,competitive
ocds-pgraph-T-0553,T-0553,1,B-030,Road resurfacing works - Balasore (Nov 2024),road_resurfacing,Road resurfacing works,works,open,2024-11-06,14,4259607.75,22200,sq.m,22200,sq.m,5,1,complete,A-0553,V-Y002,3656199.93,2025-01-03,0,0,,0,,competitive
ocds-pgraph-T-0554,T-0554,1,B-030,Solar street lighting - Balasore (Oct 2022),solar_streetlight,Solar street lighting,goods,open,2022-10-28,10,3851827.45,296,unit,296,unit,5,1,complete,A-0554,V-0087,3131228.61,2022-11-24,0,0,,0,,competitive
ocds-pgraph-T-0555,T-0555,1,B-030,Solar street lighting - Balasore (Nov 2022),solar_streetlight,Solar street lighting,goods,open,2022-11-20,30,5343129.08,437,unit,437,unit,4,1,complete,A-0555,V-0092,4449488.85,2023-01-15,0,0,,0,,competitive
ocds-pgraph-T-0556,T-0556,1,B-030,Solar street lighting - Balasore (Feb 2023),solar_streetlight,Solar street lighting,goods,open,2023-02-20,21,4983312.15,396,unit,396,unit,3,1,complete,A-0556,V-0087,4330558.92,2023-04-11,0,0,,0,,competitive
ocds-pgraph-T-0557,T-0557,1,B-030,Road resurfacing works - Balasore (Feb 2025),road_resurfacing,Road resurfacing works,works,open,2025-02-17,10,3575111.16,18719,sq.m,18719,sq.m,2,1,complete,A-0557,V-0196,3168913.67,2025-03-28,0,0,,0,,competitive
ocds-pgraph-T-0558,T-0558,1,B-030,Solar street lighting - Balasore (Oct 2023),solar_streetlight,Solar street lighting,goods,open,2023-10-08,30,9789342.8,811,unit,811,unit,0,0,complete,A-0558,V-0154,8507326.97,2023-12-09,0,0,,0,,competitive
ocds-pgraph-T-0559,T-0559,1,B-030,Solar street lighting - Balasore (Feb 2023),solar_streetlight,Solar street lighting,goods,open,2023-02-12,14,8331949.21,670,unit,670,unit,5,1,complete,A-0559,V-0092,7944166.42,2023-03-22,0,0,,0,,competitive
ocds-pgraph-T-0560,T-0560,1,B-030,Borewell drilling - Balasore (Jul 2025),borewell_drilling,Borewell drilling,works,open,2025-07-13,14,2587689.82,1670,metre,1670,metre,3,1,complete,A-0560,V-0180,2300462.72,2025-09-06,0,0,,0,,competitive
ocds-pgraph-T-0561,T-0561,1,B-030,Solar street lighting - Balasore (Jan 2023),solar_streetlight,Solar street lighting,goods,open,2023-01-14,7,873747.35,74,unit,74,unit,1,1,complete,A-0561,V-0092,923105.58,2023-03-03,0,0,,0,,single
ocds-pgraph-T-0562,T-0562,1,B-017,Laptop and IT hardware supply - Bikaner (Jul 2023),laptops_it,Laptop and IT hardware supply,goods,open,2023-07-20,30,42703812.12,824,unit,824,unit,1,1,complete,A-0562,V-0101,45760268.7,2023-09-16,0,0,,0,,single
ocds-pgraph-T-0563,T-0563,1,B-017,Manned security services - Bikaner (Feb 2023),security_services,Manned security services,services,open,2023-02-06,21,,105,man-month,105,man-month,1,1,complete,A-0563,V-0189,2653151.76,2023-03-25,0,0,,0,,single
ocds-pgraph-T-0564,T-0564,1,B-017,Manned security services - Bikaner (Jun 2024),security_services,Manned security services,services,open,2024-06-17,30,11848817.82,488,man-month,488,man-month,5,1,complete,A-0564,V-0126,10046887.16,2024-08-29,0,0,,0,,competitive
ocds-pgraph-T-0565,T-0565,1,B-017,Manned security services - Bikaner (May 2024),security_services,Manned security services,services,open,2024-05-10,21,12440528.94,494,man-month,494,man-month,5,1,complete,A-0565,V-0126,9792022.34,2024-06-18,0,0,,0,,competitive
ocds-pgraph-T-0566,T-0566,1,B-017,Manned security services - Bikaner (Jun 2024),security_services,Manned security services,services,open,2024-06-05,30,4360377.33,174,man-month,174,man-month,3,1,complete,A-0566,V-0126,3913685.04,2024-07-26,0,0,,0,,competitive
ocds-pgraph-T-0567,T-0567,1,B-017,Laptop and IT hardware supply - Bikaner (Feb 2025),laptops_it,Laptop and IT hardware supply,goods,open,2025-02-16,14,28439080.33,504,unit,504,unit,7,1,complete,A-0567,V-0119,23391333.91,2025-03-26,0,0,,0,,competitive
ocds-pgraph-T-0568,T-0568,1,B-017,Laptop and IT hardware supply - Bikaner (Sep 2023),laptops_it,Laptop and IT hardware supply,goods,open,2023-09-23,14,28208179.73,543,unit,543,unit,2,1,complete,A-0568,V-0101,21799234.13,2023-11-13,0,0,,0,,competitive
ocds-pgraph-T-0569,T-0569,1,B-017,Laptop and IT hardware supply - Bikaner (May 2025),laptops_it,Laptop and IT hardware supply,goods,open,2025-05-28,21,7452895.92,147,unit,147,unit,1,1,complete,A-0569,V-0160,7787920.33,2025-07-10,0,0,,0,,competitive
ocds-pgraph-T-0570,T-0570,1,B-017,Laptop and IT hardware supply - Bikaner (Jun 2024),laptops_it,Laptop and IT hardware supply,goods,open,2024-06-06,7,13181389.11,284,unit,284,unit,1,1,complete,A-0570,V-0030,13631210.07,2024-07-22,0,0,,0,,competitive
ocds-pgraph-T-0571,T-0571,1,B-017,Laptop and IT hardware supply - Bikaner (Oct 2023),laptops_it,Laptop and IT hardware supply,goods,open,2023-10-17,30,17354027.81,400,unit,400,unit,6,1,complete,A-0571,V-0236,16278089.46,2023-12-27,0,0,,0,,competitive
ocds-pgraph-T-0572,T-0572,1,B-017,Manned security services - Bikaner (Jul 2023),security_services,Manned security services,services,open,2023-07-04,21,4680883.5,193,man-month,193,man-month,0,0,complete,A-0572,V-0112,4268321.21,2023-09-03,0,0,,0,,competitive
ocds-pgraph-T-0573,T-0573,1,B-017,Manned security services - Bikaner (Jan 2025),security_services,Manned security services,services,open,2025-01-26,10,2891242.07,103,man-month,103,man-month,5,1,complete,A-0573,V-0082,2434486.52,2025-03-05,0,0,,0,,competitive
ocds-pgraph-T-0574,T-0574,1,B-017,Manned security services - Bikaner (Nov 2023),security_services,Manned security services,services,open,2023-11-18,7,3315907.3,137,man-month,137,man-month,7,1,complete,A-0574,V-0189,2772854.48,2023-12-11,0,0,,0,,competitive
ocds-pgraph-T-0575,T-0575,1,B-017,Manned security services - Bikaner (Jan 2026),security_services,Manned security services,services,open,2026-01-24,21,6628288.55,238,man-month,238,man-month,2,1,complete,A-0575,V-0126,5187656.82,2026-03-28,0,0,,0,,competitive
ocds-pgraph-T-0576,T-0576,1,B-035,Water supply pipeline works - New Delhi (Apr 2023),water_pipeline,Water supply pipeline works,works,open,2023-04-28,10,13927453.67,5798,metre,5798,metre,5,1,complete,A-0576,V-0032,13654603.78,2023-06-17,0,0,,0,,competitive
ocds-pgraph-T-0577,T-0577,1,B-035,Water supply pipeline works - New Delhi (Feb 2023),water_pipeline,Water supply pipeline works,works,open,2023-02-04,14,6790192.07,2394,metre,2394,metre,4,1,complete,A-0577,V-0187,5492064.31,2023-03-09,0,0,,0,,competitive
ocds-pgraph-T-0578,T-0578,1,B-035,Borewell drilling - New Delhi (Feb 2025),borewell_drilling,Borewell drilling,works,open,2025-02-05,30,4673748.12,2398,metre,2398,metre,6,1,complete,A-0578,V-S005,4014433.31,2025-04-19,0,0,,0,,competitive
ocds-pgraph-T-0579,T-0579,1,B-035,Water supply pipeline works - New Delhi (Nov 2023),water_pipeline,Water supply pipeline works,works,open,2023-11-15,14,10541185.51,3803,metre,3803,metre,2,1,complete,A-0579,V-0081,8736739.61,2023-12-12,0,0,,0,,competitive
ocds-pgraph-T-0580,T-0580,1,B-035,Water supply pipeline works - New Delhi (Dec 2023),water_pipeline,Water supply pipeline works,works,open,2023-12-23,7,,3257,metre,3257,metre,5,1,complete,A-0580,V-0071,7866475.28,2024-01-09,0,0,,0,,competitive
ocds-pgraph-T-0581,T-0581,1,B-035,Borewell drilling - New Delhi (May 2023),borewell_drilling,Borewell drilling,works,open,2023-05-21,7,,793,metre,793,metre,2,1,complete,A-0581,V-0056,1282558.14,2023-06-09,0,0,,0,,competitive
ocds-pgraph-T-0582,T-0582,1,B-035,Borewell drilling - New Delhi (May 2024),borewell_drilling,Borewell drilling,works,open,2024-05-13,10,1676335.56,992,metre,992,metre,5,1,complete,A-0582,V-0152,1435285.15,2024-06-15,0,0,,0,,competitive
ocds-pgraph-T-0583,T-0583,1,B-035,Borewell drilling - New Delhi (Oct 2022),borewell_drilling,Borewell drilling,works,open,2022-10-17,14,3138655.88,1767,metre,1767,metre,5,1,complete,A-0583,V-0005,2623284.05,2022-11-20,0,0,,0,,competitive
ocds-pgraph-T-0584,T-0584,1,B-035,Water supply pipeline works - New Delhi (Dec 2022),water_pipeline,Water supply pipeline works,works,open,2022-12-24,14,977567.42,361,metre,361,metre,5,1,complete,A-0584,V-0032,837672.58,2023-02-07,0,0,,0,,competitive
ocds-pgraph-T-0585,T-0585,1,B-035,Water supply pipeline works - New Delhi (Feb 2026),water_pipeline,Water supply pipeline works,works,open,2026-02-23,14,,2391,metre,2391,metre,4,1,complete,A-0585,V-0187,6016196.94,2026-03-27,0,0,,0,,competitive
ocds-pgraph-T-0586,T-0586,1,B-035,Water supply pipeline works - New Delhi (Nov 2025),water_pipeline,Water supply pipeline works,works,open,2025-11-17,14,14847149.23,5141,metre,5141,metre,6,1,complete,A-0586,V-0187,13638952.63,2025-12-17,0,0,,0,,competitive
ocds-pgraph-T-0587,T-0587,1,B-035,Borewell drilling - New Delhi (Jan 2025),borewell_drilling,Borewell drilling,works,open,2025-01-22,7,3574624.01,1936,metre,1936,metre,7,1,complete,A-0587,V-0120,3261624.71,2025-02-21,0,0,,0,,competitive
ocds-pgraph-T-0588,T-0588,1,B-035,Water supply pipeline works - New Delhi (Jul 2024),water_pipeline,Water supply pipeline works,works,open,2024-07-15,14,1498295.67,481,metre,481,metre,4,1,complete,A-0588,V-0053,1244598.97,2024-08-29,0,0,,0,,competitive
ocds-pgraph-T-0589,T-0589,1,B-035,Borewell drilling - New Delhi (Mar 2024),borewell_drilling,Borewell drilling,works,open,2024-03-09,30,3806250.9,1927,metre,1927,metre,1,1,complete,A-0589,V-0231,3242046.47,2024-05-03,0,0,,0,,competitive
ocds-pgraph-T-0590,T-0590,1,B-035,Water supply pipeline works - New Delhi (Apr 2025),water_pipeline,Water supply pipeline works,works,open,2025-04-28,10,5122962.37,1740,metre,1740,metre,3,1,complete,A-0590,V-0071,4190083.97,2025-06-06,0,0,,0,,competitive
ocds-pgraph-T-0591,T-0591,1,B-035,Borewell drilling - New Delhi (May 2023),borewell_drilling,Borewell drilling,works,open,2023-05-07,21,1051257.33,673,metre,673,metre,2,1,complete,A-0591,V-0056,1099814.78,2023-06-14,0,0,,0,,competitive
ocds-pgraph-T-0592,T-0592,1,B-035,Water supply pipeline works - New Delhi (May 2024),water_pipeline,Water supply pipeline works,works,open,2024-05-16,30,5246403.18,1805,metre,1805,metre,4,1,complete,A-0592,V-0032,4525123.45,2024-06-29,0,0,,0,,competitive
ocds-pgraph-T-0593,T-0593,1,B-035,Borewell drilling - New Delhi (Nov 2025),borewell_drilling,Borewell drilling,works,open,2025-11-26,7,4594679.39,2289,metre,2289,metre,3,1,complete,A-0593,V-0231,4066367.19,2025-12-31,0,0,,0,,competitive
ocds-pgraph-T-0594,T-0594,1,B-035,Borewell drilling - New Delhi (Jan 2024),borewell_drilling,Borewell drilling,works,open,2024-01-21,7,3214387.69,1742,metre,1742,metre,7,1,complete,A-0594,V-0058,2811777.42,2024-03-09,0,0,,0,,competitive
ocds-pgraph-T-0595,T-0595,1,B-035,Borewell drilling - New Delhi (Dec 2022),borewell_drilling,Borewell drilling,works,open,2022-12-22,14,1752538.02,1033,metre,1033,metre,5,1,complete,A-0595,V-0069,1428550.34,2023-01-25,0,0,,0,,competitive
ocds-pgraph-T-0596,T-0596,1,B-035,Borewell drilling - New Delhi (May 2023),borewell_drilling,Borewell drilling,works,open,2023-05-22,7,3582308.09,2035,metre,2035,metre,4,1,complete,A-0596,V-0231,3673181.11,2023-06-22,0,0,,0,,competitive
ocds-pgraph-T-0597,T-0597,1,B-035,Borewell drilling - New Delhi (Jun 2023),borewell_drilling,Borewell drilling,works,open,2023-06-19,21,823357.76,430,metre,430,metre,5,1,complete,A-0597,V-0119,690253.67,2023-08-21,0,0,,0,,competitive
ocds-pgraph-T-0598,T-0598,1,B-035,Water supply pipeline works - New Delhi (Feb 2024),water_pipeline,Water supply pipeline works,works,open,2024-02-25,7,10767543.54,3854,metre,3854,metre,4,1,complete,A-0598,V-0187,10034526.25,2024-03-17,0,0,,0,,competitive
ocds-pgraph-T-0599,T-0599,1,B-035,Borewell drilling - New Delhi (Jul 2026),borewell_drilling,Borewell drilling,works,open,2026-07-07,21,1542995.41,753,metre,753,metre,1,1,complete,A-0599,V-0056,1559965.45,2026-08-21,0,0,,0,,single
ocds-pgraph-T-0600,T-0600,1,B-035,Water supply pipeline works - New Delhi (Oct 2025),water_pipeline,Water supply pipeline works,works,open,2025-10-10,14,12688227.7,4519,metre,4519,metre,3,1,complete,A-0600,V-0032,11347776.93,2025-11-27,0,0,,0,,competitive
ocds-pgraph-T-0601,T-0601,1,B-004,Ambulance procurement - Belagavi (Jun 2025),ambulance_vehicle,Ambulance procurement,goods,open,2025-06-23,21,,8,unit,8,unit,1,1,complete,A-0601,V-0095,18836510.17,2025-08-06,0,0,,0,,single
ocds-pgraph-T-0602,T-0602,1,B-004,Ambulance procurement - Belagavi (Mar 2024),ambulance_vehicle,Ambulance procurement,goods,open,2024-03-21,10,39104229.38,17,unit,17,unit,1,1,complete,A-0602,V-0096,35106394.35,2024-05-09,0,0,,0,,competitive
ocds-pgraph-T-0603,T-0603,1,B-004,Building construction works - Belagavi (Dec 2024),building_construction,Building construction works,works,open,2024-12-04,30,7024316.04,3369,sq.m,3369,sq.m,6,1,complete,A-0603,V-0123,6318959.88,2025-02-11,0,0,,0,,competitive
ocds-pgraph-T-0604,T-0604,1,B-004,Manned security services - Belagavi (Nov 2022),security_services,Manned security services,services,open,2022-11-23,7,12653559.13,507,man-month,507,man-month,5,1,complete,A-0604,V-0140,10444712.74,2022-12-25,0,0,,0,,competitive
ocds-pgraph-T-0605,T-0605,1,B-004,Ambulance procurement - Belagavi (Sep 2025),ambulance_vehicle,Ambulance procurement,goods,open,2025-09-22,21,,11,unit,11,unit,7,1,complete,A-0605,V-0095,24753703.39,2025-11-02,0,0,,0,,competitive
ocds-pgraph-T-0606,T-0606,1,B-004,Manned security services - Belagavi (Jun 2026),security_services,Manned security services,services,open,2026-06-09,30,,415,man-month,415,man-month,4,1,complete,A-0606,V-0069,10109289.82,2026-08-10,0,0,,0,,competitive
ocds-pgraph-T-0607,T-0607,1,B-004,Ambulance procurement - Belagavi (May 2023),ambulance_vehicle,Ambulance procurement,goods,open,2023-05-03,7,39956161.7,19,unit,19,unit,3,1,complete,A-0607,V-0095,32778178.85,2023-06-20,0,0,,0,,competitive
ocds-pgraph-T-0608,T-0608,1,B-004,Ambulance procurement - Belagavi (Mar 2025),ambulance_vehicle,Ambulance procurement,goods,open,2025-03-01,7,67212518.77,29,unit,29,unit,3,1,complete,A-0608,V-0112,62648358.97,2025-04-17,0,0,,0,,competitive
ocds-pgraph-T-0609,T-0609,1,B-004,Ambulance procurement - Belagavi (Jun 2026),ambulance_vehicle,Ambulance procurement,goods,open,2026-06-25,7,,25,unit,25,unit,4,1,complete,A-0609,V-0238,56168201.89,2026-07-16,0,0,,0,,competitive
ocds-pgraph-T-0610,T-0610,1,B-004,Building construction works - Belagavi (Feb 2023),building_construction,Building construction works,works,open,2023-02-06,30,,1653,sq.m,1653,sq.m,3,1,complete,A-0610,V-0175,3206717.08,2023-04-02,0,0,,0,,competitive
ocds-pgraph-T-0611,T-0611,1,B-004,Building construction works - Belagavi (Apr 2026),building_construction,Building construction works,works,open,2026-04-28,7,5363306.83,2276,sq.m,2276,sq.m,6,1,complete,A-0611,V-0198,4255646.47,2026-05-31,0,0,,0,,competitive
ocds-pgraph-T-0612,T-0612,1,B-004,Manned security services - Belagavi (Feb 2024),security_services,Manned security services,services,open,2024-02-09,7,7127498.78,279,man-month,279,man-month,4,1,complete,A-0612,V-0062,6221129.21,2024-03-01,0,0,,0,,competitive
ocds-pgraph-T-0613,T-0613,1,B-004,Manned security services - Belagavi (Mar 2025),security_services,Manned security services,services,open,2025-03-04,14,,385,man-month,385,man-month,5,1,complete,A-0613,V-0239,8044481.06,2025-04-25,0,0,,0,,competitive
ocds-pgraph-T-0614,T-0614,1,B-004,Building construction works - Belagavi (Oct 2024),building_construction,Building construction works,works,open,2024-10-16,10,7301094.65,3793,sq.m,3793,sq.m,4,1,complete,A-0614,V-0218,7101891.24,2024-11-20,0,0,,0,,competitive
ocds-pgraph-T-0615,T-0615,1,B-004,Ambulance procurement - Belagavi (May 2026),ambulance_vehicle,Ambulance procurement,goods,open,2026-05-30,7,68011585.74,26,unit,26,unit,1,1,complete,A-0615,V-0112,72051336.82,2026-06-17,0,0,,0,,single
ocds-pgraph-T-0616,T-0616,1,B-004,Manned security services - Belagavi (Jan 2026),security_services,Manned security services,services,open,2026-01-08,7,,415,man-month,415,man-month,1,1,complete,A-0616,V-0239,11176709.46,2026-01-25,0,0,,0,,competitive
ocds-pgraph-T-0617,T-0617,1,B-004,Ambulance procurement - Belagavi (Sep 2022),ambulance_vehicle,Ambulance procurement,goods,open,2022-09-01,21,63642851.57,30,unit,30,unit,3,1,complete,A-0617,V-0238,54883334.76,2022-10-29,0,0,,0,,competitive
ocds-pgraph-T-0618,T-0618,1,B-004,Manned security services - Belagavi (Dec 2024),security_services,Manned security services,services,open,2024-12-04,10,6820851.74,255,man-month,255,man-month,5,1,complete,A-0618,V-0045,6016683.13,2025-01-10,0,0,,0,,competitive
ocds-pgraph-T-0619,T-0619,1,B-004,Building construction works - Belagavi (Mar 2024),building_construction,Building construction works,works,open,2024-03-04,10,7638531.11,3484,sq.m,3484,sq.m,5,1,complete,A-0619,V-0175,6944586.33,2024-04-02,0,0,,0,,competitive
ocds-pgraph-T-0620,T-0620,1,B-004,Ambulance procurement - Belagavi (Jan 2026),ambulance_vehicle,Ambulance procurement,goods,open,2026-01-27,10,13963437.14,5,unit,5,unit,3,1,complete,A-0620,V-0096,10826765.69,2026-03-02,0,0,,0,,competitive
ocds-pgraph-T-0621,T-0621,1,B-004,Building construction works - Belagavi (Mar 2025),building_construction,Building construction works,works,open,2025-03-03,21,7670977.2,3319,sq.m,3319,sq.m,4,1,complete,A-0621,V-0218,6473677.41,2025-05-07,0,0,,0,,competitive
ocds-pgraph-T-0622,T-0622,1,B-004,Building construction works - Belagavi (Jan 2026),building_construction,Building construction works,works,open,2026-01-26,30,6278962.8,2642,sq.m,2642,sq.m,5,1,complete,A-0622,V-0218,5090754.82,2026-03-29,0,0,,0,,competitive
ocds-pgraph-T-0623,T-0623,1,B-004,Manned security services - Belagavi (Feb 2026),security_services,Manned security services,services,open,2026-02-07,21,4675660.48,160,man-month,160,man-month,5,1,complete,A-0623,V-0069,4010963.74,2026-03-25,0,0,,0,,competitive
ocds-pgraph-T-0624,T-0624,1,B-004,Building construction works - Belagavi (Dec 2025),building_construction,Building construction works,works,open,2025-12-28,10,1983350.82,943,sq.m,943,sq.m,4,1,complete,A-0624,V-0175,1855099.03,2026-02-12,0,0,,0,,competitive
ocds-pgraph-T-0625,T-0625,1,B-004,Building construction works - Belagavi (Sep 2025),building_construction,Building construction works,works,open,2025-09-22,14,8829955.03,3954,sq.m,3954,sq.m,6,1,complete,A-0625,V-0221,7487316.57,2025-11-11,0,0,,0,,competitive
ocds-pgraph-T-0626,T-0626,1,B-004,Building construction works - Belagavi (Aug 2025),building_construction,Building construction works,works,open,2025-08-12,21,,2797,sq.m,2797,sq.m,3,1,complete,A-0626,V-0175,5476501.21,2025-09-29,0,0,,0,,competitive
ocds-pgraph-T-0627,T-0627,1,B-004,Ambulance procurement - Belagavi (Dec 2025),ambulance_vehicle,Ambulance procurement,goods,open,2025-12-22,7,5167991.05,2,unit,2,unit,4,1,complete,A-0627,V-0095,5014055.67,2026-01-25,0,0,,0,,competitive
ocds-pgraph-T-0628,T-0628,1,B-004,Manned security services - Belagavi (Mar 2025),security_services,Manned security services,services,open,2025-03-03,7,10241237.3,378,man-month,378,man-month,1,1,complete,A-0628,V-0112,9283122.49,2025-04-03,0,0,,0,,competitive
ocds-pgraph-T-0629,T-0629,1,B-015,Building construction works - Alwar (Dec 2025),building_construction,Building construction works,works,open,2025-12-20,21,8101811.47,3906,sq.m,3906,sq.m,2,1,complete,A-0629,V-0192,6751412.67,2026-02-03,0,0,,0,,competitive
ocds-pgraph-T-0630,T-0630,1,B-015,Road resurfacing works - Alwar (Nov 2024),road_resurfacing,Road resurfacing works,works,open,2024-11-03,30,8259912.3,35713,sq.m,35713,sq.m,3,1,complete,A-0630,V-0119,6883300.4,2024-12-20,0,0,,0,,competitive
ocds-pgraph-T-0631,T-0631,1,B-015,Building construction works - Alwar (Mar 2026),building_construction,Building construction works,works,open,2026-03-29,21,2046046.06,1028,sq.m,1028,sq.m,3,1,complete,A-0631,V-0126,1786979.14,2026-05-08,0,0,,0,,competitive
ocds-pgraph-T-0632,T-0632,1,B-015,Building construction works - Alwar (Apr 2026),building_construction,Building construction works,works,open,2026-04-30,14,1130576.58,541,sq.m,541,sq.m,5,1,complete,A-0632,V-0221,931926.0,2026-06-18,0,0,,0,,competitive
ocds-pgraph-T-0633,T-0633,1,B-015,Building construction works - Alwar (Aug 2025),building_construction,Building construction works,works,open,2025-08-29,14,,2957,sq.m,2957,sq.m,3,1,complete,A-0633,V-0042,5422074.0,2025-10-05,0,0,,0,,competitive
ocds-pgraph-T-0634,T-0634,1,B-015,Road resurfacing works - Alwar (Aug 2023),road_resurfacing,Road resurfacing works,works,open,2023-08-11,10,7542175.32,38376,sq.m,38376,sq.m,1,1,complete,A-0634,V-0119,8289718.97,2023-09-23,0,0,,0,,single
ocds-pgraph-T-0635,T-0635,1,B-015,Borewell drilling - Alwar (Nov 2025),borewell_drilling,Borewell drilling,works,open,2025-11-04,7,3928885.83,2131,metre,2131,metre,7,1,complete,A-0635,V-0026,3117706.73,2025-12-18,0,0,,0,,competitive
ocds-pgraph-T-0636,T-0636,1,B-015,Building construction works - Alwar (Sep 2023),building_construction,Building construction works,works,open,2023-09-04,10,2131120.25,1150,sq.m,1150,sq.m,7,1,complete,A-0636,V-0221,1781114.91,2023-10-09,0,0,,0,,competitive
ocds-pgraph-T-0637,T-0637,1,B-015,Building construction works - Alwar (Jun 2023),building_construction,Building construction works,works,open,2023-06-27,7,3389342.06,2016,sq.m,2016,sq.m,5,1,complete,A-0637,V-0042,3084604.79,2023-08-07,0,0,,0,,competitive
ocds-pgraph-T-0638,T-0638,1,B-015,Building construction works - Alwar (Nov 2022),building_construction,Building construction works,works,open,2022-11-23,7,4125451.49,2611,sq.m,2611,sq.m,1,1,complete,A-0638,V-0051,4145911.65,2022-12-23,0,0,,0,,competitive
ocds-pgraph-T-0639,T-0639,1,B-015,Borewell drilling - Alwar (Jun 2026),borewell_drilling,Borewell drilling,works,open,2026-06-24,21,1685395.95,902,metre,902,metre,4,1,complete,A-0639,V-0161,1425598.13,2026-07-29,0,0,,0,,competitive
ocds-pgraph-T-0640,T-0640,1,B-015,Borewell drilling - Alwar (Aug 2024),borewell_drilling,Borewell drilling,works,open,2024-08-16,7,,992,metre,992,metre,2,1,complete,A-0640,V-0090,1631965.96,2024-10-04,0,0,,0,,competitive
ocds-pgraph-T-0641,T-0641,1,B-015,Road resurfacing works - Alwar (Jul 2025),road_resurfacing,Road resurfacing works,works,open,2025-07-30,14,5568338.79,25015,sq.m,25015,sq.m,3,1,complete,A-0641,V-0224,4908309.06,2025-09-27,0,0,,0,,competitive
ocds-pgraph-T-0642,T-0642,1,B-015,Borewell drilling - Alwar (Sep 2024),borewell_drilling,Borewell drilling,works,open,2024-09-03,30,1659797.07,1062,metre,1062,metre,5,1,complete,A-0642,V-0058,1412728.58,2024-10-15,0,0,,0,,competitive
ocds-pgraph-T-0643,T-0643,1,B-015,Building construction works - Alwar (Sep 2025),building_construction,Building construction works,works,open,2025-09-19,21,5082452.21,2539,sq.m,2539,sq.m,7,1,complete,A-0643,V-0126,4118438.98,2025-11-12,0,0,,0,,competitive
ocds-pgraph-T-0644,T-0644,1,B-015,Road resurfacing works - Alwar (Apr 2026),road_resurfacing,Road resurfacing works,works,open,2026-04-10,14,,19858,sq.m,19858,sq.m,3,1,complete,A-0644,V-0076,4530085.52,2026-05-04,0,0,,0,,competitive
ocds-pgraph-T-0645,T-0645,1,B-015,Borewell drilling - Alwar (Oct 2022),borewell_drilling,Borewell drilling,works,open,2022-10-03,21,2420405.95,1452,metre,1452,metre,2,1,complete,A-0645,V-0090,2117471.18,2022-11-03,0,0,,0,,competitive
ocds-pgraph-T-0646,T-0646,1,B-022,Manned security services - Thrissur (Dec 2022),security_services,Manned security services,services,open,2022-12-03,30,,442,man-month,442,man-month,2,1,complete,A-0646,V-S005,10018118.43,2023-01-29,0,0,,0,,competitive
ocds-pgraph-T-0647,T-0647,1,B-022,Ambulance procurement - Thrissur (Jul 2025),ambulance_vehicle,Ambulance procurement,goods,open,2025-07-10,10,65155626.04,24,unit,24,unit,6,1,complete,A-0647,V-0125,56019572.24,2025-08-16,0,0,,0,,competitive
ocds-pgraph-T-0648,T-0648,1,B-022,Manned security services - Thrissur (Jan 2023),security_services,Manned security services,services,open,2023-01-31,7,2236637.7,96,man-month,96,man-month,6,1,complete,A-0648,V-S005,1933963.69,2023-03-13,0,0,,0,,competitive
ocds-pgraph-T-0649,T-0649,1,B-022,Building construction works - Thrissur (Oct 2023),building_construction,Building construction works,works,open,2023-10-26,21,6289861.2,3204,sq.m,3204,sq.m,4,1,complete,A-0649,V-S004,5502359.96,2023-12-19,0,0,,0,,competitive
ocds-pgraph-T-0650,T-0650,1,B-022,Ambulance procurement - Thrissur (Jan 2024),ambulance_vehicle,Ambulance procurement,goods,open,2024-01-12,14,50073487.5,21,unit,21,unit,2,1,complete,A-0650,V-0001,45357700.44,2024-02-29,0,0,,0,,competitive
ocds-pgraph-T-0651,T-0651,1,B-022,Manned security services - Thrissur (Dec 2024),security_services,Manned security services,services,open,2024-12-26,14,12931617.35,462,man-month,462,man-month,5,1,complete,A-0651,V-0223,12375865.31,2025-02-06,0,0,,0,,competitive
ocds-pgraph-T-0652,T-0652,1,B-022,Building construction works - Thrissur (Sep 2023),building_construction,Building construction works,works,open,2023-09-06,7,7048515.0,3320,sq.m,3320,sq.m,7,1,complete,A-0652,V-0099,5559229.75,2023-10-10,0,0,,0,,competitive
ocds-pgraph-T-0653,T-0653,1,B-022,Ambulance procurement - Thrissur (Mar 2026),ambulance_vehicle,Ambulance procurement,goods,open,2026-03-10,30,29782590.87,11,unit,11,unit,3,1,complete,A-0653,V-0125,27299619.64,2026-05-06,0,0,,0,,competitive
ocds-pgraph-T-0654,T-0654,1,B-022,Ambulance procurement - Thrissur (Feb 2024),ambulance_vehicle,Ambulance procurement,goods,open,2024-02-10,21,55531946.32,24,unit,24,unit,7,1,complete,A-0654,V-0125,45763526.13,2024-03-26,0,0,,0,,competitive
ocds-pgraph-T-0655,T-0655,1,B-022,Manned security services - Thrissur (Oct 2025),security_services,Manned security services,services,open,2025-10-19,21,,469,man-month,469,man-month,1,1,complete,A-0655,V-S007,14154806.96,2025-12-19,0,0,,0,,competitive
ocds-pgraph-T-0656,T-0656,1,B-022,Building construction works - Thrissur (Jan 2024),building_construction,Building construction works,works,open,2024-01-06,7,7369692.21,3361,sq.m,3361,sq.m,4,1,complete,A-0656,V-0138,6076188.1,2024-02-25,0,0,,0,,competitive
ocds-pgraph-T-0657,T-0657,1,B-022,Manned security services - Thrissur (Jan 2024),security_services,Manned security services,services,open,2024-01-20,7,,210,man-month,210,man-month,3,1,complete,A-0657,V-0040,4680745.69,2024-02-15,0,0,,0,,competitive
ocds-pgraph-T-0658,T-0658,1,B-022,Building construction works - Thrissur (Nov 2024),building_construction,Building construction works,works,open,2024-11-27,7,1122023.27,498,sq.m,498,sq.m,2,1,complete,A-0658,V-0099,966367.77,2025-01-04,0,0,,0,,competitive
ocds-pgraph-T-0659,T-0659,1,B-022,Building construction works - Thrissur (Nov 2022),building_construction,Building construction works,works,open,2022-11-22,10,3439974.69,1763,sq.m,1763,sq.m,3,1,complete,A-0659,V-0138,3157204.95,2023-01-07,0,0,,0,,competitive
ocds-pgraph-T-0660,T-0660,1,B-022,Ambulance procurement - Thrissur (May 2026),ambulance_vehicle,Ambulance procurement,goods,open,2026-05-22,10,36807692.75,14,unit,14,unit,4,1,complete,A-0660,V-0001,29412390.83,2026-07-16,0,0,,0,,competitive
ocds-pgraph-T-0661,T-0661,1,B-022,Building construction works - Thrissur (May 2025),building_construction,Building construction works,works,open,2025-05-11,21,2280606.86,1019,sq.m,1019,sq.m,6,1,complete,A-0661,V-0029,2168136.71,2025-07-02,0,0,,0,,competitive
ocds-pgraph-T-0662,T-0662,1,B-022,Manned security services - Thrissur (Apr 2023),security_services,Manned security services,services,open,2023-04-19,10,4014726.16,143,man-month,143,man-month,2,1,complete,A-0662,V-0223,3123502.22,2023-06-12,0,0,,0,,competitive
ocds-pgraph-T-0663,T-0663,1,B-022,Ambulance procurement - Thrissur (Jul 2024),ambulance_vehicle,Ambulance procurement,goods,open,2024-07-30,30,13459336.6,5,unit,5,unit,6,1,complete,A-0663,V-0096,11670599.76,2024-09-21,0,0,,0,,competitive
ocds-pgraph-T-0664,T-0664,1,B-022,Ambulance procurement - Thrissur (Sep 2024),ambulance_vehicle,Ambulance procurement,goods,open,2024-09-06,14,56900546.55,24,unit,24,unit,4,1,complete,A-0664,V-0001,46154602.06,2024-10-15,0,0,,0,,competitive
ocds-pgraph-T-0665,T-0665,1,B-022,Building construction works - Thrissur (Feb 2023),building_construction,Building construction works,works,open,2023-02-02,21,4165779.52,2043,sq.m,2043,sq.m,3,1,complete,A-0665,V-0080,3631770.54,2023-03-16,0,0,,0,,competitive
ocds-pgraph-T-0666,T-0666,1,B-022,Ambulance procurement - Thrissur (Jun 2023),ambulance_vehicle,Ambulance procurement,goods,open,2023-06-29,30,19861328.52,9,unit,9,unit,7,1,complete,A-0666,V-0001,16305233.64,2023-08-28,0,0,,0,,competitive
ocds-pgraph-T-0667,T-0667,1,B-022,Building construction works - Thrissur (Oct 2024),building_construction,Building construction works,works,open,2024-10-30,14,2581112.13,1262,sq.m,1262,sq.m,4,1,complete,A-0667,V-0138,2273783.6,2024-12-20,0,0,,0,,competitive
ocds-pgraph-T-0668,T-0668,1,B-022,Manned security services - Thrissur (May 2023),security_services,Manned security services,services,open,2023-05-01,10,693655.53,26,man-month,26,man-month,7,1,complete,A-0668,V-0164,579989.89,2023-05-23,0,0,,0,,competitive
ocds-pgraph-T-0669,T-0669,1,B-005,Laptop and IT hardware supply - Mysuru (Feb 2025),laptops_it,Laptop and IT hardware supply,goods,open,2025-02-16,14,34383974.7,733,unit,733,unit,6,1,complete,A-0669,V-0153,29039859.74,2025-03-21,0,0,,0,,competitive
ocds-pgraph-T-0670,T-0670,1,B-005,Laptop and IT hardware supply - Mysuru (Oct 2024),laptops_it,Laptop and IT hardware supply,goods,open,2024-10-03,21,2243102.79,44,unit,44,unit,2,1,complete,A-0670,V-0034,2012387.6,2024-12-06,0,0,,0,,competitive
ocds-pgraph-T-0671,T-0671,1,B-005,Manned security services - Mysuru (Apr 2023),security_services,Manned security services,services,open,2023-04-14,21,12427598.29,556,man-month,556,man-month,5,1,complete,A-0671,V-0112,11264643.83,2023-06-01,0,0,,0,,competitive
ocds-pgraph-T-0672,T-0672,1,B-005,Laptop and IT hardware supply - Mysuru (Jan 2024),laptops_it,Laptop and IT hardware supply,goods,open,2024-01-14,10,5508502.41,107,unit,107,unit,1,1,complete,A-0672,V-0046,4915291.24,2024-03-05,0,0,,0,,competitive
ocds-pgraph-T-0673,T-0673,1,B-005,Manned security services - Mysuru (May 2023),security_services,Manned security services,services,open,2023-05-22,14,11267523.71,463,man-month,463,man-month,6,1,complete,A-0673,V-0062,9380053.71,2023-06-27,0,0,,0,,competitive
ocds-pgraph-T-0674,T-0674,1,B-005,Manned security services - Mysuru (Oct 2025),security_services,Manned security services,services,open,2025-10-21,14,2977103.05,116,man-month,116,man-month,4,1,complete,A-0674,V-0239,2951894.16,2025-12-11,0,0,,0,,competitive
ocds-pgraph-T-0675,T-0675,1,B-005,Manned security services - Mysuru (Dec 2023),security_services,Manned security services,services,open,2023-12-24,21,11212077.76,500,man-month,500,man-month,2,1,complete,A-0675,V-0069,10193414.87,2024-02-07,0,0,,0,,competitive
ocds-pgraph-T-0676,T-0676,1,B-005,Manned security services - Mysuru (Jul 2023),security_services,Manned security services,services,open,2023-07-11,7,7178085.64,304,man-month,304,man-month,2,1,complete,A-0676,V-0069,6247464.65,2023-08-15,0,0,,0,,competitive
ocds-pgraph-T-0677,T-0677,1,B-005,Laptop and IT hardware supply - Mysuru (May 2026),laptops_it,Laptop and IT hardware supply,goods,open,2026-05-16,10,24104495.67,441,unit,441,unit,5,1,complete,A-0677,V-0046,20739129.01,2026-06-08,0,0,,0,,competitive
ocds-pgraph-T-0678,T-0678,1,B-005,Manned security services - Mysuru (May 2025),security_services,Manned security services,services,open,2025-05-14,7,6731895.16,251,man-month,251,man-month,7,1,complete,A-0678,V-0239,5532717.31,2025-07-03,0,0,,0,,competitive
ocds-pgraph-T-0679,T-0679,1,B-005,Laptop and IT hardware supply - Mysuru (May 2025),laptops_it,Laptop and IT hardware supply,goods,open,2025-05-10,14,9948765.24,219,unit,219,unit,5,1,complete,A-0679,V-0046,8754651.55,2025-06-18,0,0,,0,,competitive
ocds-pgraph-T-0680,T-0680,1,B-005,Manned security services - Mysuru (Oct 2025),security_services,Manned security services,services,open,2025-10-06,10,3775903.73,159,man-month,159,man-month,5,1,complete,A-0680,V-0140,3304368.04,2025-11-25,0,0,,0,,competitive
ocds-pgraph-T-0681,T-0681,1,B-005,Manned security services - Mysuru (Sep 2024),security_services,Manned security services,services,open,2024-09-08,10,10053448.19,417,man-month,417,man-month,1,1,complete,A-0681,V-0140,8867596.9,2024-09-30,0,0,,0,,competitive
ocds-pgraph-T-0682,T-0682,1,B-005,Manned security services - Mysuru (Jan 2026),security_services,Manned security services,services,open,2026-01-18,14,9277640.11,349,man-month,349,man-month,3,1,complete,A-0682,V-0062,7377862.2,2026-02-28,0,0,,0,,competitive
ocds-pgraph-T-0683,T-0683,1,B-005,Manned security services - Mysuru (Jun 2023),security_services,Manned security services,services,open,2023-06-21,21,5032574.66,219,man-month,219,man-month,2,1,complete,A-0683,V-0045,4544092.84,2023-08-15,0,0,,0,,competitive
ocds-pgraph-T-0684,T-0684,1,B-005,Laptop and IT hardware supply - Mysuru (Apr 2025),laptops_it,Laptop and IT hardware supply,goods,open,2025-04-19,14,16076918.29,330,unit,330,unit,3,1,complete,A-0684,V-0091,14557532.06,2025-06-13,0,0,,0,,competitive
ocds-pgraph-T-0685,T-0685,1,B-005,Manned security services - Mysuru (Dec 2023),security_services,Manned security services,services,open,2023-12-23,10,10524429.19,419,man-month,419,man-month,4,1,complete,A-0685,V-0140,8406024.49,2024-02-01,0,0,,0,,competitive
ocds-pgraph-T-0686,T-0686,1,B-005,Laptop and IT hardware supply - Mysuru (May 2025),laptops_it,Laptop and IT hardware supply,goods,open,2025-05-19,30,30064679.93,569,unit,569,unit,3,1,complete,A-0686,V-Y004,27027735.5,2025-07-22,0,0,,0,,competitive
ocds-pgraph-T-0687,T-0687,1,B-005,Manned security services - Mysuru (Oct 2024),security_services,Manned security services,services,open,2024-10-20,21,8172838.79,344,man-month,344,man-month,3,1,complete,A-0687,V-0062,7090419.38,2024-11-26,0,0,,0,,competitive
ocds-pgraph-T-0688,T-0688,1,B-005,Laptop and IT hardware supply - Mysuru (Apr 2024),laptops_it,Laptop and IT hardware supply,goods,open,2024-04-15,21,22246256.35,428,unit,428,unit,5,1,complete,A-0688,V-0034,17692667.25,2024-06-14,0,0,,0,,competitive
ocds-pgraph-T-0689,T-0689,1,B-005,Manned security services - Mysuru (Oct 2022),security_services,Manned security services,services,open,2022-10-12,30,11633959.69,488,man-month,488,man-month,2,1,complete,A-0689,V-0239,9379910.84,2022-12-06,0,0,,0,,competitive
ocds-pgraph-T-0690,T-0690,1,B-005,Manned security services - Mysuru (Jul 2024),security_services,Manned security services,services,open,2024-07-27,14,8254999.42,341,man-month,341,man-month,1,1,complete,A-0690,V-0239,8276876.65,2024-09-10,0,0,,0,,single
ocds-pgraph-T-0691,T-0691,1,B-005,Laptop and IT hardware supply - Mysuru (Oct 2022),laptops_it,Laptop and IT hardware supply,goods,open,2022-10-12,14,22493206.88,535,unit,535,unit,4,1,complete,A-0691,V-0034,20111398.11,2022-11-17,0,0,,0,,competitive
ocds-pgraph-T-0692,T-0692,1,B-005,Laptop and IT hardware supply - Mysuru (Jul 2023),laptops_it,Laptop and IT hardware supply,goods,open,2023-07-20,14,36300262.6,822,unit,822,unit,7,1,complete,A-0692,V-0091,29572436.31,2023-08-28,0,0,,0,,competitive
ocds-pgraph-T-0693,T-0693,1,B-005,Manned security services - Mysuru (Oct 2023),security_services,Manned security services,services,open,2023-10-28,21,2424861.44,95,man-month,95,man-month,4,1,complete,A-0693,V-0062,2245366.58,2023-12-12,0,0,,0,,competitive
ocds-pgraph-T-0694,T-0694,1,B-005,Manned security services - Mysuru (May 2026),security_services,Manned security services,services,open,2026-05-21,7,6039342.35,253,man-month,253,man-month,7,1,complete,A-0694,V-0112,5491243.41,2026-06-10,0,0,,0,,competitive
ocds-pgraph-T-0695,T-0695,1,B-005,Manned security services - Mysuru (Jul 2023),security_services,Manned security services,services,open,2023-07-17,30,7010166.54,275,man-month,275,man-month,0,0,complete,A-0695,V-0140,5628506.81,2023-09-11,0,0,,0,,competitive
ocds-pgraph-T-0696,T-0696,1,B-005,Laptop and IT hardware supply - Mysuru (Apr 2024),laptops_it,Laptop and IT hardware supply,goods,open,2024-04-23,21,4178349.53,80,unit,80,unit,3,1,complete,A-0696,V-Y004,3483032.48,2024-06-14,0,0,,0,,competitive
ocds-pgraph-T-0697,T-0697,1,B-011,Building construction works - Nashik (Sep 2025),building_construction,Building construction works,works,open,2025-09-18,10,961490.3,454,sq.m,454,sq.m,5,1,complete,A-0697,V-0052,824942.89,2025-10-18,0,0,,0,,competitive
ocds-pgraph-T-0698,T-0698,1,B-011,Borewell drilling - Nashik (Jul 2023),borewell_drilling,Borewell drilling,works,open,2023-07-02,14,3671012.33,2225,metre,2225,metre,3,1,complete,A-0698,V-0133,3127624.08,2023-08-13,0,0,,0,,competitive
ocds-pgraph-T-0699,T-0699,1,B-011,Borewell drilling - Nashik (Mar 2025),borewell_drilling,Borewell drilling,works,open,2025-03-20,14,3777569.8,2137,metre,2137,metre,6,1,complete,A-0699,V-S005,3327142.56,2025-04-14,0,0,,0,,competitive
ocds-pgraph-T-0700,T-0700,1,B-011,Borewell drilling - Nashik (Jun 2024),borewell_drilling,Borewell drilling,works,open,2024-06-27,10,,370,metre,370,metre,2,1,complete,A-0700,V-0184,581882.07,2024-08-03,0,0,,0,,competitive
ocds-pgraph-T-0701,T-0701,1,B-011,Road resurfacing works - Nashik (Jun 2026),road_resurfacing,Road resurfacing works,works,open,2026-06-08,14,2544912.16,10109,sq.m,10109,sq.m,6,1,complete,A-0701,V-0156,2191561.23,2026-07-28,0,0,,0,,competitive
ocds-pgraph-T-0702,T-0702,1,B-011,Building construction works - Nashik (Feb 2023),building_construction,Building construction works,works,open,2023-02-16,10,2274895.11,1188,sq.m,1188,sq.m,4,1,complete,A-0702,V-0079,1976216.51,2023-03-12,0,0,,0,,competitive
ocds-pgraph-T-0703,T-0703,1,B-011,Borewell drilling - Nashik (Aug 2024),borewell_drilling,Borewell drilling,works,open,2024-08-22,14,612492.86,324,metre,324,metre,5,1,complete,A-0703,V-0184,517595.6,2024-10-17,0,0,,0,,competitive
ocds-pgraph-T-0704,T-0704,1,B-011,Building construction works - Nashik (Mar 2024),building_construction,Building construction works,works,open,2024-03-07,21,5087609.51,2240,sq.m,2240,sq.m,5,1,complete,A-0704,V-0036,4196828.32,2024-05-12,0,0,,0,,competitive
ocds-pgraph-T-0705,T-0705,1,B-011,Building construction works - Nashik (Nov 2024),building_construction,Building construction works,works,open,2024-11-15,21,1756868.68,896,sq.m,896,sq.m,4,1,complete,A-0705,V-0079,1677233.57,2024-12-18,0,0,,0,,competitive
ocds-pgraph-T-0706,T-0706,1,B-011,Building construction works - Nashik (Jan 2025),building_construction,Building construction works,works,open,2025-01-09,30,1939915.61,893,sq.m,893,sq.m,6,1,complete,A-0706,V-0044,1664406.41,2025-02-23,0,0,,0,,competitive
ocds-pgraph-T-0707,T-0707,1,B-011,Road resurfacing works - Nashik (Oct 2023),road_resurfacing,Road resurfacing works,works,open,2023-10-26,10,10616935.49,47320,sq.m,47320,sq.m,6,1,complete,A-0707,V-0021,9658306.68,2023-12-12,0,0,,0,,competitive
ocds-pgraph-T-0708,T-0708,1,B-011,Building construction works - Nashik (Mar 2023),building_construction,Building construction works,works,open,2023-03-28,14,6700219.81,3512,sq.m,3512,sq.m,2,1,complete,A-0708,V-0022,6282720.72,2023-04-21,0,0,,0,,competitive
ocds-pgraph-T-0709,T-0709,1,B-011,Road resurfacing works - Nashik (Oct 2023),road_resurfacing,Road resurfacing works,works,open,2023-10-10,10,5995478.6,27051,sq.m,27051,sq.m,3,1,complete,A-0709,V-0197,5726589.04,2023-11-12,0,0,,0,,competitive
ocds-pgraph-T-0710,T-0710,1,B-011,Borewell drilling - Nashik (Aug 2024),borewell_drilling,Borewell drilling,works,open,2024-08-19,7,2390555.47,1179,metre,1179,metre,4,1,complete,A-0710,V-0005,2020633.01,2024-10-06,0,0,,0,,competitive
ocds-pgraph-T-0711,T-0711,1,B-011,Road resurfacing works - Nashik (Jul 2024),road_resurfacing,Road resurfacing works,works,open,2024-07-14,10,5327173.35,25080,sq.m,25080,sq.m,2,1,complete,A-0711,V-0021,4668300.52,2024-08-13,0,0,,0,,competitive
ocds-pgraph-T-0712,T-0712,1,B-011,Borewell drilling - Nashik (Dec 2025),borewell_drilling,Borewell drilling,works,open,2025-12-16,7,959134.02,476,metre,476,metre,7,1,complete,A-0712,V-0005,785956.01,2026-01-27,0,0,,0,,competitive
ocds-pgraph-T-0713,T-0713,1,B-011,Borewell drilling - Nashik (Mar 2025),borewell_drilling,Borewell drilling,works,open,2025-03-18,21,585800.07,327,metre,327,metre,0,0,complete,A-0713,V-0026,495998.61,2025-05-16,0,0,,0,,competitive
ocds-pgraph-T-0714,T-0714,1,B-018,Water supply pipeline works - Barmer (Oct 2023),water_pipeline,Water supply pipeline works,works,open,2023-10-09,10,,1136,metre,1136,metre,3,1,complete,A-0714,V-0102,2355707.89,2023-11-30,0,0,,0,,competitive
ocds-pgraph-T-0715,T-0715,1,B-018,Water supply pipeline works - Barmer (May 2023),water_pipeline,Water supply pipeline works,works,open,2023-05-31,21,7023737.44,2699,metre,2699,metre,5,1,complete,A-0715,V-0102,6034950.15,2023-07-10,0,0,,0,,competitive
ocds-pgraph-T-0716,T-0716,1,B-018,Water supply pipeline works - Barmer (Jan 2024),water_pipeline,Water supply pipeline works,works,open,2024-01-30,21,3211329.68,1291,metre,1291,metre,4,1,complete,A-0716,V-0102,2906278.63,2024-03-12,0,0,,0,,competitive
ocds-pgraph-T-0717,T-0717,1,B-018,Borewell drilling - Barmer (Mar 2024),borewell_drilling,Borewell drilling,works,open,2024-03-17,14,1980717.47,1246,metre,1246,metre,1,1,complete,A-0717,V-0161,2165201.01,2024-05-10,0,0,,0,,single
ocds-pgraph-T-0718,T-0718,1,B-018,Borewell drilling - Barmer (Nov 2024),borewell_drilling,Borewell drilling,works,open,2024-11-28,14,4164437.61,2463,metre,2463,metre,1,1,complete,A-0718,V-0119,3506006.4,2024-12-22,0,0,,0,,competitive
ocds-pgraph-T-0719,T-0719,1,B-018,Water supply pipeline works - Barmer (Feb 2024),water_pipeline,Water supply pipeline works,works,open,2024-02-03,21,3426748.75,1500,metre,1500,metre,1,1,complete,A-0719,V-0177,3433021.84,2024-03-31,0,0,,0,,single
ocds-pgraph-T-0720,T-0720,1,B-018,Borewell drilling - Barmer (Jun 2025),borewell_drilling,Borewell drilling,works,open,2025-06-22,30,3431004.88,2009,metre,2009,metre,2,1,complete,A-0720,V-0119,2944321.88,2025-08-11,0,0,,0,,competitive
ocds-pgraph-T-0721,T-0721,1,B-018,Borewell drilling - Barmer (Aug 2024),borewell_drilling,Borewell drilling,works,open,2024-08-08,14,2614355.22,1666,metre,1666,metre,3,1,complete,A-0721,V-0161,2269369.44,2024-09-22,0,0,,0,,competitive
ocds-pgraph-T-0722,T-0722,1,B-018,Borewell drilling - Barmer (Aug 2024),borewell_drilling,Borewell drilling,works,open,2024-08-09,30,738857.64,430,metre,430,metre,1,1,complete,A-0722,V-0119,790626.81,2024-09-18,0,0,,0,,single
ocds-pgraph-T-0723,T-0723,1,B-018,Water supply pipeline works - Barmer (Oct 2025),water_pipeline,Water supply pipeline works,works,open,2025-10-04,14,12375058.29,4363,metre,4363,metre,4,1,complete,A-0723,V-0102,11352174.71,2025-11-29,0,0,,0,,competitive
ocds-pgraph-T-0724,T-0724,1,B-018,Borewell drilling - Barmer (Jul 2025),borewell_drilling,Borewell drilling,works,open,2025-07-30,30,4149248.66,2342,metre,2342,metre,4,1,complete,A-0724,V-S006,3485729.64,2025-09-10,0,0,,0,,competitive
ocds-pgraph-T-0725,T-0725,1,B-018,Borewell drilling - Barmer (May 2025),borewell_drilling,Borewell drilling,works,open,2025-05-26,7,1953733.65,1079,metre,1079,metre,1,1,complete,A-0725,V-0119,1884151.1,2025-07-14,0,0,,0,,competitive
ocds-pgraph-T-0726,T-0726,1,B-018,Borewell drilling - Barmer (Apr 2026),borewell_drilling,Borewell drilling,works,open,2026-04-22,30,4617742.17,2496,metre,2496,metre,7,1,complete,A-0726,V-0119,3950938.27,2026-06-02,0,0,,0,,competitive
ocds-pgraph-T-0727,T-0727,1,B-018,Water supply pipeline works - Barmer (Sep 2022),water_pipeline,Water supply pipeline works,works,open,2022-09-12,30,6705642.55,2664,metre,2664,metre,1,1,complete,A-0727,V-0030,6694538.83,2022-11-19,0,0,,0,,single
ocds-pgraph-T-0728,T-0728,1,B-018,Borewell drilling - Barmer (Sep 2023),borewell_drilling,Borewell drilling,works,open,2023-09-15,21,,550,metre,550,metre,6,1,complete,A-0728,V-0119,763257.01,2023-11-07,0,0,,0,,competitive
ocds-pgraph-T-0729,T-0729,1,B-018,Borewell drilling - Barmer (May 2026),borewell_drilling,Borewell drilling,works,open,2026-05-10,10,3576818.8,1855,metre,1855,metre,2,1,complete,A-0729,V-0090,3049886.0,2026-06-08,0,0,,0,,competitive
ocds-pgraph-T-0730,T-0730,1,B-018,Borewell drilling - Barmer (Oct 2023),borewell_drilling,Borewell drilling,works,open,2023-10-16,14,368202.56,231,metre,231,metre,3,1,complete,A-0730,V-0161,322601.51,2023-11-15,0,0,,0,,competitive
ocds-pgraph-T-0731,T-0731,1,B-018,Water supply pipeline works - Barmer (Dec 2024),water_pipeline,Water supply pipeline works,works,open,2024-12-02,7,13893716.07,5715,metre,5715,metre,3,1,complete,A-0731,V-0102,13599267.27,2025-01-09,0,0,,0,,competitive
ocds-pgraph-T-0732,T-0732,1,B-018,Water supply pipeline works - Barmer (Aug 2023),water_pipeline,Water supply pipeline works,works,open,2023-08-27,14,15237925.21,5802,metre,5802,metre,2,1,complete,A-0732,V-0224,13773810.32,2023-10-12,0,0,,0,,competitive
ocds-pgraph-T-0733,T-0733,1,B-018,Borewell drilling - Barmer (May 2024),borewell_drilling,Borewell drilling,works,open,2024-05-25,10,511289.02,304,metre,304,metre,4,1,complete,A-0733,V-0180,524541.95,2024-07-14,0,0,,0,,competitive
ocds-pgraph-T-0734,T-0734,1,B-018,Borewell drilling - Barmer (Jul 2025),borewell_drilling,Borewell drilling,works,open,2025-07-23,7,569491.92,311,metre,311,metre,2,1,complete,A-0734,V-0119,511380.7,2025-09-01,0,0,,0,,competitive
ocds-pgraph-T-0735,T-0735,1,B-018,Borewell drilling - Barmer (Oct 2023),borewell_drilling,Borewell drilling,works,open,2023-10-07,14,1972443.09,1259,metre,1259,metre,4,1,complete,A-0735,V-0119,1828695.1,2023-11-05,0,0,,0,,competitive
ocds-pgraph-T-0736,T-0736,1,B-018,Water supply pipeline works - Barmer (Sep 2022),water_pipeline,Water supply pipeline works,works,open,2022-09-22,14,14208390.76,5667,metre,5667,metre,1,1,complete,A-0736,V-0235,14026057.69,2022-11-19,0,0,,0,,single
ocds-pgraph-T-0737,T-0737,1,B-018,Water supply pipeline works - Barmer (Feb 2026),water_pipeline,Water supply pipeline works,works,open,2026-02-18,14,2590216.85,934,metre,934,metre,4,1,complete,A-0737,V-0102,2359537.45,2026-04-16,0,0,,0,,competitive
ocds-pgraph-T-0738,T-0738,1,B-018,Borewell drilling - Barmer (Aug 2024),borewell_drilling,Borewell drilling,works,open,2024-08-27,10,4348559.42,2451,metre,2451,metre,4,1,complete,A-0738,V-0161,3699471.31,2024-09-16,0,0,,0,,competitive
ocds-pgraph-T-0739,T-0739,1,B-018,Borewell drilling - Barmer (Nov 2024),borewell_drilling,Borewell drilling,works,open,2024-11-20,21,3913524.35,2218,metre,2218,metre,5,1,complete,A-0739,V-S005,3778725.28,2025-01-15,0,0,,0,,competitive
ocds-pgraph-T-0740,T-0740,1,B-018,Water supply pipeline works - Barmer (May 2024),water_pipeline,Water supply pipeline works,works,open,2024-05-08,21,1870629.7,732,metre,732,metre,6,1,complete,A-0740,V-0177,1646418.33,2024-06-10,0,0,,0,,competitive
ocds-pgraph-T-0741,T-0741,1,B-018,Water supply pipeline works - Barmer (Jan 2025),water_pipeline,Water supply pipeline works,works,open,2025-01-29,21,12221589.28,4162,metre,4162,metre,0,0,complete,A-0741,V-0235,9758794.6,2025-03-14,0,0,,0,,competitive
ocds-pgraph-T-0742,T-0742,1,B-018,Borewell drilling - Barmer (Nov 2022),borewell_drilling,Borewell drilling,works,open,2022-11-25,14,2085830.95,1413,metre,1413,metre,6,1,complete,A-0742,V-0169,1810428.77,2023-01-07,0,0,,0,,competitive
ocds-pgraph-T-0743,T-0743,1,B-034,Ambulance procurement - Chennai (Jan 2024),ambulance_vehicle,Ambulance procurement,goods,open,2024-01-17,10,30068821.89,13,unit,13,unit,6,1,complete,A-0743,V-0135,25669814.46,2024-03-10,0,0,,0,,competitive
ocds-pgraph-T-0744,T-0744,1,B-034,Building construction works - Chennai (May 2024),building_construction,Building construction works,works,open,2024-05-10,14,5785043.26,2605,sq.m,2605,sq.m,5,1,complete,A-0744,V-0235,5053499.58,2024-06-21,0,0,,0,,competitive
ocds-pgraph-T-0745,T-0745,1,B-034,Building construction works - Chennai (Jan 2024),building_construction,Building construction works,works,open,2024-01-20,30,5040746.5,2455,sq.m,2455,sq.m,6,1,complete,A-0745,V-0099,4336814.17,2024-04-03,0,0,,0,,competitive
ocds-pgraph-T-0746,T-0746,1,B-034,Ambulance procurement - Chennai (Feb 2023),ambulance_vehicle,Ambulance procurement,goods,open,2023-02-11,14,31605954.72,14,unit,14,unit,1,1,complete,A-0746,V-0097,29476488.5,2023-03-10,0,0,,0,,competitive
ocds-pgraph-T-0747,T-0747,1,B-034,Manned security services - Chennai (Oct 2023),security_services,Manned security services,services,open,2023-10-11,10,,163,man-month,163,man-month,3,1,complete,A-0747,V-0016,3278635.38,2023-12-02,0,0,,0,,competitive
ocds-pgraph-T-0748,T-0748,1,B-034,Manned security services - Chennai (Apr 2025),security_services,Manned security services,services,open,2025-04-09,10,4894848.08,176,man-month,176,man-month,4,1,complete,A-0748,V-0083,4382355.71,2025-05-23,0,0,,0,,competitive
ocds-pgraph-T-0749,T-0749,1,B-034,Building construction works - Chennai (Feb 2024),building_construction,Building construction works,works,open,2024-02-29,10,1510210.09,670,sq.m,670,sq.m,7,1,complete,A-0749,V-0085,1217186.91,2024-03-24,0,0,,0,,competitive
ocds-pgraph-T-0750,T-0750,1,B-034,Ambulance procurement - Chennai (Aug 2024),ambulance_vehicle,Ambulance procurement,goods,open,2024-08-30,7,22904173.27,10,unit,10,unit,6,1,complete,A-0750,V-S008,19360276.57,2024-09-29,0,0,,0,,competitive
ocds-pgraph-T-0751,T-0751,1,B-034,Ambulance procurement - Chennai (Jan 2024),ambulance_vehicle,Ambulance procurement,goods,open,2024-01-02,7,58481966.59,26,unit,26,unit,6,1,complete,A-0751,V-0019,48799334.74,2024-02-19,0,0,,0,,competitive
ocds-pgraph-T-0752,T-0752,1,B-034,Manned security services - Chennai (Aug 2024),security_services,Manned security services,services,open,2024-08-15,21,788571.47,31,man-month,31,man-month,4,1,complete,A-0752,V-0231,646287.83,2024-10-13,0,0,,0,,competitive
ocds-pgraph-T-0753,T-0753,1,B-034,Manned security services - Chennai (Feb 2026),security_services,Manned security services,services,open,2026-02-27,10,6562141.89,238,man-month,238,man-month,3,1,complete,A-0753,V-0082,5632008.72,2026-04-06,0,0,,0,,competitive
ocds-pgraph-T-0754,T-0754,1,B-034,Ambulance procurement - Chennai (Mar 2023),ambulance_vehicle,Ambulance procurement,goods,open,2023-03-29,10,56729061.06,25,unit,25,unit,6,1,complete,A-0754,V-0018,49715910.95,2023-05-23,0,0,,0,,competitive
ocds-pgraph-T-0755,T-0755,1,B-034,Building construction works - Chennai (Jan 2026),building_construction,Building construction works,works,open,2026-01-29,14,4234766.62,1900,sq.m,1900,sq.m,6,1,complete,A-0755,V-0099,3966475.86,2026-03-21,0,0,,0,,competitive
ocds-pgraph-T-0756,T-0756,1,B-034,Ambulance procurement - Chennai (Dec 2024),ambulance_vehicle,Ambulance procurement,goods,open,2024-12-15,30,61356610.44,25,unit,25,unit,1,1,complete,A-0756,V-S008,61611150.96,2025-02-22,0,0,,0,,competitive
ocds-pgraph-T-0757,T-0757,1,B-034,Building construction works - Chennai (Apr 2024),building_construction,Building construction works,works,open,2024-04-09,7,4407098.71,1937,sq.m,1937,sq.m,1,1,complete,A-0757,V-0207,4409549.31,2024-05-19,0,0,,0,,competitive
ocds-pgraph-T-0758,T-0758,1,B-034,Manned security services - Chennai (Apr 2025),security_services,Manned security services,services,open,2025-04-01,30,,580,man-month,580,man-month,3,1,complete,A-0758,V-0016,13715289.88,2025-05-20,0,0,,0,,competitive
ocds-pgraph-T-0759,T-0759,1,B-034,Ambulance procurement - Chennai (Mar 2026),ambulance_vehicle,Ambulance procurement,goods,open,2026-03-01,14,7907694.67,3,unit,3,unit,6,1,complete,A-0759,V-S008,6667138.94,2026-04-23,0,0,,0,,competitive
ocds-pgraph-T-0760,T-0760,1,B-034,Manned security services - Chennai (Nov 2025),security_services,Manned security services,services,open,2025-11-30,14,9220663.89,313,man-month,313,man-month,3,1,complete,A-0760,V-0128,7541448.39,2026-01-14,0,0,,0,,competitive
ocds-pgraph-T-0761,T-0761,1,B-034,Building construction works - Chennai (Jun 2025),building_construction,Building construction works,works,open,2025-06-14,10,1422211.15,657,sq.m,657,sq.m,3,1,complete,A-0761,V-0192,1281214.38,2025-07-25,0,0,,0,,competitive
ocds-pgraph-T-0762,T-0762,1,B-034,Manned security services - Chennai (Feb 2023),security_services,Manned security services,services,open,2023-02-02,7,5175060.66,199,man-month,199,man-month,4,1,complete,A-0762,V-0204,4674992.47,2023-02-25,0,0,,0,,competitive
ocds-pgraph-T-0763,T-0763,1,B-034,Manned security services - Chennai (Jul 2023),security_services,Manned security services,services,open,2023-07-30,21,,110,man-month,110,man-month,5,1,complete,A-0763,V-0082,2531875.83,2023-09-09,0,0,,0,,competitive
ocds-pgraph-T-0764,T-0764,1,B-034,Manned security services - Chennai (Apr 2025),security_services,Manned security services,services,open,2025-04-22,21,4707426.32,157,man-month,157,man-month,5,1,complete,A-0764,V-0128,3889908.77,2025-06-16,0,0,,0,,competitive
ocds-pgraph-T-0765,T-0765,1,B-034,Ambulance procurement - Chennai (Dec 2023),ambulance_vehicle,Ambulance procurement,goods,open,2023-12-26,21,48537796.1,23,unit,23,unit,7,1,complete,A-0765,V-0200,44025967.79,2024-02-20,0,0,,0,,competitive
ocds-pgraph-T-0766,T-0766,1,B-034,Building construction works - Chennai (Nov 2025),building_construction,Building construction works,works,open,2025-11-16,7,,908,sq.m,908,sq.m,5,1,complete,A-0766,V-0207,1783181.52,2025-12-13,0,0,,0,,competitive
ocds-pgraph-T-0767,T-0767,1,B-034,Manned security services - Chennai (Jan 2023),security_services,Manned security services,services,open,2023-01-06,21,,543,man-month,543,man-month,6,1,complete,A-0767,V-0083,12226361.73,2023-02-12,0,0,,0,,competitive
ocds-pgraph-T-0768,T-0768,1,B-034,Building construction works - Chennai (Dec 2022),building_construction,Building construction works,works,open,2022-12-30,14,5744981.08,2825,sq.m,2825,sq.m,1,1,complete,A-0768,V-0207,6194177.57,2023-02-21,0,0,,0,,single
ocds-pgraph-T-0769,T-0769,1,B-034,Building construction works - Chennai (Mar 2023),building_construction,Building construction works,works,open,2023-03-23,10,7734885.0,3863,sq.m,3863,sq.m,2,1,complete,A-0769,V-0207,6427636.24,2023-04-22,0,0,,0,,competitive
ocds-pgraph-T-0770,T-0770,1,B-034,Manned security services - Chennai (Mar 2025),security_services,Manned security services,services,open,2025-03-09,10,7396111.28,267,man-month,267,man-month,3,1,complete,A-0770,V-0231,6503014.25,2025-05-01,0,0,,0,,competitive
ocds-pgraph-T-0771,T-0771,1,B-024,Borewell drilling - Kollam (Nov 2023),borewell_drilling,Borewell drilling,works,open,2023-11-04,14,,1791,metre,1791,metre,4,1,complete,A-0771,V-0026,2712554.09,2023-12-10,0,0,,0,,competitive
ocds-pgraph-T-0772,T-0772,1,B-024,Road resurfacing works - Kollam (Mar 2023),road_resurfacing,Road resurfacing works,works,open,2023-03-15,7,11812071.78,59940,sq.m,59940,sq.m,3,1,complete,A-0772,V-0206,10619604.75,2023-04-29,0,0,,0,,competitive
ocds-pgraph-T-0773,T-0773,1,B-024,Borewell drilling - Kollam (Apr 2026),borewell_drilling,Borewell drilling,works,open,2026-04-19,30,2372271.54,1293,metre,1293,metre,6,1,complete,A-0773,V-0026,2168984.96,2026-06-29,0,0,,0,,competitive
ocds-pgraph-T-0774,T-0774,1,B-024,Borewell drilling - Kollam (Oct 2022),borewell_drilling,Borewell drilling,works,open,2022-10-07,14,3981454.93,2369,metre,2369,metre,4,1,complete,A-0774,V-0110,3195926.7,2022-11-04,0,0,,0,,competitive
ocds-pgraph-T-0775,T-0775,1,B-024,Road resurfacing works - Kollam (Aug 2023),road_resurfacing,Road resurfacing works,works,open,2023-08-06,14,4403795.82,20413,sq.m,20413,sq.m,2,1,complete,A-0775,V-S010,4076415.46,2023-09-12,0,0,,0,,competitive
ocds-pgraph-T-0776,T-0776,1,B-024,Building construction works - Kollam (Nov 2025),building_construction,Building construction works,works,open,2025-11-29,14,3549676.23,1567,sq.m,1567,sq.m,3,1,complete,A-0776,V-0099,3222282.72,2025-12-30,0,0,,0,,competitive
ocds-pgraph-T-0777,T-0777,1,B-024,Borewell drilling - Kollam (Jul 2024),borewell_drilling,Borewell drilling,works,open,2024-07-31,30,935271.82,519,metre,519,metre,3,1,complete,A-0777,V-Y003,773610.31,2024-09-26,0,0,,0,,competitive
ocds-pgraph-T-0778,T-0778,1,B-024,Building construction works - Kollam (Jul 2025),building_construction,Building construction works,works,open,2025-07-11,7,4499729.32,2028,sq.m,2028,sq.m,5,1,complete,A-0778,V-0029,3941564.39,2025-08-20,0,0,,0,,competitive
ocds-pgraph-T-0779,T-0779,1,B-024,Borewell drilling - Kollam (Jul 2025),borewell_drilling,Borewell drilling,works,open,2025-07-09,14,664875.51,345,metre,345,metre,3,1,complete,A-0779,V-0026,588595.15,2025-08-23,0,0,,0,,competitive
ocds-pgraph-T-0780,T-0780,1,B-024,Borewell drilling - Kollam (Mar 2026),borewell_drilling,Borewell drilling,works,open,2026-03-27,21,4037387.58,2106,metre,2106,metre,6,1,complete,A-0780,V-0098,3342136.14,2026-05-15,0,0,,0,,competitive
ocds-pgraph-T-0781,T-0781,1,B-024,Building construction works - Kollam (Jun 2023),building_construction,Building construction works,works,open,2023-06-06,10,3603063.09,1825,sq.m,1825,sq.m,5,1,complete,A-0781,V-0099,3071878.93,2023-07-26,0,0,,0,,competitive
ocds-pgraph-T-0782,T-0782,1,B-024,Building construction works - Kollam (Mar 2024),building_construction,Building construction works,works,open,2024-03-14,21,3893833.45,1967,sq.m,1967,sq.m,3,1,complete,A-0782,V-0080,3423219.46,2024-04-18,0,0,,0,,competitive
ocds-pgraph-T-0783,T-0783,1,B-024,Road resurfacing works - Kollam (Oct 2023),road_resurfacing,Road resurfacing works,works,open,2023-10-08,30,11935660.06,50034,sq.m,50034,sq.m,6,1,complete,A-0783,V-0206,10502452.84,2023-12-05,0,0,,0,,competitive
ocds-pgraph-T-0784,T-0784,1,B-024,Building construction works - Kollam (Feb 2026),building_construction,Building construction works,works,open,2026-02-13,7,,1749,sq.m,1749,sq.m,7,1,complete,A-0784,V-S004,3490166.72,2026-03-03,0,0,,0,,competitive
ocds-pgraph-T-0785,T-0785,1,B-024,Borewell drilling - Kollam (Jul 2024),borewell_drilling,Borewell drilling,works,open,2024-07-04,14,1793751.55,991,metre,991,metre,4,1,complete,A-0785,V-0003,1519711.09,2024-08-28,0,0,,0,,competitive
ocds-pgraph-T-0786,T-0786,1,B-024,Building construction works - Kollam (May 2025),building_construction,Building construction works,works,open,2025-05-11,21,7371064.59,3146,sq.m,3146,sq.m,2,1,complete,A-0786,V-0029,6765425.2,2025-07-04,0,0,,0,,competitive
ocds-pgraph-T-0787,T-0787,1,B-024,Building construction works - Kollam (May 2023),building_construction,Building construction works,works,open,2023-05-24,21,5817408.02,2946,sq.m,2946,sq.m,4,1,complete,A-0787,V-0080,5425557.62,2023-07-29,0,0,,0,,competitive
ocds-pgraph-T-0788,T-0788,1,B-024,Borewell drilling - Kollam (Oct 2022),borewell_drilling,Borewell drilling,works,open,2022-10-18,7,3534776.78,2068,metre,2068,metre,5,1,complete,A-0788,V-S005,3159173.02,2022-11-22,0,0,,0,,competitive
ocds-pgraph-T-0789,T-0789,1,B-024,Road resurfacing works - Kollam (Sep 2022),road_resurfacing,Road resurfacing works,works,open,2022-09-19,21,5525427.4,25818,sq.m,25818,sq.m,7,1,complete,A-0789,V-0237,4705130.46,2022-10-29,0,0,,0,,competitive
ocds-pgraph-T-0790,T-0790,1,B-024,Building construction works - Kollam (Nov 2024),building_construction,Building construction works,works,open,2024-11-21,7,5871877.98,2946,sq.m,2946,sq.m,6,1,complete,A-0790,V-0138,5213636.2,2025-01-07,0,0,,0,,competitive
ocds-pgraph-T-0791,T-0791,1,B-024,Building construction works - Kollam (Jan 2024),building_construction,Building construction works,works,open,2024-01-12,14,2845541.06,1409,sq.m,1409,sq.m,7,1,complete,A-0791,V-0138,2525299.38,2024-03-03,0,0,,0,,competitive
ocds-pgraph-T-0792,T-0792,1,B-009,Water supply pipeline works - Solapur (May 2024),water_pipeline,Water supply pipeline works,works,open,2024-05-18,14,,3994,metre,3994,metre,6,1,complete,A-0792,V-0111,8780648.84,2024-07-13,0,0,,0,,competitive
ocds-pgraph-T-0793,T-0793,1,B-009,Water supply pipeline works - Solapur (Dec 2023),water_pipeline,Water supply pipeline works,works,open,2023-12-08,7,8995302.69,3456,metre,3456,metre,4,1,complete,A-0793,V-0144,7938774.98,2024-01-26,0,0,,0,,competitive
ocds-pgraph-T-0794,T-0794,1,B-009,Water supply pipeline works - Solapur (Nov 2022),water_pipeline,Water supply pipeline works,works,open,2022-11-14,30,7686677.03,2834,metre,2834,metre,6,1,complete,A-0794,V-0224,6207419.15,2023-01-14,0,0,,0,,competitive
ocds-pgraph-T-0795,T-0795,1,B-009,Borewell drilling - Solapur (Sep 2025),borewell_drilling,Borewell drilling,works,open,2025-09-09,21,2319048.04,1205,metre,1205,metre,4,1,complete,A-0795,V-0006,1928478.16,2025-10-14,0,0,,0,,competitive
ocds-pgraph-T-0796,T-0796,1,B-009,Borewell drilling - Solapur (Jan 2026),borewell_drilling,Borewell drilling,works,open,2026-01-25,10,3905083.62,2093,metre,2093,metre,3,1,complete,A-0796,V-0005,3436304.38,2026-02-20,0,0,,0,,competitive
ocds-pgraph-T-0797,T-0797,1,B-009,Water supply pipeline works - Solapur (Sep 2025),water_pipeline,Water supply pipeline works,works,open,2025-09-26,21,11533949.66,3995,metre,3995,metre,2,1,complete,A-0797,V-S002,11052096.96,2025-11-19,0,0,,0,,competitive
ocds-pgraph-T-0798,T-0798,1,B-009,Borewell drilling - Solapur (Apr 2024),borewell_drilling,Borewell drilling,works,open,2024-04-03,14,940510.94,528,metre,528,metre,3,1,complete,A-0798,V-0006,779502.85,2024-04-29,0,0,,0,,competitive
ocds-pgraph-T-0799,T-0799,1,B-009,Borewell drilling - Solapur (Jul 2024),borewell_drilling,Borewell drilling,works,open,2024-07-05,10,1360045.01,825,metre,825,metre,4,1,complete,A-0799,V-0133,1216922.6,2024-08-12,0,0,,0,,competitive
ocds-pgraph-T-0800,T-0800,1,B-009,Borewell drilling - Solapur (Oct 2022),borewell_drilling,Borewell drilling,works,open,2022-10-17,7,2186098.26,1264,metre,1264,metre,6,1,complete,A-0800,V-0227,1804670.99,2022-11-19,0,0,,0,,competitive
ocds-pgraph-T-0801,T-0801,1,B-009,Water supply pipeline works - Solapur (Nov 2023),water_pipeline,Water supply pipeline works,works,open,2023-11-17,7,13166642.48,4572,metre,4572,metre,5,1,complete,A-0801,V-S002,11190434.34,2024-01-01,0,0,,0,,competitive
ocds-pgraph-T-0802,T-0802,1,B-009,Borewell drilling - Solapur (Oct 2025),borewell_drilling,Borewell drilling,works,open,2025-10-30,14,3241709.09,1561,metre,1561,metre,2,1,complete,A-0802,V-0133,2707773.94,2025-12-22,0,0,,0,,competitive
ocds-pgraph-T-0803,T-0803,1,B-009,Water supply pipeline works - Solapur (Aug 2023),water_pipeline,Water supply pipeline works,works,open,2023-08-04,21,1177428.54,414,metre,414,metre,7,1,complete,A-0803,V-0208,969409.68,2023-09-18,0,0,,0,,competitive
ocds-pgraph-T-0804,T-0804,1,B-009,Borewell drilling - Solapur (Aug 2025),borewell_drilling,Borewell drilling,works,open,2025-08-14,14,,1103,metre,1103,metre,1,1,complete,A-0804,V-0184,2139109.55,2025-09-19,0,0,,0,,competitive
ocds-pgraph-T-0805,T-0805,1,B-009,Borewell drilling - Solapur (Feb 2025),borewell_drilling,Borewell drilling,works,open,2025-02-01,14,,476,metre,476,metre,4,1,complete,A-0805,V-0006,809558.76,2025-03-25,0,0,,0,,competitive
ocds-pgraph-T-0806,T-0806,1,B-009,Borewell drilling - Solapur (Jun 2023),borewell_drilling,Borewell drilling,works,open,2023-06-02,14,4125312.17,2348,metre,2348,metre,3,1,complete,A-0806,V-0133,3498083.97,2023-07-20,0,0,,0,,competitive
ocds-pgraph-T-0807,T-0807,1,B-009,Borewell drilling - Solapur (Apr 2024),borewell_drilling,Borewell drilling,works,open,2024-04-08,21,560400.3,285,metre,285,metre,1,1,complete,A-0807,V-0133,610849.44,2024-06-03,0,0,,0,,single
ocds-pgraph-T-0808,T-0808,1,B-009,Water supply pipeline works - Solapur (Aug 2025),water_pipeline,Water supply pipeline works,works,open,2025-08-05,10,12410257.4,4475,metre,4475,metre,3,1,complete,A-0808,V-0144,10353207.7,2025-09-16,0,0,,0,,competitive
ocds-pgraph-T-0809,T-0809,1,B-009,Water supply pipeline works - Solapur (Aug 2024),water_pipeline,Water supply pipeline works,works,open,2024-08-10,10,,4173,metre,4173,metre,1,1,complete,A-0809,V-0144,12710980.62,2024-09-16,0,0,,0,,single
ocds-pgraph-T-0810,T-0810,1,B-009,Borewell drilling - Solapur (Nov 2024),borewell_drilling,Borewell drilling,works,open,2024-11-29,30,4710225.2,2408,metre,2408,metre,7,1,complete,A-0810,V-0120,3776985.81,2025-01-25,0,0,,0,,competitive
ocds-pgraph-T-0811,T-0811,1,B-031,Road resurfacing works - Koraput (Mar 2025),road_resurfacing,Road resurfacing works,works,open,2025-03-30,7,,52424,sq.m,52424,sq.m,4,1,complete,A-0811,V-0048,10063516.09,2025-05-05,0,0,,0,,competitive
ocds-pgraph-T-0812,T-0812,1,B-031,Borewell drilling - Koraput (Feb 2024),borewell_drilling,Borewell drilling,works,open,2024-02-14,21,970591.46,546,metre,546,metre,5,1,complete,A-0812,V-0227,802056.6,2024-04-13,0,0,,0,,competitive
ocds-pgraph-T-0813,T-0813,1,B-031,Borewell drilling - Koraput (Dec 2025),borewell_drilling,Borewell drilling,works,open,2025-12-29,14,886639.9,527,metre,527,metre,7,1,complete,A-0813,V-0227,758395.9,2026-02-06,0,0,,0,,competitive
ocds-pgraph-T-0814,T-0814,1,B-031,Solar street lighting - Koraput (Mar 2024),solar_streetlight,Solar street lighting,goods,open,2024-03-10,21,12318318.58,829,unit,829,unit,4,1,complete,A-0814,V-0154,10657141.51,2024-05-09,0,0,,0,,competitive
ocds-pgraph-T-0815,T-0815,1,B-031,Borewell drilling - Koraput (Apr 2023),borewell_drilling,Borewell drilling,works,open,2023-04-03,21,755872.76,529,metre,529,metre,1,1,complete,A-0815,V-0113,776668.12,2023-06-07,0,0,,0,,competitive
ocds-pgraph-T-0816,T-0816,1,B-031,Road resurfacing works - Koraput (Dec 2022),road_resurfacing,Road resurfacing works,works,open,2022-12-25,10,8672701.83,44095,sq.m,44095,sq.m,4,1,complete,A-0816,V-0196,7297326.82,2023-02-17,0,0,,0,,competitive
ocds-pgraph-T-0817,T-0817,1,B-031,Solar street lighting - Koraput (Jul 2024),solar_streetlight,Solar street lighting,goods,open,2024-07-02,7,7131739.46,470,unit,470,unit,3,1,complete,A-0817,V-0154,5709727.03,2024-07-22,0,0,,0,,competitive
ocds-pgraph-T-0818,T-0818,1,B-031,Road resurfacing works - Koraput (Nov 2023),road_resurfacing,Road resurfacing works,works,open,2023-11-26,14,7736097.86,42389,sq.m,42389,sq.m,2,1,complete,A-0818,V-0225,8544334.21,2024-01-16,0,0,,0,,competitive
ocds-pgraph-T-0819,T-0819,1,B-031,Borewell drilling - Koraput (Apr 2025),borewell_drilling,Borewell drilling,works,open,2025-04-21,21,3221888.26,1889,metre,1889,metre,7,1,complete,A-0819,V-0120,3007813.73,2025-05-29,0,0,,0,,competitive
ocds-pgraph-T-0820,T-0820,1,B-031,Solar street lighting - Koraput (Mar 2025),solar_streetlight,Solar street lighting,goods,open,2025-03-06,10,8778547.8,539,unit,539,unit,4,1,complete,A-0820,V-0092,7188930.2,2025-04-19,0,0,,0,,competitive
ocds-pgraph-T-0821,T-0821,1,B-031,Road resurfacing works - Koraput (Aug 2025),road_resurfacing,Road resurfacing works,works,open,2025-08-22,14,7577152.8,34329,sq.m,34329,sq.m,4,1,complete,A-0821,V-0225,6696194.17,2025-10-18,0,0,,0,,competitive
ocds-pgraph-T-0822,T-0822,1,B-031,Road resurfacing works - Koraput (Dec 2024),road_resurfacing,Road resurfacing works,works,open,2024-12-07,14,5761592.76,28911,sq.m,28911,sq.m,7,1,complete,A-0822,V-0092,5312705.96,2025-01-23,0,0,,0,,competitive
ocds-pgraph-T-0823,T-0823,1,B-031,Road resurfacing works - Koraput (Sep 2023),road_resurfacing,Road resurfacing works,works,open,2023-09-10,30,7646410.36,36940,sq.m,36940,sq.m,6,1,complete,A-0823,V-0092,6442769.45,2023-10-29,0,0,,0,,competitive
ocds-pgraph-T-0824,T-0824,1,B-031,Solar street lighting - Koraput (Sep 2024),solar_streetlight,Solar street lighting,goods,open,2024-09-30,21,11157870.75,826,unit,826,unit,7,1,complete,A-0824,V-Y007,9552664.51,2024-10-31,0,0,,0,,competitive
ocds-pgraph-T-0825,T-0825,1,B-031,Solar street lighting - Koraput (Feb 2026),solar_streetlight,Solar street lighting,goods,open,2026-02-19,10,,644,unit,644,unit,4,1,complete,A-0825,V-0154,8123366.45,2026-03-23,0,0,,0,,competitive
ocds-pgraph-T-0826,T-0826,1,B-031,Borewell drilling - Koraput (Oct 2025),borewell_drilling,Borewell drilling,works,open,2025-10-15,14,2836233.19,1651,metre,1651,metre,5,1,complete,A-0826,V-0227,2498542.09,2025-12-08,0,0,,0,,competitive
ocds-pgraph-T-0827,T-0827,1,B-031,Borewell drilling - Koraput (Jul 2026),borewell_drilling,Borewell drilling,works,open,2026-07-13,7,3272876.76,1749,metre,1749,metre,1,1,complete,A-0827,V-0120,3663278.57,2026-08-27,0,0,,0,,competitive
ocds-pgraph-T-0828,T-0828,1,B-031,Solar street lighting - Koraput (Oct 2023),solar_streetlight,Solar street lighting,goods,open,2023-10-19,21,9044455.99,637,unit,637,unit,2,1,complete,A-0828,V-0154,8185748.01,2023-12-06,0,0,,0,,competitive
ocds-pgraph-T-0829,T-0829,1,B-031,Borewell drilling - Koraput (Mar 2025),borewell_drilling,Borewell drilling,works,open,2025-03-13,21,4006393.13,2079,metre,2079,metre,7,1,complete,A-0829,V-0152,3286343.87,2025-04-30,0,0,,0,,competitive
ocds-pgraph-T-0830,T-0830,1,B-027,Sanitation and waste services - Ganjam (Nov 2024),sanitation_services,Sanitation and waste services,services,open,2024-11-14,21,4203743.26,26,month,26,month,6,1,complete,A-0830,V-Y008,3961777.92,2024-12-29,0,0,,0,,competitive
ocds-pgraph-T-0831,T-0831,1,B-027,Sanitation and waste services - Ganjam (Apr 2024),sanitation_services,Sanitation and waste services,services,open,2024-04-18,14,3421638.6,20,month,20,month,2,1,complete,A-0831,V-0180,3171830.61,2024-06-11,0,0,,0,,competitive
ocds-pgraph-T-0832,T-0832,1,B-027,Solar street lighting - Ganjam (May 2024),solar_streetlight,Solar street lighting,goods,open,2024-05-13,10,7047481.26,488,unit,488,unit,2,1,complete,A-0832,V-0154,6239037.64,2024-06-23,0,0,,0,,competitive
ocds-pgraph-T-0833,T-0833,1,B-027,Sanitation and waste services - Ganjam (Jun 2025),sanitation_services,Sanitation and waste services,services,open,2025-06-15,14,4839807.4,25,month,25,month,3,1,complete,A-0833,V-0078,3963854.51,2025-07-13,0,0,,0,,competitive
ocds-pgraph-T-0834,T-0834,1,B-027,Solar street lighting - Ganjam (Jun 2024),solar_streetlight,Solar street lighting,goods,open,2024-06-24,14,,373,unit,373,unit,7,1,complete,A-0834,V-0172,4128730.55,2024-07-26,0,0,,0,,competitive
ocds-pgraph-T-0835,T-0835,1,B-027,Sanitation and waste services - Ganjam (Dec 2025),sanitation_services,Sanitation and waste services,services,open,2025-12-14,14,2829721.66,15,month,15,month,3,1,complete,A-0835,V-0214,2643286.41,2026-01-14,0,0,,0,,competitive
ocds-pgraph-T-0836,T-0836,1,B-027,Road resurfacing works - Ganjam (Sep 2025),road_resurfacing,Road resurfacing works,works,open,2025-09-07,10,11137204.36,50790,sq.m,50790,sq.m,5,1,complete,A-0836,V-0190,9757669.69,2025-10-26,0,0,,0,,competitive
ocds-pgraph-T-0837,T-0837,1,B-027,Sanitation and waste services - Ganjam (Apr 2023),sanitation_services,Sanitation and waste services,services,open,2023-04-02,10,3392505.83,24,month,24,month,3,1,complete,A-0837,V-0180,2898610.37,2023-05-04,0,0,,0,,competitive
ocds-pgraph-T-0838,T-0838,1,B-027,Road resurfacing works - Ganjam (Oct 2022),road_resurfacing,Road resurfacing works,works,open,2022-10-03,7,,35690,sq.m,35690,sq.m,1,1,complete,A-0838,V-0190,6550380.42,2022-11-05,0,0,,0,,single
ocds-pgraph-T-0839,T-0839,1,B-027,Sanitation and waste services - Ganjam (Jan 2025),sanitation_services,Sanitation and waste services,services,open,2025-01-20,30,2727097.34,17,month,17,month,1,1,complete,A-0839,V-0078,2804776.48,2025-03-19,0,0,,0,,competitive
ocds-pgraph-T-0840,T-0840,1,B-027,Sanitation and waste services - Ganjam (Feb 2026),sanitation_services,Sanitation and waste services,services,open,2026-02-14,14,,36,month,36,month,3,1,complete,A-0840,V-0111,5447343.44,2026-04-04,0,0,,0,,competitive
ocds-pgraph-T-0841,T-0841,1,B-027,Road resurfacing works - Ganjam (Jun 2024),road_resurfacing,Road resurfacing works,works,open,2024-06-23,30,4779035.33,22976,sq.m,22976,sq.m,5,1,complete,A-0841,V-0109,4037445.08,2024-08-14,0,0,,0,,competitive
ocds-pgraph-T-0842,T-0842,1,B-027,Solar street lighting - Ganjam (Dec 2025),solar_streetlight,Solar street lighting,goods,open,2025-12-14,21,5087532.98,333,unit,333,unit,5,1,complete,A-0842,V-0087,4275543.97,2026-01-30,0,0,,0,,competitive
ocds-pgraph-T-0843,T-0843,1,B-027,Road resurfacing works - Ganjam (Apr 2025),road_resurfacing,Road resurfacing works,works,open,2025-04-09,14,5565431.43,25484,sq.m,25484,sq.m,2,1,complete,A-0843,V-0157,4623764.16,2025-05-30,0,0,,0,,competitive
ocds-pgraph-T-0844,T-0844,1,B-027,Solar street lighting - Ganjam (Sep 2025),solar_streetlight,Solar street lighting,goods,open,2025-09-09,7,3721459.42,254,unit,254,unit,5,1,complete,A-0844,V-0092,3082020.38,2025-10-04,0,0,,0,,competitive
ocds-pgraph-T-0845,T-0845,1,B-027,Solar street lighting - Ganjam (Aug 2024),solar_streetlight,Solar street lighting,goods,open,2024-08-26,7,5310106.19,369,unit,369,unit,2,1,complete,A-0845,V-0154,4966331.13,2024-10-15,0,0,,0,,competitive
ocds-pgraph-T-0846,T-0846,1,B-007,Road resurfacing works - Tumakuru (Apr 2025),road_resurfacing,Road resurfacing works,works,open,2025-04-20,7,14094323.19,59184,sq.m,59184,sq.m,4,1,complete,A-0846,V-0218,15217874.9,2025-05-14,0,0,,0,,fixed_markup
ocds-pgraph-T-0847,T-0847,1,B-007,Road resurfacing works - Tumakuru (Jun 2026),road_resurfacing,Road resurfacing works,works,open,2026-06-12,21,2594444.97,10645,sq.m,10645,sq.m,4,1,complete,A-0847,V-0218,2779390.05,2026-08-11,0,0,,0,,cover
ocds-pgraph-T-0848,T-0848,1,B-007,Road resurfacing works - Tumakuru (Sep 2023),road_resurfacing,Road resurfacing works,works,open,2023-09-14,7,7456942.72,35595,sq.m,35595,sq.m,3,1,complete,A-0848,V-0218,8158512.19,2023-11-02,0,0,,0,,fixed_markup
ocds-pgraph-T-0849,T-0849,1,B-007,Road resurfacing works - Tumakuru (Feb 2024),road_resurfacing,Road resurfacing works,works,open,2024-02-15,30,3984634.63,18207,sq.m,18207,sq.m,4,1,complete,A-0849,V-0218,4480350.06,2024-04-02,0,0,,0,,cover
ocds-pgraph-T-0850,T-0850,1,B-007,Road resurfacing works - Tumakuru (Jun 2023),road_resurfacing,Road resurfacing works,works,open,2023-06-16,14,5461962.52,25209,sq.m,25209,sq.m,3,1,complete,A-0850,V-0218,6433645.32,2023-08-06,0,0,,0,,cover
ocds-pgraph-T-0851,T-0851,1,B-007,Road resurfacing works - Tumakuru (Aug 2023),road_resurfacing,Road resurfacing works,works,open,2023-08-09,30,2318186.17,11818,sq.m,11818,sq.m,3,1,complete,A-0851,V-0218,2601437.52,2023-10-15,0,0,,0,,cover
ocds-pgraph-T-0852,T-0852,1,B-007,Road resurfacing works - Tumakuru (Oct 2024),road_resurfacing,Road resurfacing works,works,open,2024-10-21,14,5315817.77,21138,sq.m,21138,sq.m,4,1,complete,A-0852,V-0218,5823319.39,2024-12-09,0,0,,0,,fixed_markup
ocds-pgraph-T-0853,T-0853,1,B-007,Road resurfacing works - Tumakuru (Jun 2025),road_resurfacing,Road resurfacing works,works,open,2025-06-07,21,8764616.33,41730,sq.m,41730,sq.m,4,1,complete,A-0853,V-0218,9768231.56,2025-07-22,0,0,,0,,cover
ocds-pgraph-T-0854,T-0854,1,B-007,Road resurfacing works - Tumakuru (Dec 2024),road_resurfacing,Road resurfacing works,works,open,2024-12-24,30,2080429.59,8946,sq.m,8946,sq.m,3,1,complete,A-0854,V-0218,2182320.55,2025-03-08,0,0,,0,,fixed_markup
ocds-pgraph-T-0855,T-0855,1,B-010,Water supply pipeline works - Amravati (Sep 2025),water_pipeline,Water supply pipeline works,works,open,2025-09-26,7,,4134,metre,4134,metre,3,1,complete,A-0855,V-0053,13514261.13,2025-11-01,0,0,,0,,cover
ocds-pgraph-T-0856,T-0856,1,B-010,Water supply pipeline works - Amravati (Aug 2023),water_pipeline,Water supply pipeline works,works,open,2023-08-23,7,10048198.21,3849,metre,3849,metre,4,1,complete,A-0856,V-0053,11412390.27,2023-09-22,0,0,,0,,cover
ocds-pgraph-T-0857,T-0857,1,B-010,Water supply pipeline works - Amravati (Oct 2025),water_pipeline,Water supply pipeline works,works,open,2025-10-16,30,15363448.57,5227,metre,5227,metre,3,1,complete,A-0857,V-0053,17089519.54,2025-12-01,0,0,,0,,cover
ocds-pgraph-T-0858,T-0858,1,B-010,Water supply pipeline works - Amravati (Mar 2024),water_pipeline,Water supply pipeline works,works,open,2024-03-26,30,15666136.5,5304,metre,5304,metre,3,1,complete,A-0858,V-0053,16506674.2,2024-06-04,0,0,,0,,fixed_markup
ocds-pgraph-T-0859,T-0859,1,B-010,Water supply pipeline works - Amravati (Nov 2025),water_pipeline,Water supply pipeline works,works,open,2025-11-29,14,14386209.94,4773,metre,4773,metre,3,1,complete,A-0859,V-0053,15290933.11,2025-12-23,0,0,,0,,cover
ocds-pgraph-T-0860,T-0860,1,B-010,Water supply pipeline works - Amravati (Nov 2023),water_pipeline,Water supply pipeline works,works,open,2023-11-07,21,8637652.09,3123,metre,3123,metre,3,1,complete,A-0860,V-0053,9685666.43,2024-01-11,0,0,,0,,cover
ocds-pgraph-T-0861,T-0861,1,B-010,Water supply pipeline works - Amravati (Jun 2026),water_pipeline,Water supply pipeline works,works,open,2026-06-12,14,13857942.19,4413,metre,4413,metre,3,1,complete,A-0861,V-0053,15341486.97,2026-08-04,0,0,,0,,cover
ocds-pgraph-T-0862,T-0862,1,B-010,Water supply pipeline works - Amravati (Oct 2024),water_pipeline,Water supply pipeline works,works,open,2024-10-26,10,13068597.65,4582,metre,4582,metre,4,1,complete,A-0862,V-0053,15169736.59,2024-11-17,0,0,,0,,cover
ocds-pgraph-T-0863,T-0863,1,B-010,Water supply pipeline works - Amravati (May 2025),water_pipeline,Water supply pipeline works,works,open,2025-05-19,30,14442336.84,4698,metre,4698,metre,3,1,complete,A-0863,V-0053,15493116.44,2025-06-30,0,0,,0,,cover
ocds-pgraph-T-0864,T-0864,1,B-010,Water supply pipeline works - Amravati (Feb 2026),water_pipeline,Water supply pipeline works,works,open,2026-02-23,21,11092765.98,3821,metre,3821,metre,4,1,complete,A-0864,V-0053,12197855.78,2026-04-14,0,0,,0,,cover
ocds-pgraph-T-0865,T-0865,1,B-010,Water supply pipeline works - Amravati (Jun 2024),water_pipeline,Water supply pipeline works,works,open,2024-06-07,14,1990963.77,705,metre,705,metre,4,1,complete,A-0865,V-0053,2223301.94,2024-07-14,0,0,,0,,cover
ocds-pgraph-T-0866,T-0866,1,B-038,Medical consumables supply - Guwahati (Dec 2025),medical_supplies,Medical consumables supply,goods,open,2025-12-19,7,5297293.1,8424,unit,8424,unit,3,1,complete,A-0866,V-0235,5935443.45,2026-01-07,0,0,,0,,cover
ocds-pgraph-T-0867,T-0867,1,B-038,Medical consumables supply - Guwahati (Mar 2025),medical_supplies,Medical consumables supply,goods,open,2025-03-03,14,,53017,unit,53017,unit,3,1,complete,A-0867,V-0235,36212384.52,2025-03-28,0,0,,0,,cover
ocds-pgraph-T-0868,T-0868,1,B-038,Medical consumables supply - Guwahati (Sep 2023),medical_supplies,Medical consumables supply,goods,open,2023-09-08,14,27478210.77,46090,unit,46090,unit,4,1,complete,A-0868,V-0235,30940755.05,2023-10-21,0,0,,0,,cover
ocds-pgraph-T-0869,T-0869,1,B-038,Medical consumables supply - Guwahati (May 2024),medical_supplies,Medical consumables supply,goods,open,2024-05-10,10,26605048.79,46575,unit,46575,unit,4,1,complete,A-0869,V-0235,27728846.97,2024-06-01,0,0,,0,,fixed_markup
ocds-pgraph-T-0870,T-0870,1,B-038,Medical consumables supply - Guwahati (May 2024),medical_supplies,Medical consumables supply,goods,open,2024-05-03,7,21683309.17,37180,unit,37180,unit,0,0,complete,A-0870,V-0235,24470142.09,2024-06-05,0,0,,0,,cover
ocds-pgraph-T-0871,T-0871,1,B-038,Medical consumables supply - Guwahati (Jul 2023),medical_supplies,Medical consumables supply,goods,open,2023-07-24,7,8408292.12,15183,unit,15183,unit,4,1,complete,A-0871,V-0235,9627686.19,2023-09-07,0,0,,0,,cover
ocds-pgraph-T-0872,T-0872,1,B-038,Medical consumables supply - Guwahati (Dec 2025),medical_supplies,Medical consumables supply,goods,open,2025-12-05,30,15175089.53,22684,unit,22684,unit,3,1,complete,A-0872,V-0235,16995083.34,2026-02-03,0,0,,0,,cover
ocds-pgraph-T-0873,T-0873,1,B-038,Medical consumables supply - Guwahati (Dec 2023),medical_supplies,Medical consumables supply,goods,open,2023-12-16,10,9036443.82,15338,unit,15338,unit,4,1,complete,A-0873,V-0235,10589193.14,2024-01-17,0,0,,0,,cover
ocds-pgraph-T-0874,T-0874,1,B-038,Medical consumables supply - Guwahati (May 2024),medical_supplies,Medical consumables supply,goods,open,2024-05-09,21,34535957.56,55905,unit,55905,unit,4,1,complete,A-0874,V-0235,36901319.16,2024-06-19,0,0,,0,,fixed_markup
ocds-pgraph-T-0875,T-0875,1,B-038,Medical consumables supply - Guwahati (Apr 2024),medical_supplies,Medical consumables supply,goods,open,2024-04-12,21,30530137.36,53707,unit,53707,unit,3,1,complete,A-0875,V-0235,32761119.07,2024-05-28,0,0,,0,,cover
ocds-pgraph-T-0876,T-0876,1,B-038,Medical consumables supply - Guwahati (Nov 2023),medical_supplies,Medical consumables supply,goods,open,2023-11-27,10,24742355.8,39076,unit,39076,unit,4,1,complete,A-0876,V-0235,27077923.18,2024-01-15,0,0,,0,,cover
ocds-pgraph-T-0877,T-0877,1,B-038,Medical consumables supply - Guwahati (Dec 2025),medical_supplies,Medical consumables supply,goods,open,2025-12-13,21,4861612.72,7098,unit,7098,unit,3,1,complete,A-0877,V-0235,5347713.72,2026-01-16,0,0,,0,,cover
ocds-pgraph-T-0878,T-0878,1,B-022,Building construction works - Thrissur (Oct 2024),building_construction,Building construction works,works,open,2024-10-25,7,3372732.22,1681,sq.m,1681,sq.m,3,1,complete,A-0878,V-0029,3951509.47,2024-12-01,0,0,,0,,cover
ocds-pgraph-T-0879,T-0879,1,B-022,Building construction works - Thrissur (Oct 2023),building_construction,Building construction works,works,open,2023-10-12,21,3595872.47,1628,sq.m,1628,sq.m,3,1,complete,A-0879,V-0029,4130154.15,2023-11-26,0,0,,0,,cover
ocds-pgraph-T-0880,T-0880,1,B-022,Building construction works - Thrissur (Mar 2025),building_construction,Building construction works,works,open,2025-03-10,7,3349168.98,1378,sq.m,1378,sq.m,3,1,complete,A-0880,V-0029,3779403.54,2025-04-29,0,0,,0,,cover
ocds-pgraph-T-0881,T-0881,1,B-022,Building construction works - Thrissur (Oct 2023),building_construction,Building construction works,works,open,2023-10-13,21,854462.68,434,sq.m,434,sq.m,0,0,complete,A-0881,V-0029,1007903.02,2023-11-28,0,0,,0,,cover
ocds-pgraph-T-0882,T-0882,1,B-022,Building construction works - Thrissur (Feb 2024),building_construction,Building construction works,works,open,2024-02-13,30,2226488.37,995,sq.m,995,sq.m,3,1,complete,A-0882,V-0029,2538234.3,2024-03-26,0,0,,0,,cover
ocds-pgraph-T-0883,T-0883,1,B-022,Building construction works - Thrissur (Oct 2025),building_construction,Building construction works,works,open,2025-10-30,30,5175080.27,2189,sq.m,2189,sq.m,3,1,complete,A-0883,V-0029,5546682.53,2026-01-12,0,0,,0,,cover
ocds-pgraph-T-0884,T-0884,1,B-022,Building construction works - Thrissur (Sep 2025),building_construction,Building construction works,works,open,2025-09-03,14,6242869.66,2930,sq.m,2930,sq.m,4,1,complete,A-0884,V-0029,6711646.26,2025-10-06,0,0,,0,,cover
ocds-pgraph-T-0885,T-0885,1,B-022,Building construction works - Thrissur (Dec 2025),building_construction,Building construction works,works,open,2025-12-19,14,2342276.01,972,sq.m,972,sq.m,4,1,complete,A-0885,V-0029,2599844.8,2026-01-18,0,0,,0,,cover
ocds-pgraph-T-0886,T-0886,1,B-022,Building construction works - Thrissur (Oct 2025),building_construction,Building construction works,works,open,2025-10-03,7,2721264.81,1263,sq.m,1263,sq.m,4,1,complete,A-0886,V-0029,2924113.89,2025-11-02,0,0,,0,,cover
ocds-pgraph-T-0887,T-0887,1,B-022,Building construction works - Thrissur (Oct 2023),building_construction,Building construction works,works,open,2023-10-26,30,1481883.19,677,sq.m,677,sq.m,3,1,complete,A-0887,V-0029,1584331.74,2024-01-06,0,0,,0,,cover
ocds-pgraph-T-0888,T-0888,1,B-017,Laptop and IT hardware supply - Bikaner (Aug 2024),laptops_it,Laptop and IT hardware supply,goods,open,2024-08-28,14,26751701.64,520,unit,520,unit,3,1,complete,A-0888,V-0204,29058419.56,2024-10-07,0,0,,0,,fixed_markup
ocds-pgraph-T-0889,T-0889,1,B-017,Laptop and IT hardware supply - Bikaner (Jan 2025),laptops_it,Laptop and IT hardware supply,goods,open,2025-01-19,30,37857643.85,751,unit,751,unit,3,1,complete,A-0889,V-0204,41505964.65,2025-03-02,0,0,,0,,fixed_markup
ocds-pgraph-T-0890,T-0890,1,B-017,Laptop and IT hardware supply - Bikaner (May 2024),laptops_it,Laptop and IT hardware supply,goods,open,2024-05-06,7,7498428.86,156,unit,156,unit,3,1,complete,A-0890,V-0204,8273555.99,2024-06-26,0,0,,0,,cover
ocds-pgraph-T-0891,T-0891,1,B-017,Laptop and IT hardware supply - Bikaner (Aug 2023),laptops_it,Laptop and IT hardware supply,goods,open,2023-08-19,30,6269410.71,125,unit,125,unit,3,1,complete,A-0891,V-0204,6732352.94,2023-10-17,0,0,,0,,fixed_markup
ocds-pgraph-T-0892,T-0892,1,B-017,Laptop and IT hardware supply - Bikaner (Jun 2025),laptops_it,Laptop and IT hardware supply,goods,open,2025-06-17,14,19621685.23,384,unit,384,unit,3,1,complete,A-0892,V-0204,21395045.12,2025-08-03,0,0,,0,,cover
ocds-pgraph-T-0893,T-0893,1,B-017,Laptop and IT hardware supply - Bikaner (Mar 2025),laptops_it,Laptop and IT hardware supply,goods,open,2025-03-06,14,26678250.44,533,unit,533,unit,3,1,complete,A-0893,V-0204,28590971.37,2025-04-30,0,0,,0,,fixed_markup
ocds-pgraph-T-0894,T-0894,1,B-017,Laptop and IT hardware supply - Bikaner (Nov 2025),laptops_it,Laptop and IT hardware supply,goods,open,2025-11-20,14,21356392.04,363,unit,363,unit,3,1,complete,A-0894,V-0204,22202118.56,2026-01-09,0,0,,0,,fixed_markup
ocds-pgraph-T-0895,T-0895,1,B-017,Laptop and IT hardware supply - Bikaner (Jun 2025),laptops_it,Laptop and IT hardware supply,goods,open,2025-06-03,21,24937581.33,478,unit,478,unit,3,1,complete,A-0895,V-0204,25497673.56,2025-07-10,0,0,,0,,fixed_markup
ocds-pgraph-T-0896,T-0896,1,B-027,Solar street lighting - Ganjam (Jan 2025),solar_streetlight,Solar street lighting,goods,open,2025-01-03,21,1345206.75,82,unit,82,unit,4,1,complete,A-0896,V-0123,1329530.01,2025-02-14,0,0,,0,,rotation
ocds-pgraph-T-0897,T-0897,1,B-008,Solar street lighting - Nagpur (Jun 2024),solar_streetlight,Solar street lighting,goods,open,2024-06-04,21,5022926.58,289,unit,289,unit,4,1,complete,A-0897,V-0093,5347227.32,2024-07-11,0,0,,0,,rotation
ocds-pgraph-T-0898,T-0898,1,B-008,Solar street lighting - Nagpur (Oct 2023),solar_streetlight,Solar street lighting,goods,open,2023-10-22,21,1579081.76,106,unit,106,unit,4,1,complete,A-0898,V-0155,1583643.75,2023-12-16,0,0,,0,,rotation
ocds-pgraph-T-0899,T-0899,1,B-030,Solar street lighting - Balasore (Nov 2025),solar_streetlight,Solar street lighting,goods,open,2025-11-01,14,11484127.51,761,unit,761,unit,4,1,complete,A-0899,V-0061,11307928.91,2025-12-29,0,0,,0,,rotation
ocds-pgraph-T-0900,T-0900,1,B-007,Solar street lighting - Tumakuru (Oct 2024),solar_streetlight,Solar street lighting,goods,open,2024-10-04,14,1432683.7,90,unit,90,unit,4,1,complete,A-0900,V-0123,1410972.05,2024-11-14,0,0,,0,,rotation
ocds-pgraph-T-0901,T-0901,1,B-007,Solar street lighting - Tumakuru (Sep 2025),solar_streetlight,Solar street lighting,goods,open,2025-09-18,21,5805269.97,336,unit,336,unit,4,1,complete,A-0901,V-0093,5395083.08,2025-11-07,0,0,,0,,rotation
ocds-pgraph-T-0902,T-0902,1,B-019,Solar street lighting - Bikaner (Jan 2025),solar_streetlight,Solar street lighting,goods,open,2025-01-26,14,7168557.49,459,unit,459,unit,4,1,complete,A-0902,V-0155,7073341.94,2025-03-12,0,0,,0,,rotation
ocds-pgraph-T-0903,T-0903,1,B-019,Solar street lighting - Bikaner (Aug 2023),solar_streetlight,Solar street lighting,goods,open,2023-08-04,10,10271124.97,722,unit,722,unit,4,1,complete,A-0903,V-0061,10408390.43,2023-08-26,0,0,,0,,rotation
ocds-pgraph-T-0904,T-0904,1,B-037,Solar street lighting - New Delhi (Dec 2023),solar_streetlight,Solar street lighting,goods,open,2023-12-08,14,6265138.17,423,unit,423,unit,4,1,complete,A-0904,V-0123,6631456.15,2024-01-06,0,0,,0,,rotation
ocds-pgraph-T-0905,T-0905,1,B-027,Solar street lighting - Ganjam (Sep 2025),solar_streetlight,Solar street lighting,goods,open,2025-09-26,14,10523837.55,706,unit,706,unit,0,0,complete,A-0905,V-0093,11335007.85,2025-11-16,0,0,,0,,rotation
ocds-pgraph-T-0906,T-0906,1,B-021,Solar street lighting - Palakkad (Jul 2026),solar_streetlight,Solar street lighting,goods,open,2026-07-19,14,,69,unit,69,unit,4,1,complete,A-0906,V-0155,1284276.86,2026-09-12,0,0,,0,,rotation
ocds-pgraph-T-0907,T-0907,1,B-019,Sanitation and waste services - Bikaner (Sep 2025),sanitation_services,Sanitation and waste services,services,open,2025-09-06,21,3549693.55,23,month,23,month,5,1,complete,A-0907,V-0073,3941045.45,2025-10-27,0,0,,0,,rotation
ocds-pgraph-T-0908,T-0908,1,B-002,Sanitation and waste services - Kalaburagi (Nov 2023),sanitation_services,Sanitation and waste services,services,open,2023-11-18,5,5606895.88,33,month,33,month,5,1,complete,A-0908,V-0208,5781652.12,2024-01-02,0,0,,0,,rotation
ocds-pgraph-T-0909,T-0909,1,B-003,Sanitation and waste services - Tumakuru (Mar 2023),sanitation_services,Sanitation and waste services,services,open,2023-03-10,14,1367876.09,8,month,8,month,5,1,complete,A-0909,V-0211,1320543.5,2023-04-19,0,0,,0,,rotation
ocds-pgraph-T-0910,T-0910,1,B-003,Sanitation and waste services - Tumakuru (May 2024),sanitation_services,Sanitation and waste services,services,open,2024-05-02,21,5086737.63,26,month,26,month,5,1,complete,A-0910,V-0144,4969530.56,2024-06-30,0,0,,0,,rotation
ocds-pgraph-T-0911,T-0911,1,B-013,Sanitation and waste services - Nashik (Mar 2026),sanitation_services,Sanitation and waste services,services,open,2026-03-13,14,7051846.38,33,month,33,month,0,0,complete,A-0911,V-0111,6435829.62,2026-04-14,0,0,,0,,rotation
ocds-pgraph-T-0912,T-0912,1,B-027,Sanitation and waste services - Ganjam (Oct 2024),sanitation_services,Sanitation and waste services,services,open,2024-10-05,21,965663.53,6,month,6,month,5,1,complete,A-0912,V-0073,1078613.44,2024-11-05,0,0,,0,,rotation
ocds-pgraph-T-0913,T-0913,1,B-027,Sanitation and waste services - Ganjam (Dec 2023),sanitation_services,Sanitation and waste services,services,open,2023-12-07,30,5501843.22,31,month,31,month,5,1,complete,A-0913,V-0208,5141888.64,2024-01-28,0,0,,0,,rotation
ocds-pgraph-T-0914,T-0914,1,B-003,Sanitation and waste services - Tumakuru (Jun 2026),sanitation_services,Sanitation and waste services,services,open,2026-06-11,14,4692827.6,22,month,22,month,5,1,complete,A-0914,V-0211,4641783.26,2026-07-27,0,0,,0,,rotation
ocds-pgraph-T-0915,T-0915,1,B-013,Sanitation and waste services - Nashik (Aug 2025),sanitation_services,Sanitation and waste services,services,open,2025-08-13,30,4016060.41,20,month,20,month,5,1,complete,A-0915,V-0144,3933673.15,2025-10-05,0,0,,0,,rotation
ocds-pgraph-T-0916,T-0916,1,B-002,Sanitation and waste services - Kalaburagi (Jul 2023),sanitation_services,Sanitation and waste services,services,open,2023-07-26,21,4062733.92,23,month,23,month,5,1,complete,A-0916,V-0111,4025096.99,2023-09-16,0,0,,0,,rotation
ocds-pgraph-T-0917,T-0917,1,B-028,Sanitation and waste services - Koraput (Sep 2023),sanitation_services,Sanitation and waste services,services,open,2023-09-24,7,2916124.14,20,month,20,month,5,1,complete,A-0917,V-0073,3102533.77,2023-10-30,0,0,,0,,rotation
ocds-pgraph-T-0918,T-0918,1,B-013,Sanitation and waste services - Nashik (Dec 2023),sanitation_services,Sanitation and waste services,services,open,2023-12-16,30,,32,month,32,month,5,1,complete,A-0918,V-0208,6555176.05,2024-01-28,0,0,,0,,rotation
ocds-pgraph-T-0919,T-0919,1,B-006,Borewell drilling - Dakshina Kannada (Apr 2024),borewell_drilling,Borewell drilling,works,open,2024-04-20,14,2271840.23,1336,metre,1336,metre,4,1,complete,A-0919,V-0181,2248255.76,2024-05-20,0,0,,0,,allocation
ocds-pgraph-T-0920,T-0920,1,B-024,Borewell drilling - Kollam (Jun 2024),borewell_drilling,Borewell drilling,works,open,2024-06-27,30,1131338.12,553,metre,553,metre,4,1,complete,A-0920,V-0181,1139151.76,2024-08-30,0,0,,0,,allocation
ocds-pgraph-T-0921,T-0921,1,B-009,Borewell drilling - Solapur (Apr 2023),borewell_drilling,Borewell drilling,works,open,2023-04-04,14,3330909.1,1825,metre,1825,metre,4,1,complete,A-0921,V-0181,3093364.23,2023-05-15,0,0,,0,,allocation
ocds-pgraph-T-0922,T-0922,1,B-036,Borewell drilling - Chennai (Apr 2023),borewell_drilling,Borewell drilling,works,open,2023-04-20,30,3702844.87,2303,metre,2303,metre,4,1,complete,A-0922,V-0181,4163327.31,2023-06-15,0,0,,0,,allocation
ocds-pgraph-T-0923,T-0923,1,B-021,Borewell drilling - Palakkad (Apr 2024),borewell_drilling,Borewell drilling,works,open,2024-04-26,21,2771250.32,1490,metre,1490,metre,4,1,complete,A-0923,V-0231,2540657.56,2024-06-29,0,0,,0,,allocation
ocds-pgraph-T-0924,T-0924,1,B-018,Borewell drilling - Barmer (May 2025),borewell_drilling,Borewell drilling,works,open,2025-05-22,21,2249849.68,1374,metre,1374,metre,4,1,complete,A-0924,V-0026,2407737.16,2025-07-13,0,0,,0,,allocation
ocds-pgraph-T-0925,T-0925,1,B-029,Borewell drilling - Sambalpur (Jul 2024),borewell_drilling,Borewell drilling,works,open,2024-07-14,21,2602201.06,1581,metre,1581,metre,4,1,complete,A-0925,V-0181,2463140.36,2024-08-29,0,0,,0,,allocation
ocds-pgraph-T-0926,T-0926,1,B-029,Borewell drilling - Sambalpur (Oct 2024),borewell_drilling,Borewell drilling,works,open,2024-10-10,14,923682.95,558,metre,558,metre,4,1,complete,A-0926,V-0181,874804.31,2024-11-07,0,0,,0,,allocation
ocds-pgraph-T-0927,T-0927,1,B-008,Borewell drilling - Nagpur (Oct 2024),borewell_drilling,Borewell drilling,works,open,2024-10-02,14,5120639.53,2470,metre,2470,metre,4,1,complete,A-0927,V-0003,4797350.96,2024-11-30,0,0,,0,,allocation
ocds-pgraph-T-0928,T-0928,1,B-018,Borewell drilling - Barmer (Jan 2026),borewell_drilling,Borewell drilling,works,open,2026-01-31,14,1946823.58,1116,metre,1116,metre,4,1,complete,A-0928,V-0026,2049237.74,2026-03-25,0,0,,0,,allocation
ocds-pgraph-T-0929,T-0929,1,B-036,Borewell drilling - Chennai (Jan 2025),borewell_drilling,Borewell drilling,works,open,2025-01-21,7,,827,metre,827,metre,4,1,complete,A-0929,V-0181,1669946.59,2025-03-10,0,0,,0,,allocation
ocds-pgraph-T-0930,T-0930,1,B-035,Borewell drilling - New Delhi (Sep 2023),borewell_drilling,Borewell drilling,works,open,2023-09-01,10,2344600.01,1411,metre,1411,metre,4,1,complete,A-0930,V-0026,2359690.37,2023-10-18,0,0,,0,,allocation
ocds-pgraph-T-0931,T-0931,1,B-030,Borewell drilling - Balasore (Jul 2024),borewell_drilling,Borewell drilling,works,open,2024-07-31,7,950952.07,571,metre,571,metre,4,1,complete,A-0931,V-0231,953228.45,2024-09-08,0,0,,0,,allocation
ocds-pgraph-T-0932,T-0932,1,B-010,Borewell drilling - Amravati (Aug 2025),borewell_drilling,Borewell drilling,works,open,2025-08-29,7,1500353.37,761,metre,761,metre,4,1,complete,A-0932,V-0231,1532085.99,2025-09-15,0,0,,0,,allocation
ocds-pgraph-T-0933,T-0933,1,B-029,Borewell drilling - Sambalpur (Apr 2024),borewell_drilling,Borewell drilling,works,open,2024-04-16,14,,608,metre,608,metre,4,1,complete,A-0933,V-0231,951005.47,2024-05-13,0,0,,0,,allocation
ocds-pgraph-T-0934,T-0934,1,B-015,Borewell drilling - Alwar (Apr 2026),borewell_drilling,Borewell drilling,works,open,2026-04-15,7,840833.29,493,metre,493,metre,4,1,complete,A-0934,V-0181,854252.04,2026-05-11,0,0,,0,,allocation
ocds-pgraph-T-0935,T-0935,1,B-014,Borewell drilling - Kota (Dec 2025),borewell_drilling,Borewell drilling,works,open,2025-12-31,14,1061917.96,594,metre,594,metre,4,1,complete,A-0935,V-0231,1045202.8,2026-02-10,0,0,,0,,allocation
ocds-pgraph-T-0936,T-0936,1,B-037,Borewell drilling - New Delhi (Nov 2024),borewell_drilling,Borewell drilling,works,open,2024-11-24,6,499039.46,252,metre,252,metre,4,1,complete,A-0936,V-0231,460063.53,2025-01-04,0,0,,0,,allocation
ocds-pgraph-T-0937,T-0937,1,B-005,Manned security services - Mysuru (Apr 2025),security_services,Manned security services,services,open,2025-04-16,30,10583345.4,423,man-month,423,man-month,3,1,complete,A-0937,V-S007,9074691.54,2025-06-28,0,0,,0,,competitive
ocds-pgraph-T-0938,T-0938,1,B-005,Manned security services - Mysuru (Jan 2025),security_services,Manned security services,services,open,2025-01-29,14,10115338.93,382,man-month,382,man-month,3,1,complete,A-0938,V-S007,8459297.59,2025-03-18,0,0,,0,,competitive
ocds-pgraph-T-0939,T-0939,1,B-025,Biomedical equipment servicing - Kollam (Apr 2025),biomedical_service,Biomedical equipment servicing,services,open,2025-04-14,7,4255763.18,2,year,2,year,3,1,complete,A-0939,V-S008,3461482.24,2025-05-20,0,0,,0,,competitive
ocds-pgraph-T-0940,T-0940,1,B-025,Biomedical equipment servicing - Kollam (Nov 2025),biomedical_service,Biomedical equipment servicing,services,open,2025-11-22,10,6478660.49,3,year,3,year,3,1,complete,A-0940,V-S008,5276751.13,2025-12-31,0,0,,0,,competitive
ocds-pgraph-T-0941,T-0941,1,B-025,Biomedical equipment servicing - Kollam (Mar 2025),biomedical_service,Biomedical equipment servicing,services,open,2025-03-29,14,5978165.13,3,year,3,year,3,1,complete,A-0941,V-S008,4958759.1,2025-04-29,0,0,,0,,competitive
ocds-pgraph-T-0942,T-0942,1,B-009,Water supply pipeline works - Solapur (Apr 2026),water_pipeline,Water supply pipeline works,works,open,2026-04-07,30,285503.94,94,metre,94,metre,4,1,complete,A-0942,V-Y001,246205.51,2026-05-21,0,0,,1,Reserved for micro and small enterprises,competitive
ocds-pgraph-T-0943,T-0943,1,B-009,Water supply pipeline works - Solapur (Feb 2026),water_pipeline,Water supply pipeline works,works,open,2026-02-12,14,379865.77,119,metre,119,metre,4,1,complete,A-0943,V-Y001,284890.33,2026-03-30,0,0,,1,Reserved for micro and small enterprises,competitive
ocds-pgraph-T-0944,T-0944,1,B-013,Road resurfacing works - Nashik (May 2026),road_resurfacing,Road resurfacing works,works,open,2026-05-12,21,31532.65,124,sq.m,124,sq.m,4,1,complete,A-0944,V-Y002,25286.33,2026-07-04,0,0,,1,Reserved for micro and small enterprises,competitive
ocds-pgraph-T-0945,T-0945,1,B-013,Road resurfacing works - Nashik (Oct 2025),road_resurfacing,Road resurfacing works,works,open,2025-10-16,30,54714.39,246,sq.m,246,sq.m,4,1,complete,A-0945,V-Y002,49790.52,2025-12-04,0,0,,1,Reserved for micro and small enterprises,competitive
ocds-pgraph-T-0946,T-0946,1,B-005,Laptop and IT hardware supply - Mysuru (Sep 2025),laptops_it,Laptop and IT hardware supply,goods,open,2025-09-25,21,9562054.05,188,unit,188,unit,4,1,complete,A-0946,V-Y004,8945029.99,2025-11-26,0,0,,1,Reserved for micro and small enterprises,competitive
ocds-pgraph-T-0947,T-0947,1,B-005,Laptop and IT hardware supply - Mysuru (Feb 2026),laptops_it,Laptop and IT hardware supply,goods,open,2026-02-01,7,6199553.55,119,unit,119,unit,4,1,complete,A-0947,V-Y004,5410204.71,2026-03-11,0,0,,1,Reserved for micro and small enterprises,competitive
ocds-pgraph-T-0948,T-0948,1,B-005,Laptop and IT hardware supply - Mysuru (Jul 2026),laptops_it,Laptop and IT hardware supply,goods,open,2026-07-20,10,12614724.39,219,unit,219,unit,4,1,complete,A-0948,V-Y004,10649095.79,2026-09-13,0,0,,1,Reserved for micro and small enterprises,competitive
ocds-pgraph-T-0949,T-0949,1,B-028,Solar street lighting - Koraput (Apr 2026),solar_streetlight,Solar street lighting,goods,open,2026-04-20,14,838865.72,60,unit,60,unit,4,1,complete,A-0949,V-Y005,743248.83,2026-05-25,0,0,,1,Reserved for micro and small enterprises,competitive
ocds-pgraph-T-0950,T-0950,1,B-007,Solar street lighting - Tumakuru (Jan 2026),solar_streetlight,Solar street lighting,goods,open,2026-01-16,14,3794427.75,245,unit,245,unit,4,1,complete,A-0950,V-Y006,3376674.63,2026-03-10,0,0,,1,Reserved for micro and small enterprises,competitive
ocds-pgraph-T-0951,T-0951,1,B-007,Solar street lighting - Tumakuru (May 2026),solar_streetlight,Solar street lighting,goods,open,2026-05-29,30,3193999.05,190,unit,190,unit,0,0,complete,A-0951,V-Y006,3125754.71,2026-07-25,0,0,,1,Reserved for micro and small enterprises,competitive
ocds-pgraph-T-0952,T-0952,1,B-007,Solar street lighting - Tumakuru (Sep 2025),solar_streetlight,Solar street lighting,goods,open,2025-09-13,7,4605499.9,292,unit,292,unit,4,1,complete,A-0952,V-Y006,4161386.1,2025-10-12,0,0,,1,Reserved for micro and small enterprises,competitive
ocds-pgraph-T-0953,T-0953,1,B-003,Sanitation and waste services - Tumakuru (Mar 2026),sanitation_services,Sanitation and waste services,services,open,2026-03-17,10,,268,month,268,month,4,1,complete,A-0953,V-Y008,42400238.24,2026-04-28,0,0,,1,Reserved for micro and small enterprises,competitive
ocds-pgraph-T-0954,T-0954,1,B-003,Sanitation and waste services - Tumakuru (Mar 2026),sanitation_services,Sanitation and waste services,services,open,2026-03-11,30,41356701.1,217,month,217,month,4,1,complete,A-0954,V-Y008,31851991.0,2026-04-26,0,0,,1,Reserved for micro and small enterprises,competitive
ocds-pgraph-T-0955,T-0955,1,B-033,Building construction works - Koraput (Dec 2025),building_construction,Building construction works,works,open,2025-12-09,21,2915115.08,1484,sq.m,1484,sq.m,4,1,complete,A-0955,V-SPV01,2824546.28,2026-01-26,0,0,,0,Declared special purpose vehicle for the project,competitive
ocds-pgraph-T-0956,T-0956,1,B-033,Building construction works - Koraput (Jun 2025),building_construction,Building construction works,works,open,2025-06-20,7,1936171.67,991,sq.m,991,sq.m,4,1,complete,A-0956,V-SPV01,1640626.53,2025-07-21,0,0,,0,Declared special purpose vehicle for the project,competitive
ocds-pgraph-T-0957,T-0957,1,B-003,Sanitation and waste services - Tumakuru (Feb 2026),sanitation_services,Sanitation and waste services,services,limited,2026-02-24,10,1274670.46,6,month,6,month,1,1,complete,A-0957,V-0128,1367610.46,2026-04-16,0,0,,0,,single
ocds-pgraph-T-0958,T-0958,1,B-003,Sanitation and waste services - Tumakuru (Mar 2026),sanitation_services,Sanitation and waste services,services,limited,2026-03-06,14,1370378.62,7,month,7,month,1,1,complete,A-0958,V-0128,1376751.35,2026-04-11,0,0,,0,,single
ocds-pgraph-T-0959,T-0959,1,B-003,Sanitation and waste services - Tumakuru (Mar 2026),sanitation_services,Sanitation and waste services,services,limited,2026-03-22,14,1562390.05,7,month,7,month,1,1,complete,A-0959,V-0128,1593756.11,2026-04-15,0,0,,0,,single
ocds-pgraph-T-0960,T-0960,1,B-003,Sanitation and waste services - Tumakuru (Mar 2026),sanitation_services,Sanitation and waste services,services,limited,2026-03-29,21,1508540.56,7,month,7,month,1,1,complete,A-0960,V-0128,1675577.21,2026-05-11,0,0,,0,,single
ocds-pgraph-T-0961,T-0961,1,B-012,Biomedical equipment servicing - Amravati (Jul 2024),biomedical_service,Biomedical equipment servicing,services,limited,2024-07-02,30,1859712.58,1,year,1,year,1,1,complete,A-0961,V-0075,2064087.62,2024-08-31,0,0,,0,,single
ocds-pgraph-T-0962,T-0962,1,B-012,Biomedical equipment servicing - Amravati (Jul 2024),biomedical_service,Biomedical equipment servicing,services,limited,2024-07-15,14,1823794.86,1,year,1,year,1,1,complete,A-0962,V-0075,1952615.48,2024-08-29,0,0,,0,,single
ocds-pgraph-T-0963,T-0963,1,B-012,Biomedical equipment servicing - Amravati (Jul 2024),biomedical_service,Biomedical equipment servicing,services,limited,2024-07-18,21,1846598.6,1,year,1,year,1,1,complete,A-0963,V-0075,1859835.73,2024-09-21,0,0,,0,,single
ocds-pgraph-T-0964,T-0964,1,B-012,Biomedical equipment servicing - Amravati (Aug 2024),biomedical_service,Biomedical equipment servicing,services,limited,2024-08-01,30,1980519.26,1,year,1,year,1,1,complete,A-0964,V-0075,2195455.92,2024-10-11,0,0,,0,,single
ocds-pgraph-T-0965,T-0965,1,B-012,Biomedical equipment servicing - Amravati (Aug 2024),biomedical_service,Biomedical equipment servicing,services,limited,2024-08-31,7,1833732.13,1,year,1,year,1,1,complete,A-0965,V-0075,1900000.58,2024-09-20,0,0,,0,,single
ocds-pgraph-T-0966,T-0966,1,B-029,Borewell drilling - Sambalpur (Apr 2025),borewell_drilling,Borewell drilling,works,limited,2025-04-09,7,4415489.93,2457,metre,2457,metre,1,1,complete,A-0966,V-0005,4547828.3,2025-05-04,0,0,,0,,single
ocds-pgraph-T-0967,T-0967,1,B-029,Borewell drilling - Sambalpur (Apr 2025),borewell_drilling,Borewell drilling,works,limited,2025-04-20,14,3643935.12,2331,metre,2331,metre,1,1,complete,A-0967,V-0005,3893295.46,2025-06-15,0,0,,0,,single
ocds-pgraph-T-0968,T-0968,1,B-029,Borewell drilling - Sambalpur (May 2025),borewell_drilling,Borewell drilling,works,limited,2025-05-13,14,3613979.45,2379,metre,2379,metre,1,1,complete,A-0968,V-0005,3740776.39,2025-06-22,0,0,,0,,single
ocds-pgraph-T-0969,T-0969,1,B-029,Borewell drilling - Sambalpur (May 2025),borewell_drilling,Borewell drilling,works,limited,2025-05-15,21,3598359.92,2289,metre,2289,metre,1,1,complete,A-0969,V-0005,3733463.61,2025-07-09,0,0,,0,,single
ocds-pgraph-T-0970,T-0970,1,B-029,Borewell drilling - Sambalpur (May 2025),borewell_drilling,Borewell drilling,works,limited,2025-05-23,14,4157505.27,2471,metre,2471,metre,1,1,complete,A-0970,V-0005,4373432.29,2025-07-11,0,0,,0,,single
ocds-pgraph-T-0971,T-0971,1,B-013,Solar street lighting - Nashik (Aug 2025),solar_streetlight,Solar street lighting,goods,limited,2025-08-10,10,1014857.99,56,unit,56,unit,1,1,complete,A-0971,V-0155,1025695.19,2025-09-27,0,0,,0,,single
ocds-pgraph-T-0972,T-0972,1,B-013,Solar street lighting - Nashik (Aug 2025),solar_streetlight,Solar street lighting,goods,limited,2025-08-25,10,989261.65,58,unit,58,unit,1,1,complete,A-0972,V-0155,1082659.01,2025-10-03,0,0,,0,,single
ocds-pgraph-T-0973,T-0973,1,B-013,Solar street lighting - Nashik (Sep 2025),solar_streetlight,Solar street lighting,goods,limited,2025-09-05,21,997083.82,53,unit,53,unit,1,1,complete,A-0973,V-0155,1051254.35,2025-10-22,0,0,,0,,single
ocds-pgraph-T-0974,T-0974,1,B-013,Solar street lighting - Nashik (Oct 2025),solar_streetlight,Solar street lighting,goods,limited,2025-10-03,10,957565.02,54,unit,54,unit,1,1,complete,A-0974,V-0155,991909.91,2025-11-18,0,0,,0,,single
ocds-pgraph-T-0975,T-0975,1,B-013,Solar street lighting - Nashik (Sep 2025),solar_streetlight,Solar street lighting,goods,limited,2025-09-19,7,838161.97,51,unit,51,unit,1,1,complete,A-0975,V-0155,929792.78,2025-10-31,0,0,,0,,single
ocds-pgraph-T-0976,T-0976,1,B-012,Biomedical equipment servicing - Amravati (Nov 2022),biomedical_service,Biomedical equipment servicing,services,direct,2022-11-01,14,4902903.57,3,year,3,year,1,1,complete,A-0976,V-0038,5326919.41,2022-12-17,0,1,,0,Proprietary article certificate on record (OEM-authorised service),single
ocds-pgraph-T-0977,T-0977,1,B-012,Biomedical equipment servicing - Amravati (Oct 2023),biomedical_service,Biomedical equipment servicing,services,direct,2023-10-17,7,8142097.29,5,year,5,year,1,1,complete,A-0977,V-0038,8021162.3,2023-11-12,0,1,,0,Proprietary article certificate on record (OEM-authorised service),single
ocds-pgraph-T-0978,T-0978,1,B-012,Biomedical equipment servicing - Amravati (Oct 2024),biomedical_service,Biomedical equipment servicing,services,direct,2024-10-01,14,1825448.32,1,year,1,year,1,1,complete,A-0978,V-0038,1903823.65,2024-11-04,0,1,,0,Proprietary article certificate on record (OEM-authorised service),single
ocds-pgraph-T-0979,T-0979,1,B-012,Biomedical equipment servicing - Amravati (Sep 2025),biomedical_service,Biomedical equipment servicing,services,direct,2025-09-16,14,,1,year,1,year,1,1,complete,A-0979,V-0038,1902594.2,2025-10-30,0,1,,0,Proprietary article certificate on record (OEM-authorised service),single
ocds-pgraph-T-0980,T-0980,1,B-025,Generic drug supply - Kollam (Aug 2025),drugs_generic,Generic drug supply,goods,limited,2025-08-01,21,,697423,strip,697423,strip,2,1,complete,A-0980,V-0028,24065698.84,2025-09-03,1,0,,0,"Declared flood emergency, Palakkad, Jul-Sep 2025",competitive
ocds-pgraph-T-0981,T-0981,1,B-025,Generic drug supply - Kollam (Aug 2025),drugs_generic,Generic drug supply,goods,limited,2025-08-06,14,13976256.15,377884,strip,377884,strip,3,1,complete,A-0981,V-S010,12752948.84,2025-09-18,1,0,,0,"Declared flood emergency, Palakkad, Jul-Sep 2025",competitive
ocds-pgraph-T-0982,T-0982,1,B-025,Medical consumables supply - Kollam (Sep 2025),medical_supplies,Medical consumables supply,goods,limited,2025-09-10,14,19656855.84,24064,unit,24064,unit,2,1,complete,A-0982,V-0026,21080563.49,2025-11-07,1,0,,0,"Declared flood emergency, Palakkad, Jul-Sep 2025",competitive
ocds-pgraph-T-0983,T-0983,1,B-025,Ambulance procurement - Kollam (Aug 2025),ambulance_vehicle,Ambulance procurement,goods,limited,2025-08-18,14,99704094.97,30,unit,30,unit,2,1,complete,A-0983,V-0138,92372451.69,2025-10-04,1,0,,0,"Declared flood emergency, Palakkad, Jul-Sep 2025",competitive
ocds-pgraph-T-0984,T-0984,1,B-026,Laptop and IT hardware supply - Sambalpur (Oct 2024),laptops_it,Laptop and IT hardware supply,goods,framework_call_off,2024-10-04,21,2904512.8,68,unit,68,unit,1,1,complete,A-0984,V-0217,3181803.4,2024-11-17,0,0,FW-ITHW-2024/07,0,Call-off against rate framework FW-ITHW-2024/07,single
ocds-pgraph-T-0985,T-0985,1,B-026,Laptop and IT hardware supply - Sambalpur (Mar 2025),laptops_it,Laptop and IT hardware supply,goods,framework_call_off,2025-03-21,21,22751009.6,488,unit,488,unit,1,1,complete,A-0985,V-0217,23757756.98,2025-05-13,0,0,FW-ITHW-2024/07,0,Call-off against rate framework FW-ITHW-2024/07,single
ocds-pgraph-T-0986,T-0986,1,B-026,Laptop and IT hardware supply - Sambalpur (Jan 2025),laptops_it,Laptop and IT hardware supply,goods,framework_call_off,2025-01-10,21,13473657.94,286,unit,286,unit,1,1,complete,A-0986,V-0217,14066836.74,2025-03-16,0,0,FW-ITHW-2024/07,0,Call-off against rate framework FW-ITHW-2024/07,single
ocds-pgraph-T-0987,T-0987,1,B-026,Laptop and IT hardware supply - Sambalpur (Aug 2025),laptops_it,Laptop and IT hardware supply,goods,framework_call_off,2025-08-02,10,25244453.88,550,unit,550,unit,1,1,complete,A-0987,V-0217,26623063.14,2025-09-08,0,0,FW-ITHW-2024/07,0,Call-off against rate framework FW-ITHW-2024/07,single
ocds-pgraph-T-0988,T-0988,1,B-026,Laptop and IT hardware supply - Sambalpur (Aug 2024),laptops_it,Laptop and IT hardware supply,goods,framework_call_off,2024-08-19,7,,152,unit,152,unit,1,1,complete,A-0988,V-0217,6673882.85,2024-09-23,0,0,FW-ITHW-2024/07,0,Call-off against rate framework FW-ITHW-2024/07,single
ocds-pgraph-T-0989,T-0989,1,B-026,Laptop and IT hardware supply - Sambalpur (Jul 2026),laptops_it,Laptop and IT hardware supply,goods,framework_call_off,2026-07-28,21,5169756.42,108,unit,108,unit,1,1,complete,A-0989,V-0217,5774481.08,2026-09-21,0,0,FW-ITHW-2024/07,0,Call-off against rate framework FW-ITHW-2024/07,single
ocds-pgraph-T-0990,T-0990,1,B-005,Manned security services - Mysuru (Feb 2024),security_services,Manned security services,services,open,2024-02-06,14,7415503.52,295,man-month,295,man-month,2,1,complete,A-0990,V-0140,10699390.21,2024-03-01,0,0,,0,,competitive
ocds-pgraph-T-0991,T-0991,1,B-004,Manned security services - Belagavi (Jun 2024),security_services,Manned security services,services,open,2024-06-20,30,688085.89,29,man-month,29,man-month,4,1,complete,A-0991,V-0069,1093940.68,2024-08-03,0,0,,0,,competitive
ocds-pgraph-T-0992,T-0992,1,B-016,Ambulance procurement - Kota (Feb 2025),ambulance_vehicle,Ambulance procurement,goods,open,2025-02-15,30,8635850.84,4,unit,4,unit,2,1,complete,A-0992,V-0219,15519578.56,2025-03-28,0,0,,0,,competitive
ocds-pgraph-T-0993,T-0993,1,B-024,Building construction works - Kollam (Jul 2024),building_construction,Building construction works,works,open,2024-07-01,30,3375275.91,1485,sq.m,1485,sq.m,2,1,complete,A-0993,V-0099,5114214.79,2024-08-14,0,0,,0,,competitive
ocds-pgraph-T-0994,T-0994,1,B-036,Water supply pipeline works - Chennai (Apr 2026),water_pipeline,Water supply pipeline works,works,open,2026-04-22,14,2345493.09,839,metre,839,metre,2,1,complete,A-0994,V-0187,4682132.06,2026-06-12,0,0,,0,,competitive
ocds-pgraph-T-0995,T-0995,1,B-035,Borewell drilling - New Delhi (Feb 2025),borewell_drilling,Borewell drilling,works,open,2025-02-12,14,665890.93,312,metre,312,metre,4,1,complete,A-0995,V-0119,807898.96,2025-03-12,0,0,,0,,competitive
ocds-pgraph-T-0996,T-0996,1,B-012,Generic drug supply - Amravati (Sep 2024),drugs_generic,Generic drug supply,goods,open,2024-09-13,14,10302075.05,334836,strip,334836,strip,2,1,complete,A-0996,V-0021,13008896.43,2024-10-25,0,0,,0,,competitive
ocds-pgraph-T-0997,T-0997,1,B-024,Building construction works - Kollam (Jul 2025),building_construction,Building construction works,works,open,2025-07-18,14,1137900.65,565,sq.m,565,sq.m,2,1,complete,A-0997,V-S004,2056908.35,2025-08-15,0,0,,0,,competitive
ocds-pgraph-T-0998,T-0998,1,B-026,Laptop and IT hardware supply - Sambalpur (Aug 2023),laptops_it,Laptop and IT hardware supply,goods,open,2023-08-26,30,23761180.59,591,unit,591,unit,2,1,complete,A-0998,V-0168,37578726.47,2023-10-28,0,0,,0,,competitive
ocds-pgraph-T-0999,T-0999,1,B-006,Borewell drilling - Dakshina Kannada (Mar 2025),borewell_drilling,Borewell drilling,works,open,2025-03-12,7,2006426.27,1137,metre,1137,metre,3,1,complete,A-0999,V-0181,3397279.25,2025-04-16,0,0,,0,,competitive
ocds-pgraph-T-1000,T-1000,1,B-030,Road resurfacing works - Balasore (Nov 2024),road_resurfacing,Road resurfacing works,works,open,2024-11-07,21,8278812.11,46145,sq.m,46145,sq.m,3,1,complete,A-1000,V-0190,14368033.52,2024-12-29,0,0,,0,,competitive
ocds-pgraph-T-1001,T-1001,1,B-033,Ambulance procurement - Koraput (May 2024),ambulance_vehicle,Ambulance procurement,goods,open,2024-05-21,7,,18,unit,18,unit,3,1,complete,A-1001,V-0072,56796738.55,2024-06-16,0,0,,0,,competitive
ocds-pgraph-T-1002,T-1002,1,B-004,Manned security services - Belagavi (Mar 2024),security_services,Manned security services,services,open,2024-03-15,14,5486258.41,232,man-month,232,man-month,0,0,complete,A-1002,V-0069,10599899.99,2024-04-18,0,0,,0,,competitive
ocds-pgraph-T-1003,T-1003,1,B-025,Biomedical equipment servicing - Kollam (Jul 2025),biomedical_service,Biomedical equipment servicing,services,open,2025-07-19,7,1766875.37,1,year,1,year,4,1,complete,A-1003,V-S005,2929739.4,2025-08-18,0,0,,0,,competitive
